instance_id,onnx,vnnlib,timeout,result,lb_minus_rhs,domains_visited,bab_time,all_time,init_unstable
501,onnx/vgg16-7.onnx,vnnlib/n01877812_wallaby_fix_nonmask_seg0_k50176_eps_0.0002.vnnlib,1200,sat True,,,,82.58995342254639,0
502,onnx/vgg16-7.onnx,vnnlib/n01877812_wallaby_global_k50176_eps_0.0003.vnnlib,1200,sat True,,,,57.21223044395447,0
503,onnx/vgg16-7.onnx,vnnlib/n01877812_wallaby_fix_mask_seg0_k50176_eps_0.0003.vnnlib,1200,sat True,,,,54.75566029548645,0
504,onnx/vgg16-7.onnx,vnnlib/n01877812_wallaby_fix_nonmask_seg0_k50176_eps_0.0003.vnnlib,1200,sat True,,,,51.50918173789978,0
505,onnx/vgg16-7.onnx,vnnlib/n01882714_koala_global_k50176_eps_0.0002.vnnlib,1200,sat True,,,,50.78585505485535,0
506,onnx/vgg16-7.onnx,vnnlib/n01882714_koala_fix_mask_seg0_k50176_eps_0.0002.vnnlib,1200,sat True,,,,50.66401219367981,0
507,onnx/vgg16-7.onnx,vnnlib/n01882714_koala_fix_nonmask_seg0_k50176_eps_0.0002.vnnlib,1200,sat True,,,,44.68370032310486,0
508,onnx/vgg16-7.onnx,vnnlib/n01882714_koala_global_k50176_eps_0.0003.vnnlib,1200,sat True,,,,40.42317318916321,0
509,onnx/vgg16-7.onnx,vnnlib/n01882714_koala_fix_mask_seg0_k50176_eps_0.0003.vnnlib,1200,sat True,,,,42.79212498664856,0
510,onnx/vgg16-7.onnx,vnnlib/n01882714_koala_fix_nonmask_seg0_k50176_eps_0.0003.vnnlib,1200,sat True,,,,41.61430621147156,0
511,onnx/vgg16-7.onnx,vnnlib/n01883070_wombat_global_k50176_eps_0.0002.vnnlib,1200,sat True,,,,48.152750730514526,0
512,onnx/vgg16-7.onnx,vnnlib/n01883070_wombat_fix_mask_seg0_k50176_eps_0.0002.vnnlib,1200,sat True,,,,53.877400398254395,0
513,onnx/vgg16-7.onnx,vnnlib/n01883070_wombat_fix_nonmask_seg0_k50176_eps_0.0002.vnnlib,1200,sat True,,,,51.77086281776428,0
514,onnx/vgg16-7.onnx,vnnlib/n01883070_wombat_global_k50176_eps_0.0003.vnnlib,1200,sat True,,,,46.4194552898407,0
515,onnx/vgg16-7.onnx,vnnlib/n01883070_wombat_fix_mask_seg0_k50176_eps_0.0003.vnnlib,1200,sat True,,,,39.61165952682495,0
516,onnx/vgg16-7.onnx,vnnlib/n01883070_wombat_fix_nonmask_seg0_k50176_eps_0.0003.vnnlib,1200,sat True,,,,39.300764083862305,0
517,onnx/vgg16-7.onnx,vnnlib/n01914609_sea_anemone_global_k50176_eps_0.0002.vnnlib,1200,timeout False,-3992525056.0,3,5595.486271381378,5643.9450006484985,0
518,onnx/vgg16-7.onnx,vnnlib/n01914609_sea_anemone_fix_mask_seg0_k50176_eps_0.0002.vnnlib,1200,timeout False,-6843.4033203125,3,3160.593263864517,3209.3300125598907,0
519,onnx/vgg16-7.onnx,vnnlib/n01914609_sea_anemone_fix_nonmask_seg0_k50176_eps_0.0002.vnnlib,1200,timeout False,-105495024.0,3,4967.14364528656,5015.308722734451,0
520,onnx/vgg16-7.onnx,vnnlib/n01914609_sea_anemone_global_k50176_eps_0.0003.vnnlib,1200,timeout False,-118822420480.0,3,5803.796520471573,5847.88668012619,0
521,onnx/vgg16-7.onnx,vnnlib/n01914609_sea_anemone_fix_mask_seg0_k50176_eps_0.0003.vnnlib,1200,timeout False,-1534525.0,3,4357.944303750992,4407.521130561829,0
522,onnx/vgg16-7.onnx,vnnlib/n01914609_sea_anemone_fix_nonmask_seg0_k50176_eps_0.0003.vnnlib,1200,timeout False,-8372007424.0,3,5244.729026317596,5288.4969317913055,0
523,onnx/vgg16-7.onnx,vnnlib/n01917289_brain_coral_global_k50176_eps_0.0002.vnnlib,1200,sat True,,,,37.23650622367859,0
524,onnx/vgg16-7.onnx,vnnlib/n01917289_brain_coral_fix_mask_seg0_k50176_eps_0.0002.vnnlib,1200,sat True,,,,35.88069558143616,0
525,onnx/vgg16-7.onnx,vnnlib/n01917289_brain_coral_fix_nonmask_seg0_k50176_eps_0.0002.vnnlib,1200,sat True,,,,37.807124376297,0
526,onnx/vgg16-7.onnx,vnnlib/n01917289_brain_coral_global_k50176_eps_0.0003.vnnlib,1200,sat True,,,,38.36256456375122,0
527,onnx/vgg16-7.onnx,vnnlib/n01917289_brain_coral_fix_mask_seg0_k50176_eps_0.0003.vnnlib,1200,sat True,,,,35.80351138114929,0
528,onnx/vgg16-7.onnx,vnnlib/n01917289_brain_coral_fix_nonmask_seg0_k50176_eps_0.0003.vnnlib,1200,sat True,,,,36.410380601882935,0
529,onnx/vgg16-7.onnx,vnnlib/n01924916_flatworm_global_k50176_eps_0.0002.vnnlib,1200,timeout False,-86717.9609375,3,3729.545590162277,3773.8556394577026,0
530,onnx/vgg16-7.onnx,vnnlib/n01924916_flatworm_fix_mask_seg0_k50176_eps_0.0002.vnnlib,1200,unsat False,0.582410454750061,0,619.489904165268,665.186910867691,0
531,onnx/vgg16-7.onnx,vnnlib/n01924916_flatworm_fix_nonmask_seg0_k50176_eps_0.0002.vnnlib,1200,timeout False,-15671.9716796875,3,3215.055248975754,3258.696811914444,0
532,onnx/vgg16-7.onnx,vnnlib/n01924916_flatworm_global_k50176_eps_0.0003.vnnlib,1200,timeout False,-7724783.5,3,4284.729381322861,4329.922838926315,0
533,onnx/vgg16-7.onnx,vnnlib/n01924916_flatworm_fix_mask_seg0_k50176_eps_0.0003.vnnlib,1200,unsat False,0.5533881783485413,0,645.1091821193695,691.4350981712341,0
534,onnx/vgg16-7.onnx,vnnlib/n01924916_flatworm_fix_nonmask_seg0_k50176_eps_0.0003.vnnlib,1200,timeout False,-2186031.25,3,4094.446131706238,4139.274852752686,0
535,onnx/vgg16-7.onnx,vnnlib/n01930112_nematode_global_k50176_eps_0.0002.vnnlib,1200,sat True,,,,40.28952932357788,0
536,onnx/vgg16-7.onnx,vnnlib/n01930112_nematode_fix_mask_seg0_k50176_eps_0.0002.vnnlib,1200,sat False,-inf,None,1.1323518753051758,39.254732608795166,0
537,onnx/vgg16-7.onnx,vnnlib/n01930112_nematode_fix_nonmask_seg0_k50176_eps_0.0002.vnnlib,1200,sat True,,,,38.62796998023987,0
538,onnx/vgg16-7.onnx,vnnlib/n01930112_nematode_global_k50176_eps_0.0003.vnnlib,1200,sat True,,,,40.83740568161011,0
539,onnx/vgg16-7.onnx,vnnlib/n01930112_nematode_fix_mask_seg0_k50176_eps_0.0003.vnnlib,1200,sat False,-inf,None,0.9103620052337646,37.80763292312622,0
540,onnx/vgg16-7.onnx,vnnlib/n01930112_nematode_fix_nonmask_seg0_k50176_eps_0.0003.vnnlib,1200,sat True,,,,40.43485760688782,0
541,onnx/vgg16-7.onnx,vnnlib/n01943899_conch_global_k50176_eps_0.0002.vnnlib,1200,timeout False,-75738.7578125,3,3193.6125729084015,3240.596271753311,0
542,onnx/vgg16-7.onnx,vnnlib/n01943899_conch_fix_mask_seg0_k50176_eps_0.0002.vnnlib,1200,unsat False,1.2722631692886353,0,547.7663660049438,593.1585619449615,0
543,onnx/vgg16-7.onnx,vnnlib/n01943899_conch_fix_nonmask_seg0_k50176_eps_0.0002.vnnlib,1200,timeout False,-13170.978515625,3,3046.18257021904,3093.8884234428406,0
544,onnx/vgg16-7.onnx,vnnlib/n01943899_conch_global_k50176_eps_0.0003.vnnlib,1200,timeout False,-9456412.0,3,4358.261605262756,4410.2226667404175,0
545,onnx/vgg16-7.onnx,vnnlib/n01943899_conch_fix_mask_seg0_k50176_eps_0.0003.vnnlib,1200,unsat False,1.249287724494934,0,626.0214560031891,673.5175528526306,0
546,onnx/vgg16-7.onnx,vnnlib/n01943899_conch_fix_nonmask_seg0_k50176_eps_0.0003.vnnlib,1200,timeout False,-2473583.0,3,4109.147920846939,4165.947871923447,0
547,onnx/vgg16-7.onnx,vnnlib/n01944390_snail_global_k50176_eps_0.0002.vnnlib,1200,timeout False,-28610.279296875,3,3903.184108018875,3955.5105431079865,0
548,onnx/vgg16-7.onnx,vnnlib/n01944390_snail_fix_mask_seg0_k50176_eps_0.0002.vnnlib,1200,unsat False,1.6333239078521729,0,650.829496383667,708.1105654239655,0
549,onnx/vgg16-7.onnx,vnnlib/n01944390_snail_fix_nonmask_seg0_k50176_eps_0.0002.vnnlib,1200,timeout False,-8019.134765625,3,3537.122993707657,3589.028837442398,0
550,onnx/vgg16-7.onnx,vnnlib/n01944390_snail_global_k50176_eps_0.0003.vnnlib,1200,timeout False,-6029957.5,3,4637.39430308342,4688.336756944656,0
551,onnx/vgg16-7.onnx,vnnlib/n01944390_snail_fix_mask_seg0_k50176_eps_0.0003.vnnlib,1200,unsat False,1.6170369386672974,0,666.6838483810425,712.6729350090027,0
552,onnx/vgg16-7.onnx,vnnlib/n01944390_snail_fix_nonmask_seg0_k50176_eps_0.0003.vnnlib,1200,timeout False,-2914917.75,3,4720.536394119263,4766.421346187592,0
553,onnx/vgg16-7.onnx,vnnlib/n01945685_slug_global_k50176_eps_0.0002.vnnlib,1200,sat True,,,,36.89335608482361,0
554,onnx/vgg16-7.onnx,vnnlib/n01945685_slug_fix_mask_seg0_k50176_eps_0.0002.vnnlib,1200,sat True,,,,39.01932907104492,0
555,onnx/vgg16-7.onnx,vnnlib/n01945685_slug_fix_nonmask_seg0_k50176_eps_0.0002.vnnlib,1200,sat True,,,,37.91183948516846,0
556,onnx/vgg16-7.onnx,vnnlib/n01945685_slug_global_k50176_eps_0.0003.vnnlib,1200,sat True,,,,36.315568685531616,0
557,onnx/vgg16-7.onnx,vnnlib/n01945685_slug_fix_mask_seg0_k50176_eps_0.0003.vnnlib,1200,sat True,,,,38.08121585845947,0
558,onnx/vgg16-7.onnx,vnnlib/n01945685_slug_fix_nonmask_seg0_k50176_eps_0.0003.vnnlib,1200,sat True,,,,38.99174976348877,0
559,onnx/vgg16-7.onnx,vnnlib/n01950731_sea_slug_global_k50176_eps_0.0002.vnnlib,1200,sat True,,,,35.87763500213623,0
560,onnx/vgg16-7.onnx,vnnlib/n01950731_sea_slug_fix_mask_seg0_k50176_eps_0.0002.vnnlib,1200,sat True,,,,38.375961780548096,0
561,onnx/vgg16-7.onnx,vnnlib/n01950731_sea_slug_fix_nonmask_seg0_k50176_eps_0.0002.vnnlib,1200,sat True,,,,37.364457845687866,0
562,onnx/vgg16-7.onnx,vnnlib/n01950731_sea_slug_global_k50176_eps_0.0003.vnnlib,1200,sat True,,,,37.296385288238525,0
563,onnx/vgg16-7.onnx,vnnlib/n01950731_sea_slug_fix_mask_seg0_k50176_eps_0.0003.vnnlib,1200,sat True,,,,38.73633670806885,0
564,onnx/vgg16-7.onnx,vnnlib/n01950731_sea_slug_fix_nonmask_seg0_k50176_eps_0.0003.vnnlib,1200,sat True,,,,37.41663670539856,0
565,onnx/vgg16-7.onnx,vnnlib/n01955084_chiton_global_k50176_eps_0.0002.vnnlib,1200,timeout False,-1405613.625,3,4652.184966802597,4697.9929785728455,0
566,onnx/vgg16-7.onnx,vnnlib/n01955084_chiton_fix_mask_seg0_k50176_eps_0.0002.vnnlib,1200,unsat False,0.6068698763847351,0,684.2045590877533,729.3449757099152,0
567,onnx/vgg16-7.onnx,vnnlib/n01955084_chiton_fix_nonmask_seg0_k50176_eps_0.0002.vnnlib,1200,timeout False,-718091.8125,3,4447.736071586609,4489.426463842392,0
568,onnx/vgg16-7.onnx,vnnlib/n01955084_chiton_global_k50176_eps_0.0003.vnnlib,1200,timeout False,-81891904.0,3,5124.927904129028,5170.978002071381,0
569,onnx/vgg16-7.onnx,vnnlib/n01955084_chiton_fix_mask_seg0_k50176_eps_0.0003.vnnlib,1200,unsat False,0.5625921487808228,0,679.5165112018585,724.2078776359558,0
570,onnx/vgg16-7.onnx,vnnlib/n01955084_chiton_fix_nonmask_seg0_k50176_eps_0.0003.vnnlib,1200,timeout False,-41939232.0,3,4935.085062503815,4981.417949438095,0
571,onnx/vgg16-7.onnx,vnnlib/n01968897_chambered_nautilus_global_k50176_eps_0.0002.vnnlib,1200,sat True,,,,37.33899188041687,0
572,onnx/vgg16-7.onnx,vnnlib/n01968897_chambered_nautilus_fix_mask_seg0_k50176_eps_0.0002.vnnlib,1200,sat True,,,,42.542917251586914,0
573,onnx/vgg16-7.onnx,vnnlib/n01968897_chambered_nautilus_fix_nonmask_seg0_k50176_eps_0.0002.vnnlib,1200,sat True,,,,38.657763957977295,0
574,onnx/vgg16-7.onnx,vnnlib/n01968897_chambered_nautilus_global_k50176_eps_0.0003.vnnlib,1200,sat True,,,,37.37770986557007,0
575,onnx/vgg16-7.onnx,vnnlib/n01968897_chambered_nautilus_fix_mask_seg0_k50176_eps_0.0003.vnnlib,1200,sat True,,,,36.81030988693237,0
576,onnx/vgg16-7.onnx,vnnlib/n01968897_chambered_nautilus_fix_nonmask_seg0_k50176_eps_0.0003.vnnlib,1200,sat True,,,,35.83643436431885,0
577,onnx/vgg16-7.onnx,vnnlib/n01978455_rock_crab_global_k50176_eps_0.0002.vnnlib,1200,timeout False,-1069298.5,3,3631.6818408966064,3698.0888619422913,0
578,onnx/vgg16-7.onnx,vnnlib/n01978455_rock_crab_fix_mask_seg0_k50176_eps_0.0002.vnnlib,1200,unsat False,0.1335914134979248,0,528.6407024860382,570.2508156299591,0
579,onnx/vgg16-7.onnx,vnnlib/n01978455_rock_crab_fix_nonmask_seg0_k50176_eps_0.0002.vnnlib,1200,timeout False,-886808.125,3,3596.5661289691925,3646.581612110138,0
580,onnx/vgg16-7.onnx,vnnlib/n01978455_rock_crab_global_k50176_eps_0.0003.vnnlib,1200,timeout False,-129950240.0,3,4302.465492248535,4353.530291080475,0
581,onnx/vgg16-7.onnx,vnnlib/n01978455_rock_crab_fix_mask_seg0_k50176_eps_0.0003.vnnlib,1200,unsat False,0.13262970745563507,0,540.6107008457184,578.953460931778,0
582,onnx/vgg16-7.onnx,vnnlib/n01978455_rock_crab_fix_nonmask_seg0_k50176_eps_0.0003.vnnlib,1200,timeout False,-110359896.0,3,4278.361880779266,4325.075474262238,0
583,onnx/vgg16-7.onnx,vnnlib/n01980166_fiddler_crab_global_k50176_eps_0.0002.vnnlib,1200,timeout False,-658166.1875,3,4088.7239038944244,4135.852625846863,0
584,onnx/vgg16-7.onnx,vnnlib/n01980166_fiddler_crab_fix_mask_seg0_k50176_eps_0.0002.vnnlib,1200,unsat False,0.1392524689435959,0,662.3940799236298,708.6666252613068,0
585,onnx/vgg16-7.onnx,vnnlib/n01980166_fiddler_crab_fix_nonmask_seg0_k50176_eps_0.0002.vnnlib,1200,timeout False,-51970.03125,3,3676.615812778473,3720.9728384017944,0
586,onnx/vgg16-7.onnx,vnnlib/n01980166_fiddler_crab_global_k50176_eps_0.0003.vnnlib,1200,timeout False,-87019824.0,3,4519.226813554764,4567.148441314697,0
587,onnx/vgg16-7.onnx,vnnlib/n01980166_fiddler_crab_fix_mask_seg0_k50176_eps_0.0003.vnnlib,1200,timeout False,-0.2320484071969986,3,2117.3948011398315,2164.3016884326935,0
588,onnx/vgg16-7.onnx,vnnlib/n01980166_fiddler_crab_fix_nonmask_seg0_k50176_eps_0.0003.vnnlib,1200,timeout False,-13690198.0,3,4268.065811872482,4314.651403427124,0
589,onnx/vgg16-7.onnx,vnnlib/n01981276_king_crab_global_k50176_eps_0.0002.vnnlib,1200,sat True,,,,39.13583970069885,0
590,onnx/vgg16-7.onnx,vnnlib/n01981276_king_crab_fix_mask_seg0_k50176_eps_0.0002.vnnlib,1200,sat True,,,,38.36377954483032,0
591,onnx/vgg16-7.onnx,vnnlib/n01981276_king_crab_fix_nonmask_seg0_k50176_eps_0.0002.vnnlib,1200,sat True,,,,40.58572506904602,0
592,onnx/vgg16-7.onnx,vnnlib/n01981276_king_crab_global_k50176_eps_0.0003.vnnlib,1200,sat True,,,,39.038801431655884,0
593,onnx/vgg16-7.onnx,vnnlib/n01981276_king_crab_fix_mask_seg0_k50176_eps_0.0003.vnnlib,1200,sat True,,,,38.81495451927185,0
594,onnx/vgg16-7.onnx,vnnlib/n01981276_king_crab_fix_nonmask_seg0_k50176_eps_0.0003.vnnlib,1200,sat True,,,,39.27818417549133,0
595,onnx/vgg16-7.onnx,vnnlib/n01983481_American_lobster_global_k50176_eps_0.0002.vnnlib,1200,sat True,,,,40.800270557403564,0
596,onnx/vgg16-7.onnx,vnnlib/n01983481_American_lobster_fix_mask_seg0_k50176_eps_0.0002.vnnlib,1200,sat True,,,,40.700286865234375,0
597,onnx/vgg16-7.onnx,vnnlib/n01983481_American_lobster_fix_nonmask_seg0_k50176_eps_0.0002.vnnlib,1200,sat True,,,,40.448572397232056,0
598,onnx/vgg16-7.onnx,vnnlib/n01983481_American_lobster_global_k50176_eps_0.0003.vnnlib,1200,sat True,,,,40.69641041755676,0
599,onnx/vgg16-7.onnx,vnnlib/n01983481_American_lobster_fix_mask_seg0_k50176_eps_0.0003.vnnlib,1200,sat True,,,,39.69732856750488,0
600,onnx/vgg16-7.onnx,vnnlib/n01983481_American_lobster_fix_nonmask_seg0_k50176_eps_0.0003.vnnlib,1200,sat True,,,,38.90417456626892,0
601,onnx/vgg16-7.onnx,vnnlib/n01984695_spiny_lobster_global_k50176_eps_0.0002.vnnlib,1200,sat True,,,,38.90700364112854,0
602,onnx/vgg16-7.onnx,vnnlib/n01984695_spiny_lobster_fix_mask_seg0_k50176_eps_0.0002.vnnlib,1200,sat True,,,,40.436129570007324,0
603,onnx/vgg16-7.onnx,vnnlib/n01984695_spiny_lobster_fix_nonmask_seg0_k50176_eps_0.0002.vnnlib,1200,sat True,,,,38.97594594955444,0
604,onnx/vgg16-7.onnx,vnnlib/n01984695_spiny_lobster_global_k50176_eps_0.0003.vnnlib,1200,sat True,,,,42.239978075027466,0
605,onnx/vgg16-7.onnx,vnnlib/n01984695_spiny_lobster_fix_mask_seg0_k50176_eps_0.0003.vnnlib,1200,sat True,,,,40.67171502113342,0
606,onnx/vgg16-7.onnx,vnnlib/n01984695_spiny_lobster_fix_nonmask_seg0_k50176_eps_0.0003.vnnlib,1200,sat True,,,,39.01112389564514,0
607,onnx/vgg16-7.onnx,vnnlib/n01986214_hermit_crab_global_k50176_eps_0.0002.vnnlib,1200,sat True,,,,40.285722732543945,0
608,onnx/vgg16-7.onnx,vnnlib/n01986214_hermit_crab_fix_mask_seg0_k50176_eps_0.0002.vnnlib,1200,sat True,,,,39.489880323410034,0
609,onnx/vgg16-7.onnx,vnnlib/n01986214_hermit_crab_fix_nonmask_seg0_k50176_eps_0.0002.vnnlib,1200,sat True,,,,41.25330853462219,0
610,onnx/vgg16-7.onnx,vnnlib/n01986214_hermit_crab_global_k50176_eps_0.0003.vnnlib,1200,sat True,,,,38.11284375190735,0
611,onnx/vgg16-7.onnx,vnnlib/n01986214_hermit_crab_fix_mask_seg0_k50176_eps_0.0003.vnnlib,1200,sat True,,,,39.30097556114197,0
612,onnx/vgg16-7.onnx,vnnlib/n01986214_hermit_crab_fix_nonmask_seg0_k50176_eps_0.0003.vnnlib,1200,sat True,,,,41.19228672981262,0
613,onnx/vgg16-7.onnx,vnnlib/n01990800_isopod_global_k50176_eps_0.0002.vnnlib,1200,sat True,,,,39.58872938156128,0
614,onnx/vgg16-7.onnx,vnnlib/n01990800_isopod_fix_mask_seg0_k50176_eps_0.0002.vnnlib,1200,sat False,-inf,None,3.504396438598633,44.3764271736145,0
615,onnx/vgg16-7.onnx,vnnlib/n01990800_isopod_fix_nonmask_seg0_k50176_eps_0.0002.vnnlib,1200,sat True,,,,39.2175178527832,0
616,onnx/vgg16-7.onnx,vnnlib/n01990800_isopod_global_k50176_eps_0.0003.vnnlib,1200,sat True,,,,38.611953020095825,0
617,onnx/vgg16-7.onnx,vnnlib/n01990800_isopod_fix_mask_seg0_k50176_eps_0.0003.vnnlib,1200,sat False,-inf,None,1.8107903003692627,44.71812057495117,0
618,onnx/vgg16-7.onnx,vnnlib/n01990800_isopod_fix_nonmask_seg0_k50176_eps_0.0003.vnnlib,1200,sat True,,,,38.58095955848694,0
619,onnx/vgg16-7.onnx,vnnlib/n02002556_white_stork_global_k50176_eps_0.0002.vnnlib,1200,sat True,,,,39.89352035522461,0
620,onnx/vgg16-7.onnx,vnnlib/n02002556_white_stork_fix_mask_seg0_k50176_eps_0.0002.vnnlib,1200,sat True,,,,38.05524826049805,0
621,onnx/vgg16-7.onnx,vnnlib/n02002556_white_stork_fix_nonmask_seg0_k50176_eps_0.0002.vnnlib,1200,sat True,,,,39.15393662452698,0
622,onnx/vgg16-7.onnx,vnnlib/n02002556_white_stork_global_k50176_eps_0.0003.vnnlib,1200,sat True,,,,40.07225942611694,0
623,onnx/vgg16-7.onnx,vnnlib/n02002556_white_stork_fix_mask_seg0_k50176_eps_0.0003.vnnlib,1200,sat True,,,,39.91210103034973,0
624,onnx/vgg16-7.onnx,vnnlib/n02002556_white_stork_fix_nonmask_seg0_k50176_eps_0.0003.vnnlib,1200,sat True,,,,40.798041343688965,0
625,onnx/vgg16-7.onnx,vnnlib/n02002724_black_stork_global_k50176_eps_0.0002.vnnlib,1200,timeout False,-28854400.0,3,4450.840399503708,4500.711537599564,0
626,onnx/vgg16-7.onnx,vnnlib/n02002724_black_stork_fix_mask_seg0_k50176_eps_0.0002.vnnlib,1200,unsat False,1.116776704788208,0,678.3414044380188,726.0284833908081,0
627,onnx/vgg16-7.onnx,vnnlib/n02002724_black_stork_fix_nonmask_seg0_k50176_eps_0.0002.vnnlib,1200,timeout False,-4133584.5,3,4112.006055355072,4162.370859861374,0
628,onnx/vgg16-7.onnx,vnnlib/n02002724_black_stork_global_k50176_eps_0.0003.vnnlib,1200,timeout False,-4178543616.0,3,5132.794095516205,5191.351345777512,0
629,onnx/vgg16-7.onnx,vnnlib/n02002724_black_stork_fix_mask_seg0_k50176_eps_0.0003.vnnlib,1200,timeout False,-4.845975875854492,3,2506.0308935642242,2549.0110952854156,0
630,onnx/vgg16-7.onnx,vnnlib/n02002724_black_stork_fix_nonmask_seg0_k50176_eps_0.0003.vnnlib,1200,timeout False,-786824768.0,3,5254.205929994583,5301.453830003738,0
631,onnx/vgg16-7.onnx,vnnlib/n02006656_spoonbill_global_k50176_eps_0.0002.vnnlib,1200,error,,,,,
631,onnx/vgg16-7.onnx,vnnlib/n02006656_spoonbill_global_k50176_eps_0.0002.vnnlib,1200,timeout False,-24003141632.0,3,4923.141783237457,4979.260601520538,0
632,onnx/vgg16-7.onnx,vnnlib/n02006656_spoonbill_fix_mask_seg0_k50176_eps_0.0002.vnnlib,1200,error,,,,,
633,onnx/vgg16-7.onnx,vnnlib/n02006656_spoonbill_fix_nonmask_seg0_k50176_eps_0.0002.vnnlib,1200,error,,,,,
634,onnx/vgg16-7.onnx,vnnlib/n02006656_spoonbill_global_k50176_eps_0.0003.vnnlib,1200,error,,,,,
635,onnx/vgg16-7.onnx,vnnlib/n02006656_spoonbill_fix_mask_seg0_k50176_eps_0.0003.vnnlib,1200,error,,,,,
636,onnx/vgg16-7.onnx,vnnlib/n02006656_spoonbill_fix_nonmask_seg0_k50176_eps_0.0003.vnnlib,1200,error,,,,,
637,onnx/vgg16-7.onnx,vnnlib/n02007558_flamingo_global_k50176_eps_0.0002.vnnlib,1200,error,,,,,
638,onnx/vgg16-7.onnx,vnnlib/n02007558_flamingo_fix_mask_seg0_k50176_eps_0.0002.vnnlib,1200,error,,,,,
639,onnx/vgg16-7.onnx,vnnlib/n02007558_flamingo_fix_nonmask_seg0_k50176_eps_0.0002.vnnlib,1200,error,,,,,
640,onnx/vgg16-7.onnx,vnnlib/n02007558_flamingo_global_k50176_eps_0.0003.vnnlib,1200,error,,,,,
641,onnx/vgg16-7.onnx,vnnlib/n02007558_flamingo_fix_mask_seg0_k50176_eps_0.0003.vnnlib,1200,error,,,,,
642,onnx/vgg16-7.onnx,vnnlib/n02007558_flamingo_fix_nonmask_seg0_k50176_eps_0.0003.vnnlib,1200,error,,,,,
643,onnx/vgg16-7.onnx,vnnlib/n02009229_little_blue_heron_global_k50176_eps_0.0002.vnnlib,1200,error,,,,,
644,onnx/vgg16-7.onnx,vnnlib/n02009229_little_blue_heron_fix_mask_seg0_k50176_eps_0.0002.vnnlib,1200,error,,,,,
645,onnx/vgg16-7.onnx,vnnlib/n02009229_little_blue_heron_fix_nonmask_seg0_k50176_eps_0.0002.vnnlib,1200,error,,,,,
646,onnx/vgg16-7.onnx,vnnlib/n02009229_little_blue_heron_global_k50176_eps_0.0003.vnnlib,1200,error,,,,,
647,onnx/vgg16-7.onnx,vnnlib/n02009229_little_blue_heron_fix_mask_seg0_k50176_eps_0.0003.vnnlib,1200,error,,,,,
648,onnx/vgg16-7.onnx,vnnlib/n02009229_little_blue_heron_fix_nonmask_seg0_k50176_eps_0.0003.vnnlib,1200,error,,,,,
649,onnx/vgg16-7.onnx,vnnlib/n02009912_American_egret_global_k50176_eps_0.0002.vnnlib,1200,error,,,,,
650,onnx/vgg16-7.onnx,vnnlib/n02009912_American_egret_fix_mask_seg0_k50176_eps_0.0002.vnnlib,1200,error,,,,,
651,onnx/vgg16-7.onnx,vnnlib/n02009912_American_egret_fix_nonmask_seg0_k50176_eps_0.0002.vnnlib,1200,error,,,,,
652,onnx/vgg16-7.onnx,vnnlib/n02009912_American_egret_global_k50176_eps_0.0003.vnnlib,1200,error,,,,,
653,onnx/vgg16-7.onnx,vnnlib/n02009912_American_egret_fix_mask_seg0_k50176_eps_0.0003.vnnlib,1200,error,,,,,
654,onnx/vgg16-7.onnx,vnnlib/n02009912_American_egret_fix_nonmask_seg0_k50176_eps_0.0003.vnnlib,1200,error,,,,,
655,onnx/vgg16-7.onnx,vnnlib/n02011460_bittern_global_k50176_eps_0.0002.vnnlib,1200,error,,,,,
656,onnx/vgg16-7.onnx,vnnlib/n02011460_bittern_fix_mask_seg0_k50176_eps_0.0002.vnnlib,1200,error,,,,,
657,onnx/vgg16-7.onnx,vnnlib/n02011460_bittern_fix_nonmask_seg0_k50176_eps_0.0002.vnnlib,1200,error,,,,,
658,onnx/vgg16-7.onnx,vnnlib/n02011460_bittern_global_k50176_eps_0.0003.vnnlib,1200,error,,,,,
659,onnx/vgg16-7.onnx,vnnlib/n02011460_bittern_fix_mask_seg0_k50176_eps_0.0003.vnnlib,1200,error,,,,,
660,onnx/vgg16-7.onnx,vnnlib/n02011460_bittern_fix_nonmask_seg0_k50176_eps_0.0003.vnnlib,1200,error,,,,,
661,onnx/vgg16-7.onnx,vnnlib/n02012849_crane_global_k50176_eps_0.0002.vnnlib,1200,error,,,,,
662,onnx/vgg16-7.onnx,vnnlib/n02012849_crane_fix_mask_seg0_k50176_eps_0.0002.vnnlib,1200,error,,,,,
663,onnx/vgg16-7.onnx,vnnlib/n02012849_crane_fix_nonmask_seg0_k50176_eps_0.0002.vnnlib,1200,error,,,,,
664,onnx/vgg16-7.onnx,vnnlib/n02012849_crane_global_k50176_eps_0.0003.vnnlib,1200,error,,,,,
665,onnx/vgg16-7.onnx,vnnlib/n02012849_crane_fix_mask_seg0_k50176_eps_0.0003.vnnlib,1200,error,,,,,
666,onnx/vgg16-7.onnx,vnnlib/n02012849_crane_fix_nonmask_seg0_k50176_eps_0.0003.vnnlib,1200,error,,,,,
667,onnx/vgg16-7.onnx,vnnlib/n02033041_dowitcher_global_k50176_eps_0.0002.vnnlib,1200,error,,,,,
668,onnx/vgg16-7.onnx,vnnlib/n02033041_dowitcher_fix_mask_seg0_k50176_eps_0.0002.vnnlib,1200,error,,,,,
669,onnx/vgg16-7.onnx,vnnlib/n02033041_dowitcher_fix_nonmask_seg0_k50176_eps_0.0002.vnnlib,1200,error,,,,,
670,onnx/vgg16-7.onnx,vnnlib/n02033041_dowitcher_global_k50176_eps_0.0003.vnnlib,1200,error,,,,,
671,onnx/vgg16-7.onnx,vnnlib/n02033041_dowitcher_fix_mask_seg0_k50176_eps_0.0003.vnnlib,1200,error,,,,,
672,onnx/vgg16-7.onnx,vnnlib/n02033041_dowitcher_fix_nonmask_seg0_k50176_eps_0.0003.vnnlib,1200,error,,,,,
673,onnx/vgg16-7.onnx,vnnlib/n02085620_Chihuahua_global_k50176_eps_0.0002.vnnlib,1200,error,,,,,
674,onnx/vgg16-7.onnx,vnnlib/n02085620_Chihuahua_fix_mask_seg0_k50176_eps_0.0002.vnnlib,1200,error,,,,,
675,onnx/vgg16-7.onnx,vnnlib/n02085620_Chihuahua_fix_nonmask_seg0_k50176_eps_0.0002.vnnlib,1200,error,,,,,
676,onnx/vgg16-7.onnx,vnnlib/n02085620_Chihuahua_global_k50176_eps_0.0003.vnnlib,1200,error,,,,,
677,onnx/vgg16-7.onnx,vnnlib/n02085620_Chihuahua_fix_mask_seg0_k50176_eps_0.0003.vnnlib,1200,error,,,,,
678,onnx/vgg16-7.onnx,vnnlib/n02085620_Chihuahua_fix_nonmask_seg0_k50176_eps_0.0003.vnnlib,1200,error,,,,,
679,onnx/vgg16-7.onnx,vnnlib/n02085782_Japanese_spaniel_global_k50176_eps_0.0002.vnnlib,1200,error,,,,,
680,onnx/vgg16-7.onnx,vnnlib/n02085782_Japanese_spaniel_fix_mask_seg0_k50176_eps_0.0002.vnnlib,1200,error,,,,,
681,onnx/vgg16-7.onnx,vnnlib/n02085782_Japanese_spaniel_fix_nonmask_seg0_k50176_eps_0.0002.vnnlib,1200,error,,,,,
682,onnx/vgg16-7.onnx,vnnlib/n02085782_Japanese_spaniel_global_k50176_eps_0.0003.vnnlib,1200,error,,,,,
683,onnx/vgg16-7.onnx,vnnlib/n02085782_Japanese_spaniel_fix_mask_seg0_k50176_eps_0.0003.vnnlib,1200,error,,,,,
684,onnx/vgg16-7.onnx,vnnlib/n02085782_Japanese_spaniel_fix_nonmask_seg0_k50176_eps_0.0003.vnnlib,1200,error,,,,,
685,onnx/vgg16-7.onnx,vnnlib/n02085936_Maltese_dog_global_k50176_eps_0.0002.vnnlib,1200,error,,,,,
686,onnx/vgg16-7.onnx,vnnlib/n02085936_Maltese_dog_fix_mask_seg0_k50176_eps_0.0002.vnnlib,1200,error,,,,,
687,onnx/vgg16-7.onnx,vnnlib/n02085936_Maltese_dog_fix_nonmask_seg0_k50176_eps_0.0002.vnnlib,1200,error,,,,,
688,onnx/vgg16-7.onnx,vnnlib/n02085936_Maltese_dog_global_k50176_eps_0.0003.vnnlib,1200,error,,,,,
689,onnx/vgg16-7.onnx,vnnlib/n02085936_Maltese_dog_fix_mask_seg0_k50176_eps_0.0003.vnnlib,1200,error,,,,,
690,onnx/vgg16-7.onnx,vnnlib/n02085936_Maltese_dog_fix_nonmask_seg0_k50176_eps_0.0003.vnnlib,1200,error,,,,,
691,onnx/vgg16-7.onnx,vnnlib/n02086079_Pekinese_global_k50176_eps_0.0002.vnnlib,1200,error,,,,,
692,onnx/vgg16-7.onnx,vnnlib/n02086079_Pekinese_fix_mask_seg0_k50176_eps_0.0002.vnnlib,1200,error,,,,,
693,onnx/vgg16-7.onnx,vnnlib/n02086079_Pekinese_fix_nonmask_seg0_k50176_eps_0.0002.vnnlib,1200,error,,,,,
694,onnx/vgg16-7.onnx,vnnlib/n02086079_Pekinese_global_k50176_eps_0.0003.vnnlib,1200,error,,,,,
695,onnx/vgg16-7.onnx,vnnlib/n02086079_Pekinese_fix_mask_seg0_k50176_eps_0.0003.vnnlib,1200,error,,,,,
696,onnx/vgg16-7.onnx,vnnlib/n02086079_Pekinese_fix_nonmask_seg0_k50176_eps_0.0003.vnnlib,1200,error,,,,,
697,onnx/vgg16-7.onnx,vnnlib/n02086240_Shih-Tzu_global_k50176_eps_0.0002.vnnlib,1200,error,,,,,
698,onnx/vgg16-7.onnx,vnnlib/n02086240_Shih-Tzu_fix_mask_seg0_k50176_eps_0.0002.vnnlib,1200,error,,,,,
699,onnx/vgg16-7.onnx,vnnlib/n02086240_Shih-Tzu_fix_nonmask_seg0_k50176_eps_0.0002.vnnlib,1200,error,,,,,
700,onnx/vgg16-7.onnx,vnnlib/n02086240_Shih-Tzu_global_k50176_eps_0.0003.vnnlib,1200,error,,,,,
701,onnx/vgg16-7.onnx,vnnlib/n02086240_Shih-Tzu_fix_mask_seg0_k50176_eps_0.0003.vnnlib,1200,error,,,,,
702,onnx/vgg16-7.onnx,vnnlib/n02086240_Shih-Tzu_fix_nonmask_seg0_k50176_eps_0.0003.vnnlib,1200,error,,,,,
703,onnx/vgg16-7.onnx,vnnlib/n02086646_Blenheim_spaniel_global_k50176_eps_0.0002.vnnlib,1200,error,,,,,
704,onnx/vgg16-7.onnx,vnnlib/n02086646_Blenheim_spaniel_fix_mask_seg0_k50176_eps_0.0002.vnnlib,1200,error,,,,,
705,onnx/vgg16-7.onnx,vnnlib/n02086646_Blenheim_spaniel_fix_nonmask_seg0_k50176_eps_0.0002.vnnlib,1200,error,,,,,
706,onnx/vgg16-7.onnx,vnnlib/n02086646_Blenheim_spaniel_global_k50176_eps_0.0003.vnnlib,1200,error,,,,,
707,onnx/vgg16-7.onnx,vnnlib/n02086646_Blenheim_spaniel_fix_mask_seg0_k50176_eps_0.0003.vnnlib,1200,error,,,,,
708,onnx/vgg16-7.onnx,vnnlib/n02086646_Blenheim_spaniel_fix_nonmask_seg0_k50176_eps_0.0003.vnnlib,1200,error,,,,,
709,onnx/vgg16-7.onnx,vnnlib/n02086910_papillon_global_k50176_eps_0.0002.vnnlib,1200,error,,,,,
710,onnx/vgg16-7.onnx,vnnlib/n02086910_papillon_fix_mask_seg0_k50176_eps_0.0002.vnnlib,1200,error,,,,,
711,onnx/vgg16-7.onnx,vnnlib/n02086910_papillon_fix_nonmask_seg0_k50176_eps_0.0002.vnnlib,1200,error,,,,,
712,onnx/vgg16-7.onnx,vnnlib/n02086910_papillon_global_k50176_eps_0.0003.vnnlib,1200,error,,,,,
713,onnx/vgg16-7.onnx,vnnlib/n02086910_papillon_fix_mask_seg0_k50176_eps_0.0003.vnnlib,1200,error,,,,,
714,onnx/vgg16-7.onnx,vnnlib/n02086910_papillon_fix_nonmask_seg0_k50176_eps_0.0003.vnnlib,1200,error,,,,,
715,onnx/vgg16-7.onnx,vnnlib/n02088094_Afghan_hound_global_k50176_eps_0.0002.vnnlib,1200,error,,,,,
716,onnx/vgg16-7.onnx,vnnlib/n02088094_Afghan_hound_fix_mask_seg0_k50176_eps_0.0002.vnnlib,1200,error,,,,,
717,onnx/vgg16-7.onnx,vnnlib/n02088094_Afghan_hound_fix_nonmask_seg0_k50176_eps_0.0002.vnnlib,1200,error,,,,,
718,onnx/vgg16-7.onnx,vnnlib/n02088094_Afghan_hound_global_k50176_eps_0.0003.vnnlib,1200,error,,,,,
719,onnx/vgg16-7.onnx,vnnlib/n02088094_Afghan_hound_fix_mask_seg0_k50176_eps_0.0003.vnnlib,1200,error,,,,,
720,onnx/vgg16-7.onnx,vnnlib/n02088094_Afghan_hound_fix_nonmask_seg0_k50176_eps_0.0003.vnnlib,1200,error,,,,,
721,onnx/vgg16-7.onnx,vnnlib/n02088238_basset_global_k50176_eps_0.0002.vnnlib,1200,error,,,,,
722,onnx/vgg16-7.onnx,vnnlib/n02088238_basset_fix_mask_seg0_k50176_eps_0.0002.vnnlib,1200,error,,,,,
723,onnx/vgg16-7.onnx,vnnlib/n02088238_basset_fix_nonmask_seg0_k50176_eps_0.0002.vnnlib,1200,error,,,,,
724,onnx/vgg16-7.onnx,vnnlib/n02088238_basset_global_k50176_eps_0.0003.vnnlib,1200,error,,,,,
725,onnx/vgg16-7.onnx,vnnlib/n02088238_basset_fix_mask_seg0_k50176_eps_0.0003.vnnlib,1200,error,,,,,
726,onnx/vgg16-7.onnx,vnnlib/n02088238_basset_fix_nonmask_seg0_k50176_eps_0.0003.vnnlib,1200,error,,,,,
727,onnx/vgg16-7.onnx,vnnlib/n02088364_beagle_global_k50176_eps_0.0002.vnnlib,1200,error,,,,,
728,onnx/vgg16-7.onnx,vnnlib/n02088364_beagle_fix_mask_seg0_k50176_eps_0.0002.vnnlib,1200,error,,,,,
729,onnx/vgg16-7.onnx,vnnlib/n02088364_beagle_fix_nonmask_seg0_k50176_eps_0.0002.vnnlib,1200,error,,,,,
730,onnx/vgg16-7.onnx,vnnlib/n02088364_beagle_global_k50176_eps_0.0003.vnnlib,1200,error,,,,,
731,onnx/vgg16-7.onnx,vnnlib/n02088364_beagle_fix_mask_seg0_k50176_eps_0.0003.vnnlib,1200,error,,,,,
731,onnx/vgg16-7.onnx,vnnlib/n02088364_beagle_fix_mask_seg0_k50176_eps_0.0003.vnnlib,1200,error,,,,,
732,onnx/vgg16-7.onnx,vnnlib/n02088364_beagle_fix_nonmask_seg0_k50176_eps_0.0003.vnnlib,1200,error,,,,,
732,onnx/vgg16-7.onnx,vnnlib/n02088364_beagle_fix_nonmask_seg0_k50176_eps_0.0003.vnnlib,1200,error,,,,,
733,onnx/vgg16-7.onnx,vnnlib/n02088466_bloodhound_global_k50176_eps_0.0002.vnnlib,1200,error,,,,,
733,onnx/vgg16-7.onnx,vnnlib/n02088466_bloodhound_global_k50176_eps_0.0002.vnnlib,1200,error,,,,,
734,onnx/vgg16-7.onnx,vnnlib/n02088466_bloodhound_fix_mask_seg0_k50176_eps_0.0002.vnnlib,1200,error,,,,,
734,onnx/vgg16-7.onnx,vnnlib/n02088466_bloodhound_fix_mask_seg0_k50176_eps_0.0002.vnnlib,1200,error,,,,,
735,onnx/vgg16-7.onnx,vnnlib/n02088466_bloodhound_fix_nonmask_seg0_k50176_eps_0.0002.vnnlib,1200,error,,,,,
735,onnx/vgg16-7.onnx,vnnlib/n02088466_bloodhound_fix_nonmask_seg0_k50176_eps_0.0002.vnnlib,1200,error,,,,,
736,onnx/vgg16-7.onnx,vnnlib/n02088466_bloodhound_global_k50176_eps_0.0003.vnnlib,1200,error,,,,,
736,onnx/vgg16-7.onnx,vnnlib/n02088466_bloodhound_global_k50176_eps_0.0003.vnnlib,1200,error,,,,,
737,onnx/vgg16-7.onnx,vnnlib/n02088466_bloodhound_fix_mask_seg0_k50176_eps_0.0003.vnnlib,1200,error,,,,,
737,onnx/vgg16-7.onnx,vnnlib/n02088466_bloodhound_fix_mask_seg0_k50176_eps_0.0003.vnnlib,1200,error,,,,,
738,onnx/vgg16-7.onnx,vnnlib/n02088466_bloodhound_fix_nonmask_seg0_k50176_eps_0.0003.vnnlib,1200,error,,,,,
738,onnx/vgg16-7.onnx,vnnlib/n02088466_bloodhound_fix_nonmask_seg0_k50176_eps_0.0003.vnnlib,1200,error,,,,,
739,onnx/vgg16-7.onnx,vnnlib/n02088632_bluetick_global_k50176_eps_0.0002.vnnlib,1200,error,,,,,
739,onnx/vgg16-7.onnx,vnnlib/n02088632_bluetick_global_k50176_eps_0.0002.vnnlib,1200,error,,,,,
740,onnx/vgg16-7.onnx,vnnlib/n02088632_bluetick_fix_mask_seg0_k50176_eps_0.0002.vnnlib,1200,error,,,,,
740,onnx/vgg16-7.onnx,vnnlib/n02088632_bluetick_fix_mask_seg0_k50176_eps_0.0002.vnnlib,1200,error,,,,,
741,onnx/vgg16-7.onnx,vnnlib/n02088632_bluetick_fix_nonmask_seg0_k50176_eps_0.0002.vnnlib,1200,error,,,,,
741,onnx/vgg16-7.onnx,vnnlib/n02088632_bluetick_fix_nonmask_seg0_k50176_eps_0.0002.vnnlib,1200,error,,,,,
742,onnx/vgg16-7.onnx,vnnlib/n02088632_bluetick_global_k50176_eps_0.0003.vnnlib,1200,error,,,,,
742,onnx/vgg16-7.onnx,vnnlib/n02088632_bluetick_global_k50176_eps_0.0003.vnnlib,1200,error,,,,,
743,onnx/vgg16-7.onnx,vnnlib/n02088632_bluetick_fix_mask_seg0_k50176_eps_0.0003.vnnlib,1200,error,,,,,
743,onnx/vgg16-7.onnx,vnnlib/n02088632_bluetick_fix_mask_seg0_k50176_eps_0.0003.vnnlib,1200,error,,,,,
744,onnx/vgg16-7.onnx,vnnlib/n02088632_bluetick_fix_nonmask_seg0_k50176_eps_0.0003.vnnlib,1200,error,,,,,
744,onnx/vgg16-7.onnx,vnnlib/n02088632_bluetick_fix_nonmask_seg0_k50176_eps_0.0003.vnnlib,1200,error,,,,,
745,onnx/vgg16-7.onnx,vnnlib/n02089078_black-and-tan_coonhound_global_k50176_eps_0.0002.vnnlib,1200,error,,,,,
745,onnx/vgg16-7.onnx,vnnlib/n02089078_black-and-tan_coonhound_global_k50176_eps_0.0002.vnnlib,1200,error,,,,,
746,onnx/vgg16-7.onnx,vnnlib/n02089078_black-and-tan_coonhound_fix_mask_seg0_k50176_eps_0.0002.vnnlib,1200,error,,,,,
746,onnx/vgg16-7.onnx,vnnlib/n02089078_black-and-tan_coonhound_fix_mask_seg0_k50176_eps_0.0002.vnnlib,1200,error,,,,,
747,onnx/vgg16-7.onnx,vnnlib/n02089078_black-and-tan_coonhound_fix_nonmask_seg0_k50176_eps_0.0002.vnnlib,1200,error,,,,,
747,onnx/vgg16-7.onnx,vnnlib/n02089078_black-and-tan_coonhound_fix_nonmask_seg0_k50176_eps_0.0002.vnnlib,1200,error,,,,,
748,onnx/vgg16-7.onnx,vnnlib/n02089078_black-and-tan_coonhound_global_k50176_eps_0.0003.vnnlib,1200,error,,,,,
748,onnx/vgg16-7.onnx,vnnlib/n02089078_black-and-tan_coonhound_global_k50176_eps_0.0003.vnnlib,1200,error,,,,,
749,onnx/vgg16-7.onnx,vnnlib/n02089078_black-and-tan_coonhound_fix_mask_seg0_k50176_eps_0.0003.vnnlib,1200,error,,,,,
749,onnx/vgg16-7.onnx,vnnlib/n02089078_black-and-tan_coonhound_fix_mask_seg0_k50176_eps_0.0003.vnnlib,1200,error,,,,,
750,onnx/vgg16-7.onnx,vnnlib/n02089078_black-and-tan_coonhound_fix_nonmask_seg0_k50176_eps_0.0003.vnnlib,1200,error,,,,,
750,onnx/vgg16-7.onnx,vnnlib/n02089078_black-and-tan_coonhound_fix_nonmask_seg0_k50176_eps_0.0003.vnnlib,1200,error,,,,,
