instance_id,image,tag,is_global,segment_index,eps,k,score,bbox,num_changed,num_fixed,total,percent_changed,pattern,onnx,vnnlib,timeout,result,lb_minus_rhs,domains_visited,bab_time,all_time,init_unstable
1,n01558993_robin,n01558993_robin_global,True,-1,0.0001,2,,,6,150522,150528,0.0039859693877551,global,onnx/vgg16-7.onnx,vnnlib/n01558993_robin_global_k2_eps_0.0001.vnnlib,1200,unsat False,0.0509952306747436,0.0,280.7487795352936,286.8760747909546,0
2,n01558993_robin,n01558993_robin_global,True,-1,0.0001,10,,,30,150498,150528,0.0199298469387755,global,onnx/vgg16-7.onnx,vnnlib/n01558993_robin_global_k10_eps_0.0001.vnnlib,1200,unsat False,0.0509838461875915,0.0,549.263697385788,556.1813549995422,0
3,n01558993_robin,n01558993_robin_global,True,-1,0.0001,20,,,60,150468,150528,0.039859693877551,global,onnx/vgg16-7.onnx,vnnlib/n01558993_robin_global_k20_eps_0.0001.vnnlib,1200,unsat False,0.0509740114212036,0.0,653.4718470573425,660.3653652667999,0
4,n01558993_robin,n01558993_robin_global,True,-1,0.0001,30,,,90,150438,150528,0.0597895408163265,global,onnx/vgg16-7.onnx,vnnlib/n01558993_robin_global_k30_eps_0.0001.vnnlib,1200,unsat False,0.0509649515151977,0.0,676.0490031242371,682.967193365097,0
5,n01558993_robin,n01558993_robin_global,True,-1,0.0001,24,,,72,150456,150528,0.0478316326530612,global,onnx/vgg16-7.onnx,vnnlib/n01558993_robin_global_k24_eps_0.0001.vnnlib,1200,unsat False,0.0509740114212036,0.0,674.6659359931946,680.9943511486053,0
6,n01558993_robin,n01558993_robin_global,True,-1,0.0001,50,,,150,150378,150528,0.0996492346938775,global,onnx/vgg16-7.onnx,vnnlib/n01558993_robin_global_k50_eps_0.0001.vnnlib,1200,unsat False,0.0509301424026489,0.0,531.8078927993774,538.3351809978485,0
7,n01558993_robin,n01558993_robin_global,True,-1,0.0001,196,,,588,149940,150528,0.390625,global,onnx/vgg16-7.onnx,vnnlib/n01558993_robin_global_k196_eps_0.0001.vnnlib,1200,unsat False,0.0507755875587463,0.0,585.9074263572693,592.0355849266052,0
8,n01558993_robin,n01558993_robin_global,True,-1,0.0001,784,,,2352,148176,150528,1.5625,global,onnx/vgg16-7.onnx,vnnlib/n01558993_robin_global_k784_eps_0.0001.vnnlib,1200,unsat False,0.0501050949096679,0.0,571.2012867927551,577.3647575378418,0
9,n01558993_robin,n01558993_robin_global,True,-1,0.0001,12544,,,37632,112896,150528,25.0,global,onnx/vgg16-7.onnx,vnnlib/n01558993_robin_global_k12544_eps_0.0001.vnnlib,1200,unsat False,0.0293686985969543,0.0,684.9675624370575,698.3231148719788,0
10,n01558993_robin,n01558993_robin_global,True,-1,0.0001,25088,,,75264,75264,150528,50.0,global,onnx/vgg16-7.onnx,vnnlib/n01558993_robin_global_k25088_eps_0.0001.vnnlib,1200,timeout False,-0.0629495978355407,3.0,2144.2241513729095,2157.636823415756,0
11,n01558993_robin,n01558993_robin_global,True,-1,0.0001,50176,,,150528,0,150528,100.0,global,onnx/vgg16-7.onnx,vnnlib/n01558993_robin_global_k50176_eps_0.0001.vnnlib,1200,sat True,,,,7.2990336418151855,0
12,n01558993_robin,n01558993_robin_global,True,-1,0.0002,2,,,6,150522,150528,0.0039859693877551,global,onnx/vgg16-7.onnx,vnnlib/n01558993_robin_global_k2_eps_0.0002.vnnlib,1200,unsat False,0.0509941577911376,0.0,284.44108605384827,290.8509829044342,0
13,n01558993_robin,n01558993_robin_global,True,-1,0.0002,10,,,30,150498,150528,0.0199298469387755,global,onnx/vgg16-7.onnx,vnnlib/n01558993_robin_global_k10_eps_0.0002.vnnlib,1200,unsat False,0.0509703755378723,0.0,555.9662191867828,562.3763213157654,0
14,n01558993_robin,n01558993_robin_global,True,-1,0.0002,20,,,60,150468,150528,0.039859693877551,global,onnx/vgg16-7.onnx,vnnlib/n01558993_robin_global_k20_eps_0.0002.vnnlib,1200,unsat False,0.0509508252143859,0.0,660.6863214969635,669.743147611618,0
15,n01558993_robin,n01558993_robin_global,True,-1,0.0002,30,,,90,150438,150528,0.0597895408163265,global,onnx/vgg16-7.onnx,vnnlib/n01558993_robin_global_k30_eps_0.0002.vnnlib,1200,unsat False,0.0509343147277832,0.0,678.8873941898346,687.943813085556,0
16,n01558993_robin,n01558993_robin_global,True,-1,0.0002,24,,,72,150456,150528,0.0478316326530612,global,onnx/vgg16-7.onnx,vnnlib/n01558993_robin_global_k24_eps_0.0002.vnnlib,1200,unsat False,0.0509518980979919,0.0,679.3938322067261,688.4608647823334,0
17,n01558993_robin,n01558993_robin_global,True,-1,0.0002,50,,,150,150378,150528,0.0996492346938775,global,onnx/vgg16-7.onnx,vnnlib/n01558993_robin_global_k50_eps_0.0002.vnnlib,1200,unsat False,0.0508632659912109,0.0,548.261403799057,554.715922832489,0
18,n01558993_robin,n01558993_robin_global,True,-1,0.0002,196,,,588,149940,150528,0.390625,global,onnx/vgg16-7.onnx,vnnlib/n01558993_robin_global_k196_eps_0.0002.vnnlib,1200,unsat False,0.0505494475364685,0.0,591.9692561626434,598.3144791126251,0
19,n01558993_robin,n01558993_robin_global,True,-1,0.0002,784,,,2352,148176,150528,1.5625,global,onnx/vgg16-7.onnx,vnnlib/n01558993_robin_global_k784_eps_0.0002.vnnlib,1200,unsat False,0.0491639971733093,0.0,588.9501292705536,595.1995708942413,0
20,n01558993_robin,n01558993_robin_global,True,-1,0.0002,12544,,,37632,112896,150528,25.0,global,onnx/vgg16-7.onnx,vnnlib/n01558993_robin_global_k12544_eps_0.0002.vnnlib,1200,timeout False,-0.0623186230659484,3.0,2141.019048690796,2154.3461997509003,0
21,n01558993_robin,n01558993_robin_global,True,-1,0.0002,25088,,,75264,75264,150528,50.0,global,onnx/vgg16-7.onnx,vnnlib/n01558993_robin_global_k25088_eps_0.0002.vnnlib,1200,sat True,,,,7.1816794872283936,0
22,n01558993_robin,n01558993_robin_global,True,-1,0.0002,50176,,,150528,0,150528,100.0,global,onnx/vgg16-7.onnx,vnnlib/n01558993_robin_global_k50176_eps_0.0002.vnnlib,1200,sat True,,,,11.13580083847046,0
23,n01558993_robin,n01558993_robin_global,True,-1,0.0003,2,,,6,150522,150528,0.0039859693877551,global,onnx/vgg16-7.onnx,vnnlib/n01558993_robin_global_k2_eps_0.0003.vnnlib,1200,unsat False,0.0509925484657287,0.0,284.14996361732483,292.9965786933899,0
24,n01558993_robin,n01558993_robin_global,True,-1,0.0003,10,,,30,150498,150528,0.0199298469387755,global,onnx/vgg16-7.onnx,vnnlib/n01558993_robin_global_k10_eps_0.0003.vnnlib,1200,unsat False,0.0509582161903381,0.0,568.6090149879456,577.4556128978729,0
25,n01558993_robin,n01558993_robin_global,True,-1,0.0003,20,,,60,150468,150528,0.039859693877551,global,onnx/vgg16-7.onnx,vnnlib/n01558993_robin_global_k20_eps_0.0003.vnnlib,1200,unsat False,0.0509271025657653,0.0,669.3838982582092,678.1339974403381,0
26,n01558993_robin,n01558993_robin_global,True,-1,0.0003,30,,,90,150438,150528,0.0597895408163265,global,onnx/vgg16-7.onnx,vnnlib/n01558993_robin_global_k30_eps_0.0003.vnnlib,1200,unsat False,0.0509021282196044,0.0,679.9208045005798,688.6705112457275,0
27,n01558993_robin,n01558993_robin_global,True,-1,0.0003,24,,,72,150456,150528,0.0478316326530612,global,onnx/vgg16-7.onnx,vnnlib/n01558993_robin_global_k24_eps_0.0003.vnnlib,1200,unsat False,0.0509285330772399,0.0,680.9490802288055,689.6988198757172,0
28,n01558993_robin,n01558993_robin_global,True,-1,0.0003,50,,,150,150378,150528,0.0996492346938775,global,onnx/vgg16-7.onnx,vnnlib/n01558993_robin_global_k50_eps_0.0003.vnnlib,1200,unsat False,0.0507964491844177,0.0,559.0177869796753,567.8035774230957,0
29,n01558993_robin,n01558993_robin_global,True,-1,0.0003,196,,,588,149940,150528,0.390625,global,onnx/vgg16-7.onnx,vnnlib/n01558993_robin_global_k196_eps_0.0003.vnnlib,1200,unsat False,0.0503186583518981,0.0,593.5920922756195,602.3772022724152,0
30,n01558993_robin,n01558993_robin_global,True,-1,0.0003,784,,,2352,148176,150528,1.5625,global,onnx/vgg16-7.onnx,vnnlib/n01558993_robin_global_k784_eps_0.0003.vnnlib,1200,unsat False,0.0481768250465393,0.0,623.9354319572449,632.7205402851105,0
31,n01558993_robin,n01558993_robin_global,True,-1,0.0003,12544,,,37632,112896,150528,25.0,global,onnx/vgg16-7.onnx,vnnlib/n01558993_robin_global_k12544_eps_0.0003.vnnlib,1200,timeout False,-2.8311023712158203,3.0,2348.047397375107,2365.1088078022003,0
32,n01558993_robin,n01558993_robin_global,True,-1,0.0003,25088,,,75264,75264,150528,50.0,global,onnx/vgg16-7.onnx,vnnlib/n01558993_robin_global_k25088_eps_0.0003.vnnlib,1200,sat True,,,,11.046988725662231,0
33,n01558993_robin,n01558993_robin_global,True,-1,0.0003,50176,,,150528,0,150528,100.0,global,onnx/vgg16-7.onnx,vnnlib/n01558993_robin_global_k50176_eps_0.0003.vnnlib,1200,sat True,,,,10.918320178985596,0
34,n01558993_robin,n01558993_robin_global,True,-1,0.0004,2,,,6,150522,150528,0.0039859693877551,global,onnx/vgg16-7.onnx,vnnlib/n01558993_robin_global_k2_eps_0.0004.vnnlib,1200,unsat False,0.0509915947914123,0.0,287.8039813041687,296.5962519645691,0
35,n01558993_robin,n01558993_robin_global,True,-1,0.0004,10,,,30,150498,150528,0.0199298469387755,global,onnx/vgg16-7.onnx,vnnlib/n01558993_robin_global_k10_eps_0.0004.vnnlib,1200,unsat False,0.0509450435638427,0.0,566.4395792484283,575.231367111206,0
36,n01558993_robin,n01558993_robin_global,True,-1,0.0004,20,,,60,150468,150528,0.039859693877551,global,onnx/vgg16-7.onnx,vnnlib/n01558993_robin_global_k20_eps_0.0004.vnnlib,1200,unsat False,0.0509034395217895,0.0,668.4856672286987,677.277984380722,0
37,n01558993_robin,n01558993_robin_global,True,-1,0.0004,30,,,90,150438,150528,0.0597895408163265,global,onnx/vgg16-7.onnx,vnnlib/n01558993_robin_global_k30_eps_0.0004.vnnlib,1200,unsat False,0.0508701801300048,0.0,685.6999452114105,694.5238838195801,0
38,n01558993_robin,n01558993_robin_global,True,-1,0.0004,24,,,72,150456,150528,0.0478316326530612,global,onnx/vgg16-7.onnx,vnnlib/n01558993_robin_global_k24_eps_0.0004.vnnlib,1200,unsat False,0.0509046912193298,0.0,684.7151997089386,693.5395419597626,0
39,n01558993_robin,n01558993_robin_global,True,-1,0.0004,50,,,150,150378,150528,0.0996492346938775,global,onnx/vgg16-7.onnx,vnnlib/n01558993_robin_global_k50_eps_0.0004.vnnlib,1200,unsat False,0.0507287383079528,0.0,561.913492679596,570.7380933761597,0
40,n01558993_robin,n01558993_robin_global,True,-1,0.0004,196,,,588,149940,150528,0.390625,global,onnx/vgg16-7.onnx,vnnlib/n01558993_robin_global_k196_eps_0.0004.vnnlib,1200,unsat False,0.0500834584236145,0.0,600.9842150211334,610.0166084766388,0
41,n01558993_robin,n01558993_robin_global,True,-1,0.0004,784,,,2352,148176,150528,1.5625,global,onnx/vgg16-7.onnx,vnnlib/n01558993_robin_global_k784_eps_0.0004.vnnlib,1200,unsat False,0.0471454262733459,0.0,628.8919105529785,637.9250960350037,0
42,n01558993_robin,n01558993_robin_global,True,-1,0.0004,12544,,,37632,112896,150528,25.0,global,onnx/vgg16-7.onnx,vnnlib/n01558993_robin_global_k12544_eps_0.0004.vnnlib,1200,sat True,,,,11.51190733909607,0
43,n01558993_robin,n01558993_robin_global,True,-1,0.0004,25088,,,75264,75264,150528,50.0,global,onnx/vgg16-7.onnx,vnnlib/n01558993_robin_global_k25088_eps_0.0004.vnnlib,1200,sat True,,,,11.260612726211548,0
44,n01558993_robin,n01558993_robin_global,True,-1,0.0004,50176,,,150528,0,150528,100.0,global,onnx/vgg16-7.onnx,vnnlib/n01558993_robin_global_k50176_eps_0.0004.vnnlib,1200,sat True,,,,11.251044988632202,0
45,n01558993_robin,n01558993_robin_seg0_fixmask,False,0,0.0001,2,0.5386390686035156,"[0, 0, 223, 223]",3,150525,150528,0.0019929846938775,fix_mask,onnx/vgg16-7.onnx,vnnlib/n01558993_robin_seg0_fixmask_k2_eps_0.0001.vnnlib,1200,unsat False,0.0509955883026123,0.0,158.18448948860168,167.1429295539856,0
46,n01558993_robin,n01558993_robin_seg0_fixmask,False,0,0.0001,10,0.5386390686035156,"[0, 0, 223, 223]",12,150516,150528,0.0079719387755102,fix_mask,onnx/vgg16-7.onnx,vnnlib/n01558993_robin_seg0_fixmask_k10_eps_0.0001.vnnlib,1200,unsat False,0.0509895086288452,0.0,361.02994656562805,369.788861989975,0
47,n01558993_robin,n01558993_robin_seg0_fixmask,False,0,0.0001,20,0.5386390686035156,"[0, 0, 223, 223]",27,150501,150528,0.0179368622448979,fix_mask,onnx/vgg16-7.onnx,vnnlib/n01558993_robin_seg0_fixmask_k20_eps_0.0001.vnnlib,1200,unsat False,0.0509850978851318,0.0,561.9042818546295,570.6623079776764,0
48,n01558993_robin,n01558993_robin_seg0_fixmask,False,0,0.0001,30,0.5386390686035156,"[0, 0, 223, 223]",39,150489,150528,0.0259088010204081,fix_mask,onnx/vgg16-7.onnx,vnnlib/n01558993_robin_seg0_fixmask_k30_eps_0.0001.vnnlib,1200,unsat False,0.0509839057922363,0.0,584.9228513240814,593.681843996048,0
49,n01558993_robin,n01558993_robin_seg0_fixmask,False,0,0.0001,24,0.5386390686035156,"[0, 0, 223, 223]",33,150495,150528,0.021922831632653,fix_mask,onnx/vgg16-7.onnx,vnnlib/n01558993_robin_seg0_fixmask_k24_eps_0.0001.vnnlib,1200,unsat False,0.0509898662567138,0.0,586.6196720600128,595.6077561378479,0
50,n01558993_robin,n01558993_robin_seg0_fixmask,False,0,0.0001,50,0.5386390686035156,"[0, 0, 223, 223]",66,150462,150528,0.0438456632653061,fix_mask,onnx/vgg16-7.onnx,vnnlib/n01558993_robin_seg0_fixmask_k50_eps_0.0001.vnnlib,1200,unsat False,0.0509566068649292,0.0,653.0602102279663,662.0486238002777,0
51,n01558993_robin,n01558993_robin_seg0_fixmask,False,0,0.0001,196,0.5386390686035156,"[0, 0, 223, 223]",261,150267,150528,0.1733896683673469,fix_mask,onnx/vgg16-7.onnx,vnnlib/n01558993_robin_seg0_fixmask_k196_eps_0.0001.vnnlib,1200,unsat False,0.0509103536605834,0.0,548.4421796798706,557.4313259124756,0
52,n01558993_robin,n01558993_robin_seg0_fixmask,False,0,0.0001,784,0.5386390686035156,"[0, 0, 223, 223]",1038,149490,150528,0.6895727040816326,fix_mask,onnx/vgg16-7.onnx,vnnlib/n01558993_robin_seg0_fixmask_k784_eps_0.0001.vnnlib,1200,unsat False,0.0505731701850891,0.0,589.1430113315582,598.1284348964691,0
53,n01558993_robin,n01558993_robin_seg0_fixmask,False,0,0.0001,12544,0.5386390686035156,"[0, 0, 223, 223]",16614,133914,150528,11.037149234693878,fix_mask,onnx/vgg16-7.onnx,vnnlib/n01558993_robin_seg0_fixmask_k12544_eps_0.0001.vnnlib,1200,unsat False,0.043517529964447,0.0,652.1585855484009,669.5451016426086,0
54,n01558993_robin,n01558993_robin_seg0_fixmask,False,0,0.0001,25088,0.5386390686035156,"[0, 0, 223, 223]",33228,117300,150528,22.074298469387756,fix_mask,onnx/vgg16-7.onnx,vnnlib/n01558993_robin_seg0_fixmask_k25088_eps_0.0001.vnnlib,1200,unsat False,0.0320293307304382,0.0,671.8337411880493,689.1526379585266,0
55,n01558993_robin,n01558993_robin_seg0_fixmask,False,0,0.0001,50176,0.5386390686035156,"[0, 0, 223, 223]",66456,84072,150528,44.14859693877551,fix_mask,onnx/vgg16-7.onnx,vnnlib/n01558993_robin_seg0_fixmask_k50176_eps_0.0001.vnnlib,1200,timeout False,-0.0335728526115417,3.0,2118.305366754532,2135.7358531951904,0
56,n01558993_robin,n01558993_robin_seg0_fixmask,False,0,0.0002,2,0.5386390686035156,"[0, 0, 223, 223]",3,150525,150528,0.0019929846938775,fix_mask,onnx/vgg16-7.onnx,vnnlib/n01558993_robin_seg0_fixmask_k2_eps_0.0002.vnnlib,1200,unsat False,0.050994336605072,0.0,159.39182901382446,168.3245768547058,0
57,n01558993_robin,n01558993_robin_seg0_fixmask,False,0,0.0002,10,0.5386390686035156,"[0, 0, 223, 223]",12,150516,150528,0.0079719387755102,fix_mask,onnx/vgg16-7.onnx,vnnlib/n01558993_robin_seg0_fixmask_k10_eps_0.0002.vnnlib,1200,unsat False,0.0509830117225647,0.0,365.1257054805755,374.0570955276489,0
58,n01558993_robin,n01558993_robin_seg0_fixmask,False,0,0.0002,20,0.5386390686035156,"[0, 0, 223, 223]",27,150501,150528,0.0179368622448979,fix_mask,onnx/vgg16-7.onnx,vnnlib/n01558993_robin_seg0_fixmask_k20_eps_0.0002.vnnlib,1200,unsat False,0.0509755611419677,0.0,567.3557472229004,576.3338799476624,0
59,n01558993_robin,n01558993_robin_seg0_fixmask,False,0,0.0002,30,0.5386390686035156,"[0, 0, 223, 223]",39,150489,150528,0.0259088010204081,fix_mask,onnx/vgg16-7.onnx,vnnlib/n01558993_robin_seg0_fixmask_k30_eps_0.0002.vnnlib,1200,unsat False,0.0509721636772155,0.0,585.5226767063141,594.5005123615265,0
60,n01558993_robin,n01558993_robin_seg0_fixmask,False,0,0.0002,24,0.5386390686035156,"[0, 0, 223, 223]",33,150495,150528,0.021922831632653,fix_mask,onnx/vgg16-7.onnx,vnnlib/n01558993_robin_seg0_fixmask_k24_eps_0.0002.vnnlib,1200,unsat False,0.0509832501411438,0.0,590.4332408905029,599.4108383655548,0
61,n01558993_robin,n01558993_robin_seg0_fixmask,False,0,0.0002,50,0.5386390686035156,"[0, 0, 223, 223]",66,150462,150528,0.0438456632653061,fix_mask,onnx/vgg16-7.onnx,vnnlib/n01558993_robin_seg0_fixmask_k50_eps_0.0002.vnnlib,1200,unsat False,0.0509155988693237,0.0,661.1706714630127,669.5462441444397,0
62,n01558993_robin,n01558993_robin_seg0_fixmask,False,0,0.0002,196,0.5386390686035156,"[0, 0, 223, 223]",261,150267,150528,0.1733896683673469,fix_mask,onnx/vgg16-7.onnx,vnnlib/n01558993_robin_seg0_fixmask_k196_eps_0.0002.vnnlib,1200,unsat False,0.0508233904838562,0.0,568.8183031082153,575.2582092285156,0
63,n01558993_robin,n01558993_robin_seg0_fixmask,False,0,0.0002,784,0.5386390686035156,"[0, 0, 223, 223]",1038,149490,150528,0.6895727040816326,fix_mask,onnx/vgg16-7.onnx,vnnlib/n01558993_robin_seg0_fixmask_k784_eps_0.0002.vnnlib,1200,unsat False,0.0501357913017272,0.0,592.5094578266144,598.9446697235107,0
64,n01558993_robin,n01558993_robin_seg0_fixmask,False,0,0.0002,12544,0.5386390686035156,"[0, 0, 223, 223]",16614,133914,150528,11.037149234693878,fix_mask,onnx/vgg16-7.onnx,vnnlib/n01558993_robin_seg0_fixmask_k12544_eps_0.0002.vnnlib,1200,unsat False,0.0321791768074035,0.0,677.8537223339081,691.3883016109467,0
65,n01558993_robin,n01558993_robin_seg0_fixmask,False,0,0.0002,25088,0.5386390686035156,"[0, 0, 223, 223]",33228,117300,150528,22.074298469387756,fix_mask,onnx/vgg16-7.onnx,vnnlib/n01558993_robin_seg0_fixmask_k25088_eps_0.0002.vnnlib,1200,timeout False,-0.0322213768959045,3.0,2126.2038650512695,2143.674000263214,0
66,n01558993_robin,n01558993_robin_seg0_fixmask,False,0,0.0002,50176,0.5386390686035156,"[0, 0, 223, 223]",66456,84072,150528,44.14859693877551,fix_mask,onnx/vgg16-7.onnx,vnnlib/n01558993_robin_seg0_fixmask_k50176_eps_0.0002.vnnlib,1200,timeout False,-100.3198471069336,3.0,2570.9656043052673,2588.4470450878143,0
67,n01558993_robin,n01558993_robin_seg0_fixmask,False,0,0.0003,2,0.5386390686035156,"[0, 0, 223, 223]",3,150525,150528,0.0019929846938775,fix_mask,onnx/vgg16-7.onnx,vnnlib/n01558993_robin_seg0_fixmask_k2_eps_0.0003.vnnlib,1200,unsat False,0.0509944558143615,0.0,159.85780262947085,168.81056356430054,0
68,n01558993_robin,n01558993_robin_seg0_fixmask,False,0,0.0003,10,0.5386390686035156,"[0, 0, 223, 223]",12,150516,150528,0.0079719387755102,fix_mask,onnx/vgg16-7.onnx,vnnlib/n01558993_robin_seg0_fixmask_k10_eps_0.0003.vnnlib,1200,unsat False,0.0509760975837707,0.0,366.9088265895843,375.9962487220764,0
69,n01558993_robin,n01558993_robin_seg0_fixmask,False,0,0.0003,20,0.5386390686035156,"[0, 0, 223, 223]",27,150501,150528,0.0179368622448979,fix_mask,onnx/vgg16-7.onnx,vnnlib/n01558993_robin_seg0_fixmask_k20_eps_0.0003.vnnlib,1200,unsat False,0.0509646534919738,0.0,576.9061944484711,585.9928505420685,0
70,n01558993_robin,n01558993_robin_seg0_fixmask,False,0,0.0003,30,0.5386390686035156,"[0, 0, 223, 223]",39,150489,150528,0.0259088010204081,fix_mask,onnx/vgg16-7.onnx,vnnlib/n01558993_robin_seg0_fixmask_k30_eps_0.0003.vnnlib,1200,unsat False,0.050960898399353,0.0,592.5053193569183,601.5924911499023,0
71,n01558993_robin,n01558993_robin_seg0_fixmask,False,0,0.0003,24,0.5386390686035156,"[0, 0, 223, 223]",33,150495,150528,0.021922831632653,fix_mask,onnx/vgg16-7.onnx,vnnlib/n01558993_robin_seg0_fixmask_k24_eps_0.0003.vnnlib,1200,unsat False,0.0509757995605468,0.0,593.6890659332275,602.9675054550171,0
72,n01558993_robin,n01558993_robin_seg0_fixmask,False,0,0.0003,50,0.5386390686035156,"[0, 0, 223, 223]",66,150462,150528,0.0438456632653061,fix_mask,onnx/vgg16-7.onnx,vnnlib/n01558993_robin_seg0_fixmask_k50_eps_0.0003.vnnlib,1200,unsat False,0.0508752465248107,0.0,672.2079281806946,681.486398935318,0
73,n01558993_robin,n01558993_robin_seg0_fixmask,False,0,0.0003,196,0.5386390686035156,"[0, 0, 223, 223]",261,150267,150528,0.1733896683673469,fix_mask,onnx/vgg16-7.onnx,vnnlib/n01558993_robin_seg0_fixmask_k196_eps_0.0003.vnnlib,1200,unsat False,0.0507352352142334,0.0,575.8916387557983,585.1743969917297,0
74,n01558993_robin,n01558993_robin_seg0_fixmask,False,0,0.0003,784,0.5386390686035156,"[0, 0, 223, 223]",1038,149490,150528,0.6895727040816326,fix_mask,onnx/vgg16-7.onnx,vnnlib/n01558993_robin_seg0_fixmask_k784_eps_0.0003.vnnlib,1200,unsat False,0.0496856570243835,0.0,595.6245012283325,604.686981678009,0
75,n01558993_robin,n01558993_robin_seg0_fixmask,False,0,0.0003,12544,0.5386390686035156,"[0, 0, 223, 223]",16614,133914,150528,11.037149234693878,fix_mask,onnx/vgg16-7.onnx,vnnlib/n01558993_robin_seg0_fixmask_k12544_eps_0.0003.vnnlib,1200,unsat False,0.0126181244850158,0.0,703.4191837310791,721.144814491272,0
76,n01558993_robin,n01558993_robin_seg0_fixmask,False,0,0.0003,25088,0.5386390686035156,"[0, 0, 223, 223]",33228,117300,150528,22.074298469387756,fix_mask,onnx/vgg16-7.onnx,vnnlib/n01558993_robin_seg0_fixmask_k25088_eps_0.0003.vnnlib,1200,timeout False,-0.8417397141456604,3.0,2280.0396432876587,2297.7688126564026,0
77,n01558993_robin,n01558993_robin_seg0_fixmask,False,0,0.0003,50176,0.5386390686035156,"[0, 0, 223, 223]",66456,84072,150528,44.14859693877551,fix_mask,onnx/vgg16-7.onnx,vnnlib/n01558993_robin_seg0_fixmask_k50176_eps_0.0003.vnnlib,1200,sat True,,,,11.366376399993896,0
78,n01558993_robin,n01558993_robin_seg0_fixmask,False,0,0.0004,2,0.5386390686035156,"[0, 0, 223, 223]",3,150525,150528,0.0019929846938775,fix_mask,onnx/vgg16-7.onnx,vnnlib/n01558993_robin_seg0_fixmask_k2_eps_0.0004.vnnlib,1200,unsat False,0.0509932041168212,0.0,159.19499111175537,168.19321179389954,0
79,n01558993_robin,n01558993_robin_seg0_fixmask,False,0,0.0004,10,0.5386390686035156,"[0, 0, 223, 223]",12,150516,150528,0.0079719387755102,fix_mask,onnx/vgg16-7.onnx,vnnlib/n01558993_robin_seg0_fixmask_k10_eps_0.0004.vnnlib,1200,unsat False,0.0509697794914245,0.0,366.508663892746,375.506810426712,0
80,n01558993_robin,n01558993_robin_seg0_fixmask,False,0,0.0004,20,0.5386390686035156,"[0, 0, 223, 223]",27,150501,150528,0.0179368622448979,fix_mask,onnx/vgg16-7.onnx,vnnlib/n01558993_robin_seg0_fixmask_k20_eps_0.0004.vnnlib,1200,unsat False,0.0509545803070068,0.0,572.6814317703247,581.7771329879761,0
81,n01558993_robin,n01558993_robin_seg0_fixmask,False,0,0.0004,30,0.5386390686035156,"[0, 0, 223, 223]",39,150489,150528,0.0259088010204081,fix_mask,onnx/vgg16-7.onnx,vnnlib/n01558993_robin_seg0_fixmask_k30_eps_0.0004.vnnlib,1200,unsat False,0.0509483814239501,0.0,592.3541691303253,601.444581747055,0
82,n01558993_robin,n01558993_robin_seg0_fixmask,False,0,0.0004,24,0.5386390686035156,"[0, 0, 223, 223]",33,150495,150528,0.021922831632653,fix_mask,onnx/vgg16-7.onnx,vnnlib/n01558993_robin_seg0_fixmask_k24_eps_0.0004.vnnlib,1200,unsat False,0.0509684681892395,0.0,594.3163266181946,603.4068491458893,0
83,n01558993_robin,n01558993_robin_seg0_fixmask,False,0,0.0004,50,0.5386390686035156,"[0, 0, 223, 223]",66,150462,150528,0.0438456632653061,fix_mask,onnx/vgg16-7.onnx,vnnlib/n01558993_robin_seg0_fixmask_k50_eps_0.0004.vnnlib,1200,unsat False,0.0508337020874023,0.0,674.7671773433685,683.8759615421295,0
84,n01558993_robin,n01558993_robin_seg0_fixmask,False,0,0.0004,196,0.5386390686035156,"[0, 0, 223, 223]",261,150267,150528,0.1733896683673469,fix_mask,onnx/vgg16-7.onnx,vnnlib/n01558993_robin_seg0_fixmask_k196_eps_0.0004.vnnlib,1200,unsat False,0.0506456494331359,0.0,575.0696003437042,584.1824400424957,0
85,n01558993_robin,n01558993_robin_seg0_fixmask,False,0,0.0004,784,0.5386390686035156,"[0, 0, 223, 223]",1038,149490,150528,0.6895727040816326,fix_mask,onnx/vgg16-7.onnx,vnnlib/n01558993_robin_seg0_fixmask_k784_eps_0.0004.vnnlib,1200,unsat False,0.0492240786552429,0.0,601.0141839981079,610.123304605484,0
86,n01558993_robin,n01558993_robin_seg0_fixmask,False,0,0.0004,12544,0.5386390686035156,"[0, 0, 223, 223]",16614,133914,150528,11.037149234693878,fix_mask,onnx/vgg16-7.onnx,vnnlib/n01558993_robin_seg0_fixmask_k12544_eps_0.0004.vnnlib,1200,timeout False,-0.029725968837738,3.0,2126.1915249824524,2143.794665336609,0
87,n01558993_robin,n01558993_robin_seg0_fixmask,False,0,0.0004,25088,0.5386390686035156,"[0, 0, 223, 223]",33228,117300,150528,22.074298469387756,fix_mask,onnx/vgg16-7.onnx,vnnlib/n01558993_robin_seg0_fixmask_k25088_eps_0.0004.vnnlib,1200,timeout False,-89.16938018798828,3.0,2597.1895565986633,2614.741381645202,0
88,n01558993_robin,n01558993_robin_seg0_fixmask,False,0,0.0004,50176,0.5386390686035156,"[0, 0, 223, 223]",66456,84072,150528,44.14859693877551,fix_mask,onnx/vgg16-7.onnx,vnnlib/n01558993_robin_seg0_fixmask_k50176_eps_0.0004.vnnlib,1200,sat True,,,,11.497134923934937,0
89,n01558993_robin,n01558993_robin_seg0_fixnonmask,False,0,0.0001,2,0.5386390686035156,"[0, 0, 223, 223]",3,150525,150528,0.0019929846938775,fix_nonmask,onnx/vgg16-7.onnx,vnnlib/n01558993_robin_seg0_fixnonmask_k2_eps_0.0001.vnnlib,1200,unsat False,0.0509957671165466,0.0,176.20509219169617,185.33728742599487,0
90,n01558993_robin,n01558993_robin_seg0_fixnonmask,False,0,0.0001,10,0.5386390686035156,"[0, 0, 223, 223]",18,150510,150528,0.0119579081632653,fix_nonmask,onnx/vgg16-7.onnx,vnnlib/n01558993_robin_seg0_fixnonmask_k10_eps_0.0001.vnnlib,1200,unsat False,0.050990343093872,0.0,450.3033375740051,459.434923171997,0
91,n01558993_robin,n01558993_robin_seg0_fixnonmask,False,0,0.0001,20,0.5386390686035156,"[0, 0, 223, 223]",33,150495,150528,0.021922831632653,fix_nonmask,onnx/vgg16-7.onnx,vnnlib/n01558993_robin_seg0_fixnonmask_k20_eps_0.0001.vnnlib,1200,unsat False,0.0509844422340393,0.0,566.4947493076324,575.6264381408691,0
92,n01558993_robin,n01558993_robin_seg0_fixnonmask,False,0,0.0001,30,0.5386390686035156,"[0, 0, 223, 223]",51,150477,150528,0.0338807397959183,fix_nonmask,onnx/vgg16-7.onnx,vnnlib/n01558993_robin_seg0_fixnonmask_k30_eps_0.0001.vnnlib,1200,unsat False,0.050977885723114,0.0,636.5565538406372,645.9102387428284,0
93,n01558993_robin,n01558993_robin_seg0_fixnonmask,False,0,0.0001,24,0.5386390686035156,"[0, 0, 223, 223]",39,150489,150528,0.0259088010204081,fix_nonmask,onnx/vgg16-7.onnx,vnnlib/n01558993_robin_seg0_fixnonmask_k24_eps_0.0001.vnnlib,1200,unsat False,0.0509814023971557,0.0,600.1220474243164,609.4764440059662,0
94,n01558993_robin,n01558993_robin_seg0_fixnonmask,False,0,0.0001,50,0.5386390686035156,"[0, 0, 223, 223]",84,150444,150528,0.0558035714285714,fix_nonmask,onnx/vgg16-7.onnx,vnnlib/n01558993_robin_seg0_fixnonmask_k50_eps_0.0001.vnnlib,1200,unsat False,0.05097097158432,0.0,694.3314235210419,703.6851155757904,0
95,n01558993_robin,n01558993_robin_seg0_fixnonmask,False,0,0.0001,196,0.5386390686035156,"[0, 0, 223, 223]",327,150201,150528,0.217235331632653,fix_nonmask,onnx/vgg16-7.onnx,vnnlib/n01558993_robin_seg0_fixnonmask_k196_eps_0.0001.vnnlib,1200,unsat False,0.0508619546890258,0.0,570.6987936496735,579.6158187389374,0
96,n01558993_robin,n01558993_robin_seg0_fixnonmask,False,0,0.0001,784,0.5386390686035156,"[0, 0, 223, 223]",1314,149214,150528,0.8729272959183674,fix_nonmask,onnx/vgg16-7.onnx,vnnlib/n01558993_robin_seg0_fixnonmask_k784_eps_0.0001.vnnlib,1200,unsat False,0.0505427122116088,0.0,582.8635563850403,591.7799341678619,0
97,n01558993_robin,n01558993_robin_seg0_fixnonmask,False,0,0.0001,12544,0.5386390686035156,"[0, 0, 223, 223]",21018,129510,150528,13.962850765306122,fix_nonmask,onnx/vgg16-7.onnx,vnnlib/n01558993_robin_seg0_fixnonmask_k12544_eps_0.0001.vnnlib,1200,unsat False,0.0417020320892334,0.0,660.9215788841248,678.4740736484528,0
98,n01558993_robin,n01558993_robin_seg0_fixnonmask,False,0,0.0001,25088,0.5386390686035156,"[0, 0, 223, 223]",42036,108492,150528,27.925701530612244,fix_nonmask,onnx/vgg16-7.onnx,vnnlib/n01558993_robin_seg0_fixnonmask_k25088_eps_0.0001.vnnlib,1200,unsat False,0.0257973670959472,0.0,684.7927684783936,702.3557150363922,0
99,n01558993_robin,n01558993_robin_seg0_fixnonmask,False,0,0.0001,50176,0.5386390686035156,"[0, 0, 223, 223]",84072,66456,150528,55.85140306122449,fix_nonmask,onnx/vgg16-7.onnx,vnnlib/n01558993_robin_seg0_fixnonmask_k50176_eps_0.0001.vnnlib,1200,timeout False,-0.1386127471923828,3.0,2150.9098398685455,2168.400884628296,0
100,n01558993_robin,n01558993_robin_seg0_fixnonmask,False,0,0.0002,2,0.5386390686035156,"[0, 0, 223, 223]",3,150525,150528,0.0019929846938775,fix_nonmask,onnx/vgg16-7.onnx,vnnlib/n01558993_robin_seg0_fixnonmask_k2_eps_0.0002.vnnlib,1200,unsat False,0.0509951114654541,0.0,177.6049964427948,186.59335708618164,0
101,n01558993_robin,n01558993_robin_seg0_fixnonmask,False,0,0.0002,10,0.5386390686035156,"[0, 0, 223, 223]",18,150510,150528,0.0119579081632653,fix_nonmask,onnx/vgg16-7.onnx,vnnlib/n01558993_robin_seg0_fixnonmask_k10_eps_0.0002.vnnlib,1200,unsat False,0.0509844422340393,0.0,449.2548449039459,458.5107538700104,0
102,n01558993_robin,n01558993_robin_seg0_fixnonmask,False,0,0.0002,20,0.5386390686035156,"[0, 0, 223, 223]",33,150495,150528,0.021922831632653,fix_nonmask,onnx/vgg16-7.onnx,vnnlib/n01558993_robin_seg0_fixnonmask_k20_eps_0.0002.vnnlib,1200,unsat False,0.0509716868400573,0.0,576.7154085636139,585.9707179069519,0
103,n01558993_robin,n01558993_robin_seg0_fixnonmask,False,0,0.0002,30,0.5386390686035156,"[0, 0, 223, 223]",51,150477,150528,0.0338807397959183,fix_nonmask,onnx/vgg16-7.onnx,vnnlib/n01558993_robin_seg0_fixnonmask_k30_eps_0.0002.vnnlib,1200,unsat False,0.0509579181671142,0.0,648.2543892860413,657.5099790096283,0
104,n01558993_robin,n01558993_robin_seg0_fixnonmask,False,0,0.0002,24,0.5386390686035156,"[0, 0, 223, 223]",39,150489,150528,0.0259088010204081,fix_nonmask,onnx/vgg16-7.onnx,vnnlib/n01558993_robin_seg0_fixnonmask_k24_eps_0.0002.vnnlib,1200,unsat False,0.0509656071662902,0.0,607.124673128128,616.1086714267731,0
105,n01558993_robin,n01558993_robin_seg0_fixnonmask,False,0,0.0002,50,0.5386390686035156,"[0, 0, 223, 223]",84,150444,150528,0.0558035714285714,fix_nonmask,onnx/vgg16-7.onnx,vnnlib/n01558993_robin_seg0_fixnonmask_k50_eps_0.0002.vnnlib,1200,unsat False,0.0509437918663024,0.0,695.8273751735687,704.8112773895264,0
106,n01558993_robin,n01558993_robin_seg0_fixnonmask,False,0,0.0002,196,0.5386390686035156,"[0, 0, 223, 223]",327,150201,150528,0.217235331632653,fix_nonmask,onnx/vgg16-7.onnx,vnnlib/n01558993_robin_seg0_fixnonmask_k196_eps_0.0002.vnnlib,1200,unsat False,0.0507265925407409,0.0,597.3340694904327,606.3225917816162,0
107,n01558993_robin,n01558993_robin_seg0_fixnonmask,False,0,0.0002,784,0.5386390686035156,"[0, 0, 223, 223]",1314,149214,150528,0.8729272959183674,fix_nonmask,onnx/vgg16-7.onnx,vnnlib/n01558993_robin_seg0_fixnonmask_k784_eps_0.0002.vnnlib,1200,unsat False,0.0500693321228027,0.0,579.204003572464,588.2178664207458,0
108,n01558993_robin,n01558993_robin_seg0_fixnonmask,False,0,0.0002,12544,0.5386390686035156,"[0, 0, 223, 223]",21018,129510,150528,13.962850765306122,fix_nonmask,onnx/vgg16-7.onnx,vnnlib/n01558993_robin_seg0_fixnonmask_k12544_eps_0.0002.vnnlib,1200,unsat False,0.0254736542701721,0.0,684.823823928833,700.9945600032806,0
109,n01558993_robin,n01558993_robin_seg0_fixnonmask,False,0,0.0002,25088,0.5386390686035156,"[0, 0, 223, 223]",42036,108492,150528,27.925701530612244,fix_nonmask,onnx/vgg16-7.onnx,vnnlib/n01558993_robin_seg0_fixnonmask_k25088_eps_0.0002.vnnlib,1200,timeout False,-0.1417378187179565,3.0,2156.1456954479218,2172.2079544067383,0
110,n01558993_robin,n01558993_robin_seg0_fixnonmask,False,0,0.0002,50176,0.5386390686035156,"[0, 0, 223, 223]",84072,66456,150528,55.85140306122449,fix_nonmask,onnx/vgg16-7.onnx,vnnlib/n01558993_robin_seg0_fixnonmask_k50176_eps_0.0002.vnnlib,1200,sat True,,,,7.49229884147644,0
111,n01558993_robin,n01558993_robin_seg0_fixnonmask,False,0,0.0003,2,0.5386390686035156,"[0, 0, 223, 223]",3,150525,150528,0.0019929846938775,fix_nonmask,onnx/vgg16-7.onnx,vnnlib/n01558993_robin_seg0_fixnonmask_k2_eps_0.0003.vnnlib,1200,unsat False,0.0509947538375854,0.0,176.4120388031006,182.91713738441467,0
112,n01558993_robin,n01558993_robin_seg0_fixnonmask,False,0,0.0003,10,0.5386390686035156,"[0, 0, 223, 223]",18,150510,150528,0.0119579081632653,fix_nonmask,onnx/vgg16-7.onnx,vnnlib/n01558993_robin_seg0_fixnonmask_k10_eps_0.0003.vnnlib,1200,unsat False,0.0509783625602722,0.0,454.7209143638611,461.22883009910583,0
113,n01558993_robin,n01558993_robin_seg0_fixnonmask,False,0,0.0003,20,0.5386390686035156,"[0, 0, 223, 223]",33,150495,150528,0.021922831632653,fix_nonmask,onnx/vgg16-7.onnx,vnnlib/n01558993_robin_seg0_fixnonmask_k20_eps_0.0003.vnnlib,1200,unsat False,0.0509591698646545,0.0,576.7092432975769,585.7408430576324,0
114,n01558993_robin,n01558993_robin_seg0_fixnonmask,False,0,0.0003,30,0.5386390686035156,"[0, 0, 223, 223]",51,150477,150528,0.0338807397959183,fix_nonmask,onnx/vgg16-7.onnx,vnnlib/n01558993_robin_seg0_fixnonmask_k30_eps_0.0003.vnnlib,1200,unsat False,0.0509385466575622,0.0,651.5816330909729,660.6129693984985,0
115,n01558993_robin,n01558993_robin_seg0_fixnonmask,False,0,0.0003,24,0.5386390686035156,"[0, 0, 223, 223]",39,150489,150528,0.0259088010204081,fix_nonmask,onnx/vgg16-7.onnx,vnnlib/n01558993_robin_seg0_fixnonmask_k24_eps_0.0003.vnnlib,1200,unsat False,0.0509496331214904,0.0,609.7984762191772,618.8295543193817,0
116,n01558993_robin,n01558993_robin_seg0_fixnonmask,False,0,0.0003,50,0.5386390686035156,"[0, 0, 223, 223]",84,150444,150528,0.0558035714285714,fix_nonmask,onnx/vgg16-7.onnx,vnnlib/n01558993_robin_seg0_fixnonmask_k50_eps_0.0003.vnnlib,1200,unsat False,0.0509179234504699,0.0,704.7371768951416,713.7289588451385,0
117,n01558993_robin,n01558993_robin_seg0_fixnonmask,False,0,0.0003,196,0.5386390686035156,"[0, 0, 223, 223]",327,150201,150528,0.217235331632653,fix_nonmask,onnx/vgg16-7.onnx,vnnlib/n01558993_robin_seg0_fixnonmask_k196_eps_0.0003.vnnlib,1200,unsat False,0.0505886077880859,0.0,599.6681308746338,608.6600091457367,0
118,n01558993_robin,n01558993_robin_seg0_fixnonmask,False,0,0.0003,784,0.5386390686035156,"[0, 0, 223, 223]",1314,149214,150528,0.8729272959183674,fix_nonmask,onnx/vgg16-7.onnx,vnnlib/n01558993_robin_seg0_fixnonmask_k784_eps_0.0003.vnnlib,1200,unsat False,0.0495808720588684,0.0,594.2135434150696,603.2061486244202,0
119,n01558993_robin,n01558993_robin_seg0_fixnonmask,False,0,0.0003,12544,0.5386390686035156,"[0, 0, 223, 223]",21018,129510,150528,13.962850765306122,fix_nonmask,onnx/vgg16-7.onnx,vnnlib/n01558993_robin_seg0_fixnonmask_k12544_eps_0.0003.vnnlib,1200,timeout False,-0.0132217407226562,3.0,2091.947179555893,2109.33341383934,0
120,n01558993_robin,n01558993_robin_seg0_fixnonmask,False,0,0.0003,25088,0.5386390686035156,"[0, 0, 223, 223]",42036,108492,150528,27.925701530612244,fix_nonmask,onnx/vgg16-7.onnx,vnnlib/n01558993_robin_seg0_fixnonmask_k25088_eps_0.0003.vnnlib,1200,timeout False,-45.56795883178711,3.0,2490.1517128944397,2507.5499634742737,0
121,n01558993_robin,n01558993_robin_seg0_fixnonmask,False,0,0.0003,50176,0.5386390686035156,"[0, 0, 223, 223]",84072,66456,150528,55.85140306122449,fix_nonmask,onnx/vgg16-7.onnx,vnnlib/n01558993_robin_seg0_fixnonmask_k50176_eps_0.0003.vnnlib,1200,sat True,,,,11.249125957489014,0
122,n01558993_robin,n01558993_robin_seg0_fixnonmask,False,0,0.0004,2,0.5386390686035156,"[0, 0, 223, 223]",3,150525,150528,0.0019929846938775,fix_nonmask,onnx/vgg16-7.onnx,vnnlib/n01558993_robin_seg0_fixnonmask_k2_eps_0.0004.vnnlib,1200,unsat False,0.0509940385818481,0.0,180.27226185798645,189.44560360908508,0
123,n01558993_robin,n01558993_robin_seg0_fixnonmask,False,0,0.0004,10,0.5386390686035156,"[0, 0, 223, 223]",18,150510,150528,0.0119579081632653,fix_nonmask,onnx/vgg16-7.onnx,vnnlib/n01558993_robin_seg0_fixnonmask_k10_eps_0.0004.vnnlib,1200,unsat False,0.0509727597236633,0.0,456.0854125022888,465.25849056243896,0
124,n01558993_robin,n01558993_robin_seg0_fixnonmask,False,0,0.0004,20,0.5386390686035156,"[0, 0, 223, 223]",33,150495,150528,0.021922831632653,fix_nonmask,onnx/vgg16-7.onnx,vnnlib/n01558993_robin_seg0_fixnonmask_k20_eps_0.0004.vnnlib,1200,unsat False,0.0509464144706726,0.0,577.2462668418884,586.4193489551544,0
125,n01558993_robin,n01558993_robin_seg0_fixnonmask,False,0,0.0004,30,0.5386390686035156,"[0, 0, 223, 223]",51,150477,150528,0.0338807397959183,fix_nonmask,onnx/vgg16-7.onnx,vnnlib/n01558993_robin_seg0_fixnonmask_k30_eps_0.0004.vnnlib,1200,unsat False,0.0509183406829834,0.0,656.0661652088165,665.3641691207886,0
126,n01558993_robin,n01558993_robin_seg0_fixnonmask,False,0,0.0004,24,0.5386390686035156,"[0, 0, 223, 223]",39,150489,150528,0.0259088010204081,fix_nonmask,onnx/vgg16-7.onnx,vnnlib/n01558993_robin_seg0_fixnonmask_k24_eps_0.0004.vnnlib,1200,unsat False,0.0509341359138488,0.0,611.0920698642731,620.3906230926514,0
127,n01558993_robin,n01558993_robin_seg0_fixnonmask,False,0,0.0004,50,0.5386390686035156,"[0, 0, 223, 223]",84,150444,150528,0.0558035714285714,fix_nonmask,onnx/vgg16-7.onnx,vnnlib/n01558993_robin_seg0_fixnonmask_k50_eps_0.0004.vnnlib,1200,unsat False,0.0508909821510314,0.0,709.872141122818,719.1780755519867,0
128,n01558993_robin,n01558993_robin_seg0_fixnonmask,False,0,0.0004,196,0.5386390686035156,"[0, 0, 223, 223]",327,150201,150528,0.217235331632653,fix_nonmask,onnx/vgg16-7.onnx,vnnlib/n01558993_robin_seg0_fixnonmask_k196_eps_0.0004.vnnlib,1200,unsat False,0.0504487752914428,0.0,601.1303544044495,610.1827380657196,0
129,n01558993_robin,n01558993_robin_seg0_fixnonmask,False,0,0.0004,784,0.5386390686035156,"[0, 0, 223, 223]",1314,149214,150528,0.8729272959183674,fix_nonmask,onnx/vgg16-7.onnx,vnnlib/n01558993_robin_seg0_fixnonmask_k784_eps_0.0004.vnnlib,1200,unsat False,0.0490801930427551,0.0,607.169935464859,616.2218358516693,0
130,n01558993_robin,n01558993_robin_seg0_fixnonmask,False,0,0.0004,12544,0.5386390686035156,"[0, 0, 223, 223]",21018,129510,150528,13.962850765306122,fix_nonmask,onnx/vgg16-7.onnx,vnnlib/n01558993_robin_seg0_fixnonmask_k12544_eps_0.0004.vnnlib,1200,timeout False,-0.1570528745651245,3.0,2152.5019698143005,2170.079401254654,0
131,n01558993_robin,n01558993_robin_seg0_fixnonmask,False,0,0.0004,25088,0.5386390686035156,"[0, 0, 223, 223]",42036,108492,150528,27.925701530612244,fix_nonmask,onnx/vgg16-7.onnx,vnnlib/n01558993_robin_seg0_fixnonmask_k25088_eps_0.0004.vnnlib,1200,sat True,,,,11.592785358428957,0
132,n01558993_robin,n01558993_robin_seg0_fixnonmask,False,0,0.0004,50176,0.5386390686035156,"[0, 0, 223, 223]",84072,66456,150528,55.85140306122449,fix_nonmask,onnx/vgg16-7.onnx,vnnlib/n01558993_robin_seg0_fixnonmask_k50176_eps_0.0004.vnnlib,1200,sat True,,,,11.534472703933716,0
