image,seg_index,model,onnx,img_path,phi,yhat,L_global,L_global_src,global_result,L_global_imputed,L_object,L_object_src,object_result,L_object_imputed,L_background,L_background_src,background_result,L_background_imputed,Gamma,Gamma_defined
resnet_medium__label_25__idx_2893,0,CIFAR100_resnet_medium,/Users/zd3504phd/Desktop/XAIV/benchmarks/cifar100_all/onnx/CIFAR100_resnet_medium.onnx,/Users/zd3504phd/Desktop/XAIV/benchmarks/cifar100_2024/decoded_vnnlibs/resnet_large__label_25__idx_2893.png,2.8130645751953125,23,0.0,SAFE->0,unsat False,True,0.0637226104736328,lb_min_finite,unsat False,False,0.0,SAFE->0,unsat True,True,-2.7493419647216797,True
resnet_medium__label_98__idx_40,0,CIFAR100_resnet_medium,/Users/zd3504phd/Desktop/XAIV/benchmarks/cifar100_all/onnx/CIFAR100_resnet_medium.onnx,/Users/zd3504phd/Desktop/XAIV/benchmarks/cifar100_2024/decoded_vnnlibs/resnet_medium__label_98__idx_40.png,1.9016895294189453,79,0.0,SAFE->0,unsat False,True,0.0,SAFE->0,unsat False,True,0.0,SAFE->0,unsat True,True,-1.9016895294189453,True
resnet_medium__label_5__idx_928,0,CIFAR100_resnet_medium,/Users/zd3504phd/Desktop/XAIV/benchmarks/cifar100_all/onnx/CIFAR100_resnet_medium.onnx,/Users/zd3504phd/Desktop/XAIV/benchmarks/cifar100_2024/decoded_vnnlibs/resnet_medium__label_5__idx_928.png,1.5083260536193848,23,0.0,SAFE->0,unsat False,True,0.0,SAFE->0,unsat True,True,0.0,SAFE->0,unsat True,True,-1.5083260536193848,True
resnet_large__label_29__idx_242,0,CIFAR100_resnet_large,/Users/zd3504phd/Desktop/XAIV/benchmarks/cifar100_all/onnx/CIFAR100_resnet_large.onnx,/Users/zd3504phd/Desktop/XAIV/benchmarks/cifar100_2024/decoded_vnnlibs/resnet_large__label_29__idx_242.png,1.341831922531128,99,0.1506123542785644,lb_min_finite,unsat False,False,0.0,SAFE->0,unsat True,True,0.0,SAFE->0,unsat True,True,-1.4924442768096924,True
resnet_medium__label_48__idx_8860,0,CIFAR100_resnet_medium,/Users/zd3504phd/Desktop/XAIV/benchmarks/cifar100_all/onnx/CIFAR100_resnet_medium.onnx,/Users/zd3504phd/Desktop/XAIV/benchmarks/cifar100_2024/decoded_vnnlibs/resnet_large__label_48__idx_8860.png,1.3071072101593018,23,0.1664910316467285,lb_min_finite,unsat False,False,0.0,SAFE->0,unsat False,True,0.0,SAFE->0,unsat True,True,-1.4735982418060303,True
resnet_medium__label_37__idx_6343,0,CIFAR100_resnet_medium,/Users/zd3504phd/Desktop/XAIV/benchmarks/cifar100_all/onnx/CIFAR100_resnet_medium.onnx,/Users/zd3504phd/Desktop/XAIV/benchmarks/cifar100_2024/decoded_vnnlibs/resnet_medium__label_37__idx_6343.png,1.385955572128296,23,0.0869042873382568,lb_min_finite,timeout False,False,0.0,SAFE->0,unsat False,True,0.0,SAFE->0,unsat True,True,-1.4728598594665527,True
resnet_large__label_2__idx_972,0,CIFAR100_resnet_large,/Users/zd3504phd/Desktop/XAIV/benchmarks/cifar100_all/onnx/CIFAR100_resnet_large.onnx,/Users/zd3504phd/Desktop/XAIV/benchmarks/cifar100_2024/decoded_vnnlibs/resnet_large__label_2__idx_972.png,1.2420575618743896,99,0.1384229660034179,lb_min_finite,unsat False,False,0.0,SAFE->0,unsat False,True,0.0,SAFE->0,unsat True,True,-1.3804805278778076,True
resnet_medium__label_7__idx_1605,0,CIFAR100_resnet_medium,/Users/zd3504phd/Desktop/XAIV/benchmarks/cifar100_all/onnx/CIFAR100_resnet_medium.onnx,/Users/zd3504phd/Desktop/XAIV/benchmarks/cifar100_2024/decoded_vnnlibs/resnet_medium__label_7__idx_1605.png,0.9531152248382568,99,0.2493829727172851,lb_min_finite,timeout False,False,0.0,SAFE->0,unsat True,True,0.0,SAFE->0,unsat False,True,-1.202498197555542,True
resnet_large__label_50__idx_2762,0,CIFAR100_resnet_large,/Users/zd3504phd/Desktop/XAIV/benchmarks/cifar100_all/onnx/CIFAR100_resnet_large.onnx,/Users/zd3504phd/Desktop/XAIV/benchmarks/cifar100_2024/decoded_vnnlibs/resnet_large__label_50__idx_2762.png,1.1821041107177734,99,0.0,SAFE->0,unsat False,True,0.0,SAFE->0,unsat True,True,0.0,SAFE->0,unsat True,True,-1.1821041107177734,True
resnet_medium__label_9__idx_7593,0,CIFAR100_resnet_medium,/Users/zd3504phd/Desktop/XAIV/benchmarks/cifar100_all/onnx/CIFAR100_resnet_medium.onnx,/Users/zd3504phd/Desktop/XAIV/benchmarks/cifar100_2024/decoded_vnnlibs/resnet_medium__label_9__idx_7593.png,1.1777002811431885,99,0.0,SAFE->0,unsat False,True,0.0,SAFE->0,unsat False,True,0.0,SAFE->0,unsat True,True,-1.1777002811431885,True
resnet_medium__label_43__idx_5506,0,CIFAR100_resnet_medium,/Users/zd3504phd/Desktop/XAIV/benchmarks/cifar100_all/onnx/CIFAR100_resnet_medium.onnx,/Users/zd3504phd/Desktop/XAIV/benchmarks/cifar100_2024/decoded_vnnlibs/resnet_medium__label_43__idx_5506.png,0.959639310836792,99,0.1748561859130859,lb_min_finite,unsat False,False,0.0,SAFE->0,unsat False,True,0.0,SAFE->0,unsat True,True,-1.134495496749878,True
resnet_medium__label_31__idx_4651,0,CIFAR100_resnet_medium,/Users/zd3504phd/Desktop/XAIV/benchmarks/cifar100_all/onnx/CIFAR100_resnet_medium.onnx,/Users/zd3504phd/Desktop/XAIV/benchmarks/cifar100_2024/decoded_vnnlibs/resnet_medium__label_31__idx_4651.png,0.9724760055541992,23,0.043700098991394,lb_min_finite,unsat False,False,0.0,SAFE->0,unsat True,True,0.0,SAFE->0,unsat True,True,-1.0161761045455933,True
resnet_medium__label_5__idx_4543,0,CIFAR100_resnet_medium,/Users/zd3504phd/Desktop/XAIV/benchmarks/cifar100_all/onnx/CIFAR100_resnet_medium.onnx,/Users/zd3504phd/Desktop/XAIV/benchmarks/cifar100_2024/decoded_vnnlibs/resnet_medium__label_5__idx_4543.png,0.8129134178161621,23,0.1855878829956054,lb_min_finite,timeout False,False,0.0,SAFE->0,unsat False,True,0.0,SAFE->0,unsat True,True,-0.9985013008117676,True
resnet_medium__label_81__idx_6695,0,CIFAR100_resnet_medium,/Users/zd3504phd/Desktop/XAIV/benchmarks/cifar100_all/onnx/CIFAR100_resnet_medium.onnx,/Users/zd3504phd/Desktop/XAIV/benchmarks/cifar100_2024/decoded_vnnlibs/resnet_medium__label_81__idx_6695.png,0.8253824710845947,23,0.07969331741333,lb_min_finite,timeout False,False,0.0,SAFE->0,unsat False,True,0.0,SAFE->0,unsat True,True,-0.9050757884979247,True
resnet_large__label_21__idx_2858,0,CIFAR100_resnet_large,/Users/zd3504phd/Desktop/XAIV/benchmarks/cifar100_all/onnx/CIFAR100_resnet_large.onnx,/Users/zd3504phd/Desktop/XAIV/benchmarks/cifar100_2024/decoded_vnnlibs/resnet_large__label_21__idx_2858.png,0.9043521881103516,23,0.0,SAFE->0,unsat False,True,0.0,SAFE->0,unsat False,True,0.0,SAFE->0,unsat True,True,-0.9043521881103516,True
resnet_large__label_33__idx_313,0,CIFAR100_resnet_large,/Users/zd3504phd/Desktop/XAIV/benchmarks/cifar100_all/onnx/CIFAR100_resnet_large.onnx,/Users/zd3504phd/Desktop/XAIV/benchmarks/cifar100_2024/decoded_vnnlibs/resnet_large__label_33__idx_313.png,0.8739287853240967,99,0.0,SAFE->0,unsat False,True,0.0,SAFE->0,unsat True,True,0.0,SAFE->0,unsat True,True,-0.8739287853240967,True
resnet_medium__label_20__idx_3539,0,CIFAR100_resnet_medium,/Users/zd3504phd/Desktop/XAIV/benchmarks/cifar100_all/onnx/CIFAR100_resnet_medium.onnx,/Users/zd3504phd/Desktop/XAIV/benchmarks/cifar100_2024/decoded_vnnlibs/resnet_medium__label_20__idx_3539.png,0.8697576522827148,79,0.0,SAFE->0,unsat False,True,0.0,SAFE->0,unsat False,True,0.0,SAFE->0,unsat True,True,-0.8697576522827148,True
resnet_large__label_32__idx_4987,0,CIFAR100_resnet_large,/Users/zd3504phd/Desktop/XAIV/benchmarks/cifar100_all/onnx/CIFAR100_resnet_large.onnx,/Users/zd3504phd/Desktop/XAIV/benchmarks/cifar100_2024/decoded_vnnlibs/resnet_large__label_32__idx_4987.png,0.8613796234130859,61,0.0,SAFE->0,unsat False,True,0.0,SAFE->0,unsat False,True,0.0,SAFE->0,unsat True,True,-0.8613796234130859,True
resnet_medium__label_33__idx_1208,0,CIFAR100_resnet_medium,/Users/zd3504phd/Desktop/XAIV/benchmarks/cifar100_all/onnx/CIFAR100_resnet_medium.onnx,/Users/zd3504phd/Desktop/XAIV/benchmarks/cifar100_2024/decoded_vnnlibs/resnet_medium__label_33__idx_1208.png,0.838437557220459,79,0.0,SAFE->0,unsat False,True,0.0,SAFE->0,unsat True,True,0.0,SAFE->0,unsat True,True,-0.838437557220459,True
resnet_medium__label_31__idx_2848,0,CIFAR100_resnet_medium,/Users/zd3504phd/Desktop/XAIV/benchmarks/cifar100_all/onnx/CIFAR100_resnet_medium.onnx,/Users/zd3504phd/Desktop/XAIV/benchmarks/cifar100_2024/decoded_vnnlibs/resnet_medium__label_31__idx_2848.png,0.7810325622558594,23,0.0483624935150146,lb_min_finite,unsat False,False,0.0,SAFE->0,unsat False,True,0.0,SAFE->0,unsat True,True,-0.829395055770874,True
resnet_large__label_88__idx_5910,0,CIFAR100_resnet_large,/Users/zd3504phd/Desktop/XAIV/benchmarks/cifar100_all/onnx/CIFAR100_resnet_large.onnx,/Users/zd3504phd/Desktop/XAIV/benchmarks/cifar100_2024/decoded_vnnlibs/resnet_large__label_88__idx_5910.png,0.7303779125213623,23,0.0650711059570312,lb_min_finite,unsat False,False,0.0,SAFE->0,unsat True,True,0.0,SAFE->0,unsat True,True,-0.7954490184783936,True
resnet_medium__label_84__idx_8846,0,CIFAR100_resnet_medium,/Users/zd3504phd/Desktop/XAIV/benchmarks/cifar100_all/onnx/CIFAR100_resnet_medium.onnx,/Users/zd3504phd/Desktop/XAIV/benchmarks/cifar100_2024/decoded_vnnlibs/resnet_medium__label_84__idx_8846.png,0.7865078449249268,23,0.0,SAFE->0,unsat False,True,0.0,SAFE->0,unsat False,True,0.0,SAFE->0,unsat True,True,-0.7865078449249268,True
resnet_medium__label_60__idx_4583,0,CIFAR100_resnet_medium,/Users/zd3504phd/Desktop/XAIV/benchmarks/cifar100_all/onnx/CIFAR100_resnet_medium.onnx,/Users/zd3504phd/Desktop/XAIV/benchmarks/cifar100_2024/decoded_vnnlibs/resnet_medium__label_60__idx_4583.png,0.7779133319854736,23,0.0,SAFE->0,unsat False,True,0.0,SAFE->0,unsat False,True,0.0,SAFE->0,unsat True,True,-0.7779133319854736,True
resnet_medium__label_50__idx_4337,0,CIFAR100_resnet_medium,/Users/zd3504phd/Desktop/XAIV/benchmarks/cifar100_all/onnx/CIFAR100_resnet_medium.onnx,/Users/zd3504phd/Desktop/XAIV/benchmarks/cifar100_2024/decoded_vnnlibs/resnet_medium__label_50__idx_4337.png,0.7762703895568848,61,0.0,SAFE->0,unsat False,True,0.0,SAFE->0,unsat False,True,0.0,SAFE->0,unsat True,True,-0.7762703895568848,True
resnet_medium__label_8__idx_1540,0,CIFAR100_resnet_medium,/Users/zd3504phd/Desktop/XAIV/benchmarks/cifar100_all/onnx/CIFAR100_resnet_medium.onnx,/Users/zd3504phd/Desktop/XAIV/benchmarks/cifar100_2024/decoded_vnnlibs/resnet_medium__label_8__idx_1540.png,0.7676985263824463,79,0.0,SAFE->0,unsat False,True,0.0,SAFE->0,unsat True,True,0.0,SAFE->0,unsat True,True,-0.7676985263824463,True
resnet_medium__label_17__idx_388,0,CIFAR100_resnet_medium,/Users/zd3504phd/Desktop/XAIV/benchmarks/cifar100_all/onnx/CIFAR100_resnet_medium.onnx,/Users/zd3504phd/Desktop/XAIV/benchmarks/cifar100_2024/decoded_vnnlibs/resnet_medium__label_17__idx_388.png,0.7650742530822754,23,0.0,SAFE->0,unsat False,True,0.0,SAFE->0,unsat True,True,0.0,SAFE->0,unsat True,True,-0.7650742530822754,True
resnet_medium__label_57__idx_7197,0,CIFAR100_resnet_medium,/Users/zd3504phd/Desktop/XAIV/benchmarks/cifar100_all/onnx/CIFAR100_resnet_medium.onnx,/Users/zd3504phd/Desktop/XAIV/benchmarks/cifar100_2024/decoded_vnnlibs/resnet_medium__label_57__idx_7197.png,0.7419066429138184,28,0.0,SAFE->0,unsat False,True,0.0,SAFE->0,unsat False,True,0.0,SAFE->0,unsat True,True,-0.7419066429138184,True
resnet_medium__label_89__idx_3301,0,CIFAR100_resnet_medium,/Users/zd3504phd/Desktop/XAIV/benchmarks/cifar100_all/onnx/CIFAR100_resnet_medium.onnx,/Users/zd3504phd/Desktop/XAIV/benchmarks/cifar100_2024/decoded_vnnlibs/resnet_medium__label_89__idx_3301.png,0.735994815826416,67,0.0,SAFE->0,unsat False,True,0.0,SAFE->0,unsat True,True,0.0,SAFE->0,unsat True,True,-0.735994815826416,True
resnet_large__label_49__idx_6596,0,CIFAR100_resnet_large,/Users/zd3504phd/Desktop/XAIV/benchmarks/cifar100_all/onnx/CIFAR100_resnet_large.onnx,/Users/zd3504phd/Desktop/XAIV/benchmarks/cifar100_2024/decoded_vnnlibs/resnet_large__label_49__idx_6596.png,0.7397060394287109,23,0.0559189319610595,lb_min_finite,timeout False,False,0.0603754520416259,lb_min_finite,timeout False,False,0.0,SAFE->0,unsat True,True,-0.7352495193481445,True
resnet_medium__label_88__idx_533,0,CIFAR100_resnet_medium,/Users/zd3504phd/Desktop/XAIV/benchmarks/cifar100_all/onnx/CIFAR100_resnet_medium.onnx,/Users/zd3504phd/Desktop/XAIV/benchmarks/cifar100_2024/decoded_vnnlibs/resnet_medium__label_88__idx_533.png,0.5441975593566895,79,0.260420560836792,lb_min_finite,timeout False,False,0.0727829933166503,lb_min_finite,timeout False,False,0.0,SAFE->0,unsat True,True,-0.7318351268768312,True
resnet_large__label_63__idx_2652,0,CIFAR100_resnet_large,/Users/zd3504phd/Desktop/XAIV/benchmarks/cifar100_all/onnx/CIFAR100_resnet_large.onnx,/Users/zd3504phd/Desktop/XAIV/benchmarks/cifar100_2024/decoded_vnnlibs/resnet_large__label_63__idx_2652.png,0.7203309535980225,99,0.0,SAFE->0,unsat True,True,0.0,SAFE->0,unsat True,True,0.0,SAFE->0,unsat True,True,-0.7203309535980225,True
resnet_medium__label_43__idx_7494,0,CIFAR100_resnet_medium,/Users/zd3504phd/Desktop/XAIV/benchmarks/cifar100_all/onnx/CIFAR100_resnet_medium.onnx,/Users/zd3504phd/Desktop/XAIV/benchmarks/cifar100_2024/decoded_vnnlibs/resnet_medium__label_43__idx_7494.png,0.6945877075195312,99,0.0,SAFE->0,unsat False,True,0.0,SAFE->0,unsat True,True,0.0,SAFE->0,unsat True,True,-0.6945877075195312,True
resnet_large__label_90__idx_4217,0,CIFAR100_resnet_large,/Users/zd3504phd/Desktop/XAIV/benchmarks/cifar100_all/onnx/CIFAR100_resnet_large.onnx,/Users/zd3504phd/Desktop/XAIV/benchmarks/cifar100_2024/decoded_vnnlibs/resnet_large__label_90__idx_4217.png,0.622514009475708,67,0.0707154273986816,lb_min_finite,unsat False,False,0.0,SAFE->0,unsat True,True,0.0,SAFE->0,unsat True,True,-0.6932294368743896,True
resnet_large__label_59__idx_5602,0,CIFAR100_resnet_large,/Users/zd3504phd/Desktop/XAIV/benchmarks/cifar100_all/onnx/CIFAR100_resnet_large.onnx,/Users/zd3504phd/Desktop/XAIV/benchmarks/cifar100_2024/decoded_vnnlibs/resnet_large__label_59__idx_5602.png,0.6820712089538574,23,0.0,SAFE->0,unsat False,True,0.0,SAFE->0,unsat False,True,0.0,SAFE->0,unsat True,True,-0.6820712089538574,True
resnet_large__label_66__idx_5883,0,CIFAR100_resnet_large,/Users/zd3504phd/Desktop/XAIV/benchmarks/cifar100_all/onnx/CIFAR100_resnet_large.onnx,/Users/zd3504phd/Desktop/XAIV/benchmarks/cifar100_2024/decoded_vnnlibs/resnet_large__label_66__idx_5883.png,0.364454984664917,99,0.3135592937469482,lb_min_finite,timeout False,False,0.0,SAFE->0,unsat False,True,0.0,SAFE->0,unsat True,True,-0.6780142784118652,True
resnet_large__label_37__idx_2903,0,CIFAR100_resnet_large,/Users/zd3504phd/Desktop/XAIV/benchmarks/cifar100_all/onnx/CIFAR100_resnet_large.onnx,/Users/zd3504phd/Desktop/XAIV/benchmarks/cifar100_2024/decoded_vnnlibs/resnet_large__label_37__idx_2903.png,0.5924327373504639,23,0.0761070251464843,lb_min_finite,unsat False,False,0.0,SAFE->0,unsat True,True,0.0,SAFE->0,unsat True,True,-0.6685397624969481,True
resnet_large__label_52__idx_161,0,CIFAR100_resnet_large,/Users/zd3504phd/Desktop/XAIV/benchmarks/cifar100_all/onnx/CIFAR100_resnet_large.onnx,/Users/zd3504phd/Desktop/XAIV/benchmarks/cifar100_2024/decoded_vnnlibs/resnet_large__label_52__idx_161.png,0.6453356742858887,23,0.0,SAFE->0,unsat False,True,0.0,SAFE->0,unsat True,True,0.0,SAFE->0,unsat True,True,-0.6453356742858887,True
resnet_large__label_33__idx_4318,0,CIFAR100_resnet_large,/Users/zd3504phd/Desktop/XAIV/benchmarks/cifar100_all/onnx/CIFAR100_resnet_large.onnx,/Users/zd3504phd/Desktop/XAIV/benchmarks/cifar100_2024/decoded_vnnlibs/resnet_large__label_33__idx_4318.png,0.6098811626434326,79,0.2074368000030517,lb_min_finite,timeout False,False,0.1745283603668213,lb_min_finite,unsat False,False,0.0,SAFE->0,unsat True,True,-0.6427896022796631,True
resnet_large__label_22__idx_700,0,CIFAR100_resnet_large,/Users/zd3504phd/Desktop/XAIV/benchmarks/cifar100_all/onnx/CIFAR100_resnet_large.onnx,/Users/zd3504phd/Desktop/XAIV/benchmarks/cifar100_2024/decoded_vnnlibs/resnet_large__label_22__idx_700.png,0.6419801712036133,23,0.0,SAFE->0,unsat False,True,0.0,SAFE->0,unsat True,True,0.0,SAFE->0,unsat True,True,-0.6419801712036133,True
resnet_medium__label_33__idx_2330,0,CIFAR100_resnet_medium,/Users/zd3504phd/Desktop/XAIV/benchmarks/cifar100_all/onnx/CIFAR100_resnet_medium.onnx,/Users/zd3504phd/Desktop/XAIV/benchmarks/cifar100_2024/decoded_vnnlibs/resnet_medium__label_33__idx_2330.png,0.5342907905578613,99,0.1045370101928711,lb_min_finite,unsat False,False,0.0,SAFE->0,unsat True,True,0.0,SAFE->0,unsat True,True,-0.6388278007507324,True
resnet_large__label_34__idx_6873,0,CIFAR100_resnet_large,/Users/zd3504phd/Desktop/XAIV/benchmarks/cifar100_all/onnx/CIFAR100_resnet_large.onnx,/Users/zd3504phd/Desktop/XAIV/benchmarks/cifar100_2024/decoded_vnnlibs/resnet_large__label_34__idx_6873.png,0.6318292617797852,99,0.0,SAFE->0,unsat False,True,0.0,SAFE->0,unsat True,True,0.0,SAFE->0,unsat True,True,-0.6318292617797852,True
resnet_large__label_94__idx_7371,0,CIFAR100_resnet_large,/Users/zd3504phd/Desktop/XAIV/benchmarks/cifar100_all/onnx/CIFAR100_resnet_large.onnx,/Users/zd3504phd/Desktop/XAIV/benchmarks/cifar100_2024/decoded_vnnlibs/resnet_large__label_94__idx_7371.png,0.6307549476623535,79,0.0,SAFE->0,unsat True,True,0.0,SAFE->0,unsat True,True,0.0,SAFE->0,unsat True,True,-0.6307549476623535,True
resnet_medium__label_20__idx_9332,0,CIFAR100_resnet_medium,/Users/zd3504phd/Desktop/XAIV/benchmarks/cifar100_all/onnx/CIFAR100_resnet_medium.onnx,/Users/zd3504phd/Desktop/XAIV/benchmarks/cifar100_2024/decoded_vnnlibs/resnet_medium__label_20__idx_9332.png,0.6257319450378418,99,0.0,SAFE->0,unsat False,True,0.0,SAFE->0,unsat True,True,0.0,SAFE->0,unsat True,True,-0.6257319450378418,True
resnet_large__label_4__idx_3855,0,CIFAR100_resnet_large,/Users/zd3504phd/Desktop/XAIV/benchmarks/cifar100_all/onnx/CIFAR100_resnet_large.onnx,/Users/zd3504phd/Desktop/XAIV/benchmarks/cifar100_2024/decoded_vnnlibs/resnet_large__label_4__idx_3855.png,0.4634068012237549,23,0.1274363994598388,lb_min_finite,timeout False,False,0.0,SAFE->0,unsat True,True,0.0,SAFE->0,unsat True,True,-0.5908432006835938,True
resnet_medium__label_2__idx_8228,0,CIFAR100_resnet_medium,/Users/zd3504phd/Desktop/XAIV/benchmarks/cifar100_all/onnx/CIFAR100_resnet_medium.onnx,/Users/zd3504phd/Desktop/XAIV/benchmarks/cifar100_2024/decoded_vnnlibs/resnet_medium__label_2__idx_8228.png,0.5890169143676758,23,0.0,SAFE->0,unsat False,True,0.0,SAFE->0,unsat True,True,0.0,SAFE->0,unsat True,True,-0.5890169143676758,True
resnet_large__label_26__idx_212,0,CIFAR100_resnet_large,/Users/zd3504phd/Desktop/XAIV/benchmarks/cifar100_all/onnx/CIFAR100_resnet_large.onnx,/Users/zd3504phd/Desktop/XAIV/benchmarks/cifar100_2024/decoded_vnnlibs/resnet_large__label_26__idx_212.png,0.5266635417938232,99,0.0621581077575683,lb_min_finite,unsat False,False,0.0,SAFE->0,unsat False,True,0.0,SAFE->0,unsat True,True,-0.5888216495513915,True
resnet_medium__label_68__idx_1522,0,CIFAR100_resnet_medium,/Users/zd3504phd/Desktop/XAIV/benchmarks/cifar100_all/onnx/CIFAR100_resnet_medium.onnx,/Users/zd3504phd/Desktop/XAIV/benchmarks/cifar100_2024/decoded_vnnlibs/resnet_medium__label_68__idx_1522.png,0.48250746726989746,71,0.0928606986999511,lb_min_finite,unsat False,False,0.0,SAFE->0,unsat True,True,0.0,SAFE->0,unsat True,True,-0.5753681659698485,True
resnet_medium__label_6__idx_4129,0,CIFAR100_resnet_medium,/Users/zd3504phd/Desktop/XAIV/benchmarks/cifar100_all/onnx/CIFAR100_resnet_medium.onnx,/Users/zd3504phd/Desktop/XAIV/benchmarks/cifar100_2024/decoded_vnnlibs/resnet_medium__label_6__idx_4129.png,0.5710711479187012,79,0.0,SAFE->0,unsat False,True,0.0,SAFE->0,unsat False,True,0.0,SAFE->0,unsat True,True,-0.5710711479187012,True
resnet_medium__label_14__idx_1406,0,CIFAR100_resnet_medium,/Users/zd3504phd/Desktop/XAIV/benchmarks/cifar100_all/onnx/CIFAR100_resnet_medium.onnx,/Users/zd3504phd/Desktop/XAIV/benchmarks/cifar100_2024/decoded_vnnlibs/resnet_medium__label_14__idx_1406.png,0.547661304473877,79,0.0,SAFE->0,unsat False,True,0.0,SAFE->0,unsat False,True,0.0,SAFE->0,unsat True,True,-0.547661304473877,True
resnet_large__label_77__idx_8915,0,CIFAR100_resnet_large,/Users/zd3504phd/Desktop/XAIV/benchmarks/cifar100_all/onnx/CIFAR100_resnet_large.onnx,/Users/zd3504phd/Desktop/XAIV/benchmarks/cifar100_2024/decoded_vnnlibs/resnet_large__label_77__idx_8915.png,0.5889930725097656,99,0.1993327140808105,lb_min_finite,unsat False,False,0.2410140037536621,lb_min_finite,unsat False,False,0.0,SAFE->0,unsat True,True,-0.5473117828369141,True
resnet_large__label_43__idx_6556,0,CIFAR100_resnet_large,/Users/zd3504phd/Desktop/XAIV/benchmarks/cifar100_all/onnx/CIFAR100_resnet_large.onnx,/Users/zd3504phd/Desktop/XAIV/benchmarks/cifar100_2024/decoded_vnnlibs/resnet_large__label_43__idx_6556.png,0.5407512187957764,28,0.0,SAFE->0,unsat False,True,0.0,SAFE->0,unsat True,True,0.0,SAFE->0,unsat True,True,-0.5407512187957764,True
resnet_large__label_81__idx_134,0,CIFAR100_resnet_large,/Users/zd3504phd/Desktop/XAIV/benchmarks/cifar100_all/onnx/CIFAR100_resnet_large.onnx,/Users/zd3504phd/Desktop/XAIV/benchmarks/cifar100_2024/decoded_vnnlibs/resnet_large__label_81__idx_134.png,0.3519301414489746,23,0.1839485168457031,lb_min_finite,unsat False,False,0.0,SAFE->0,unsat False,True,0.0,SAFE->0,unsat True,True,-0.5358786582946777,True
resnet_medium__label_85__idx_9936,0,CIFAR100_resnet_medium,/Users/zd3504phd/Desktop/XAIV/benchmarks/cifar100_all/onnx/CIFAR100_resnet_medium.onnx,/Users/zd3504phd/Desktop/XAIV/benchmarks/cifar100_2024/decoded_vnnlibs/resnet_medium__label_85__idx_9936.png,0.5466046333312988,23,0.0,SAFE->0,unsat False,True,0.0157737731933593,lb_min_finite,unsat False,False,0.0,SAFE->0,unsat True,True,-0.5308308601379396,True
resnet_large__label_91__idx_1194,0,CIFAR100_resnet_large,/Users/zd3504phd/Desktop/XAIV/benchmarks/cifar100_all/onnx/CIFAR100_resnet_large.onnx,/Users/zd3504phd/Desktop/XAIV/benchmarks/cifar100_2024/decoded_vnnlibs/resnet_large__label_91__idx_1194.png,0.5279834270477295,99,0.0,SAFE->0,unsat True,True,0.0,SAFE->0,unsat True,True,0.0,SAFE->0,unsat True,True,-0.5279834270477295,True
resnet_large__label_25__idx_2209,0,CIFAR100_resnet_large,/Users/zd3504phd/Desktop/XAIV/benchmarks/cifar100_all/onnx/CIFAR100_resnet_large.onnx,/Users/zd3504phd/Desktop/XAIV/benchmarks/cifar100_2024/decoded_vnnlibs/resnet_large__label_25__idx_2209.png,0.3486480712890625,99,0.1753520965576172,lb_min_finite,unsat False,False,0.0,SAFE->0,unsat True,True,0.0,SAFE->0,unsat True,True,-0.5240001678466797,True
resnet_large__label_93__idx_7162,0,CIFAR100_resnet_large,/Users/zd3504phd/Desktop/XAIV/benchmarks/cifar100_all/onnx/CIFAR100_resnet_large.onnx,/Users/zd3504phd/Desktop/XAIV/benchmarks/cifar100_2024/decoded_vnnlibs/resnet_large__label_93__idx_7162.png,0.5177507400512695,99,0.0,SAFE->0,unsat False,True,0.0,SAFE->0,unsat True,True,0.0,SAFE->0,unsat True,True,-0.5177507400512695,True
resnet_large__label_13__idx_803,0,CIFAR100_resnet_large,/Users/zd3504phd/Desktop/XAIV/benchmarks/cifar100_all/onnx/CIFAR100_resnet_large.onnx,/Users/zd3504phd/Desktop/XAIV/benchmarks/cifar100_2024/decoded_vnnlibs/resnet_large__label_13__idx_803.png,0.4925391674041748,28,0.0,SAFE->0,unsat False,True,0.0,SAFE->0,unsat True,True,0.0,SAFE->0,unsat True,True,-0.4925391674041748,True
resnet_large__label_34__idx_589,0,CIFAR100_resnet_large,/Users/zd3504phd/Desktop/XAIV/benchmarks/cifar100_all/onnx/CIFAR100_resnet_large.onnx,/Users/zd3504phd/Desktop/XAIV/benchmarks/cifar100_2024/decoded_vnnlibs/resnet_large__label_34__idx_589.png,0.48427772521972656,79,0.0,SAFE->0,unsat True,True,0.0,SAFE->0,unsat True,True,0.0,SAFE->0,unsat True,True,-0.48427772521972656,True
resnet_medium__label_80__idx_9109,0,CIFAR100_resnet_medium,/Users/zd3504phd/Desktop/XAIV/benchmarks/cifar100_all/onnx/CIFAR100_resnet_medium.onnx,/Users/zd3504phd/Desktop/XAIV/benchmarks/cifar100_2024/decoded_vnnlibs/resnet_medium__label_80__idx_9109.png,0.31404924392700195,99,0.1604752540588379,lb_min_finite,timeout False,False,0.0,SAFE->0,unsat False,True,0.0,SAFE->0,unsat True,True,-0.47452449798583984,True
resnet_large__label_31__idx_476,0,CIFAR100_resnet_large,/Users/zd3504phd/Desktop/XAIV/benchmarks/cifar100_all/onnx/CIFAR100_resnet_large.onnx,/Users/zd3504phd/Desktop/XAIV/benchmarks/cifar100_2024/decoded_vnnlibs/resnet_large__label_31__idx_476.png,0.4741806983947754,60,0.0,SAFE->0,unsat False,True,0.0,SAFE->0,unsat False,True,0.0,SAFE->0,unsat True,True,-0.4741806983947754,True
resnet_medium__label_6__idx_4225,0,CIFAR100_resnet_medium,/Users/zd3504phd/Desktop/XAIV/benchmarks/cifar100_all/onnx/CIFAR100_resnet_medium.onnx,/Users/zd3504phd/Desktop/XAIV/benchmarks/cifar100_2024/decoded_vnnlibs/resnet_medium__label_6__idx_4225.png,0.3288869857788086,67,0.1351375579833984,lb_min_finite,unsat False,False,0.0,SAFE->0,unsat True,True,0.0,SAFE->0,unsat True,True,-0.46402454376220703,True
resnet_large__label_17__idx_8201,0,CIFAR100_resnet_large,/Users/zd3504phd/Desktop/XAIV/benchmarks/cifar100_all/onnx/CIFAR100_resnet_large.onnx,/Users/zd3504phd/Desktop/XAIV/benchmarks/cifar100_2024/decoded_vnnlibs/resnet_large__label_17__idx_8201.png,0.46218395233154297,23,0.0,SAFE->0,unsat False,True,0.0,SAFE->0,unsat True,True,0.0,SAFE->0,unsat True,True,-0.46218395233154297,True
resnet_medium__label_9__idx_6416,0,CIFAR100_resnet_medium,/Users/zd3504phd/Desktop/XAIV/benchmarks/cifar100_all/onnx/CIFAR100_resnet_medium.onnx,/Users/zd3504phd/Desktop/XAIV/benchmarks/cifar100_2024/decoded_vnnlibs/resnet_medium__label_9__idx_6416.png,0.47603940963745117,99,0.0105652809143066,lb_min_finite,unsat False,False,0.0265426635742187,lb_min_finite,unsat False,False,0.0,SAFE->0,unsat True,True,-0.46006202697753906,True
resnet_large__label_89__idx_5310,0,CIFAR100_resnet_large,/Users/zd3504phd/Desktop/XAIV/benchmarks/cifar100_all/onnx/CIFAR100_resnet_large.onnx,/Users/zd3504phd/Desktop/XAIV/benchmarks/cifar100_2024/decoded_vnnlibs/resnet_large__label_89__idx_5310.png,0.4174652099609375,67,0.0332146883010864,lb_min_finite,unsat False,False,0.0,SAFE->0,unsat True,True,0.0,SAFE->0,unsat True,True,-0.4506798982620239,True
resnet_large__label_94__idx_3842,0,CIFAR100_resnet_large,/Users/zd3504phd/Desktop/XAIV/benchmarks/cifar100_all/onnx/CIFAR100_resnet_large.onnx,/Users/zd3504phd/Desktop/XAIV/benchmarks/cifar100_2024/decoded_vnnlibs/resnet_large__label_94__idx_3842.png,0.23871397972106934,99,0.1887952089309692,lb_min_finite,timeout False,False,0.0,SAFE->0,unsat False,True,0.0,SAFE->0,unsat True,True,-0.4275091886520386,True
resnet_medium__label_33__idx_3933,0,CIFAR100_resnet_medium,/Users/zd3504phd/Desktop/XAIV/benchmarks/cifar100_all/onnx/CIFAR100_resnet_medium.onnx,/Users/zd3504phd/Desktop/XAIV/benchmarks/cifar100_2024/decoded_vnnlibs/resnet_medium__label_33__idx_3933.png,0.4174315929412842,67,0.0,SAFE->0,unsat False,True,0.0,SAFE->0,unsat False,True,0.0,SAFE->0,unsat True,True,-0.4174315929412842,True
resnet_large__label_55__idx_1524,0,CIFAR100_resnet_large,/Users/zd3504phd/Desktop/XAIV/benchmarks/cifar100_all/onnx/CIFAR100_resnet_large.onnx,/Users/zd3504phd/Desktop/XAIV/benchmarks/cifar100_2024/decoded_vnnlibs/resnet_large__label_55__idx_1524.png,0.3873777389526367,79,0.0192208290100097,lb_min_finite,timeout False,False,0.0,SAFE->0,unsat True,True,0.0,SAFE->0,unsat False,True,-0.40659856796264643,True
resnet_medium__label_54__idx_9735,0,CIFAR100_resnet_medium,/Users/zd3504phd/Desktop/XAIV/benchmarks/cifar100_all/onnx/CIFAR100_resnet_medium.onnx,/Users/zd3504phd/Desktop/XAIV/benchmarks/cifar100_2024/decoded_vnnlibs/resnet_medium__label_54__idx_9735.png,0.39801025390625,79,0.0,SAFE->0,unsat True,True,0.0,SAFE->0,unsat True,True,0.0,SAFE->0,unsat True,True,-0.39801025390625,True
resnet_medium__label_85__idx_2810,0,CIFAR100_resnet_medium,/Users/zd3504phd/Desktop/XAIV/benchmarks/cifar100_all/onnx/CIFAR100_resnet_medium.onnx,/Users/zd3504phd/Desktop/XAIV/benchmarks/cifar100_2024/decoded_vnnlibs/resnet_medium__label_85__idx_2810.png,0.38463830947875977,99,0.0,SAFE->0,unsat False,True,0.0,SAFE->0,unsat True,True,0.0,SAFE->0,unsat True,True,-0.38463830947875977,True
resnet_large__label_78__idx_7980,0,CIFAR100_resnet_large,/Users/zd3504phd/Desktop/XAIV/benchmarks/cifar100_all/onnx/CIFAR100_resnet_large.onnx,/Users/zd3504phd/Desktop/XAIV/benchmarks/cifar100_2024/decoded_vnnlibs/resnet_large__label_78__idx_7980.png,0.3791778087615967,99,0.0,SAFE->0,unsat False,True,0.0,SAFE->0,unsat False,True,0.0,SAFE->0,unsat True,True,-0.3791778087615967,True
resnet_large__label_41__idx_3593,0,CIFAR100_resnet_large,/Users/zd3504phd/Desktop/XAIV/benchmarks/cifar100_all/onnx/CIFAR100_resnet_large.onnx,/Users/zd3504phd/Desktop/XAIV/benchmarks/cifar100_2024/decoded_vnnlibs/resnet_large__label_41__idx_3593.png,0.37726259231567383,67,0.0,SAFE->0,unsat False,True,0.0,SAFE->0,unsat True,True,0.0,SAFE->0,unsat True,True,-0.37726259231567383,True
resnet_medium__label_89__idx_7265,0,CIFAR100_resnet_medium,/Users/zd3504phd/Desktop/XAIV/benchmarks/cifar100_all/onnx/CIFAR100_resnet_medium.onnx,/Users/zd3504phd/Desktop/XAIV/benchmarks/cifar100_2024/decoded_vnnlibs/resnet_medium__label_89__idx_7265.png,0.37330055236816406,23,0.0,SAFE->0,unsat False,True,0.0,SAFE->0,unsat False,True,0.0,SAFE->0,unsat True,True,-0.37330055236816406,True
resnet_large__label_85__idx_1650,0,CIFAR100_resnet_large,/Users/zd3504phd/Desktop/XAIV/benchmarks/cifar100_all/onnx/CIFAR100_resnet_large.onnx,/Users/zd3504phd/Desktop/XAIV/benchmarks/cifar100_2024/decoded_vnnlibs/resnet_large__label_85__idx_1650.png,0.3565030097961426,79,0.0,SAFE->0,unsat False,True,0.0,SAFE->0,unsat True,True,0.0,SAFE->0,unsat True,True,-0.3565030097961426,True
resnet_medium__label_59__idx_1660,0,CIFAR100_resnet_medium,/Users/zd3504phd/Desktop/XAIV/benchmarks/cifar100_all/onnx/CIFAR100_resnet_medium.onnx,/Users/zd3504phd/Desktop/XAIV/benchmarks/cifar100_2024/decoded_vnnlibs/resnet_medium__label_59__idx_1660.png,0.34490180015563965,99,0.1339859962463379,lb_min_finite,timeout False,False,0.1316580772399902,lb_min_finite,timeout False,False,0.0,SAFE->0,unsat True,True,-0.3472297191619873,True
resnet_medium__label_33__idx_5659,0,CIFAR100_resnet_medium,/Users/zd3504phd/Desktop/XAIV/benchmarks/cifar100_all/onnx/CIFAR100_resnet_medium.onnx,/Users/zd3504phd/Desktop/XAIV/benchmarks/cifar100_2024/decoded_vnnlibs/resnet_medium__label_33__idx_5659.png,0.3448491096496582,79,0.0,SAFE->0,unsat False,True,0.0,SAFE->0,unsat False,True,0.0,SAFE->0,unsat True,True,-0.3448491096496582,True
resnet_large__label_68__idx_918,0,CIFAR100_resnet_large,/Users/zd3504phd/Desktop/XAIV/benchmarks/cifar100_all/onnx/CIFAR100_resnet_large.onnx,/Users/zd3504phd/Desktop/XAIV/benchmarks/cifar100_2024/decoded_vnnlibs/resnet_large__label_68__idx_918.png,0.3347790241241455,99,0.0,SAFE->0,unsat False,True,0.006967544555664,lb_min_finite,unsat False,False,0.0,SAFE->0,unsat True,True,-0.3278114795684815,True
resnet_large__label_76__idx_33,0,CIFAR100_resnet_large,/Users/zd3504phd/Desktop/XAIV/benchmarks/cifar100_all/onnx/CIFAR100_resnet_large.onnx,/Users/zd3504phd/Desktop/XAIV/benchmarks/cifar100_2024/decoded_vnnlibs/resnet_large__label_76__idx_33.png,0.3154418468475342,99,0.0,SAFE->0,unsat False,True,0.0,SAFE->0,unsat True,True,0.0,SAFE->0,unsat True,True,-0.3154418468475342,True
resnet_medium__label_25__idx_1061,0,CIFAR100_resnet_medium,/Users/zd3504phd/Desktop/XAIV/benchmarks/cifar100_all/onnx/CIFAR100_resnet_medium.onnx,/Users/zd3504phd/Desktop/XAIV/benchmarks/cifar100_2024/decoded_vnnlibs/resnet_medium__label_25__idx_1061.png,0.30762529373168945,61,0.0,SAFE->0,unsat False,True,0.0,SAFE->0,unsat False,True,0.0,SAFE->0,unsat True,True,-0.30762529373168945,True
resnet_medium__label_52__idx_9095,0,CIFAR100_resnet_medium,/Users/zd3504phd/Desktop/XAIV/benchmarks/cifar100_all/onnx/CIFAR100_resnet_medium.onnx,/Users/zd3504phd/Desktop/XAIV/benchmarks/cifar100_2024/decoded_vnnlibs/resnet_medium__label_52__idx_9095.png,0.29461050033569336,23,0.0,SAFE->0,unsat False,True,0.0,SAFE->0,unsat False,True,0.0,SAFE->0,unsat True,True,-0.29461050033569336,True
resnet_large__label_58__idx_9116,0,CIFAR100_resnet_large,/Users/zd3504phd/Desktop/XAIV/benchmarks/cifar100_all/onnx/CIFAR100_resnet_large.onnx,/Users/zd3504phd/Desktop/XAIV/benchmarks/cifar100_2024/decoded_vnnlibs/resnet_large__label_58__idx_9116.png,0.29084300994873047,23,0.0,SAFE->0,unsat False,True,0.0,SAFE->0,unsat True,True,0.0,SAFE->0,unsat True,True,-0.29084300994873047,True
resnet_large__label_88__idx_4474,0,CIFAR100_resnet_large,/Users/zd3504phd/Desktop/XAIV/benchmarks/cifar100_all/onnx/CIFAR100_resnet_large.onnx,/Users/zd3504phd/Desktop/XAIV/benchmarks/cifar100_2024/decoded_vnnlibs/resnet_large__label_88__idx_4474.png,0.28925657272338867,99,0.0,SAFE->0,unsat False,True,0.0,SAFE->0,unsat True,True,0.0,SAFE->0,unsat True,True,-0.28925657272338867,True
resnet_large__label_60__idx_3105,0,CIFAR100_resnet_large,/Users/zd3504phd/Desktop/XAIV/benchmarks/cifar100_all/onnx/CIFAR100_resnet_large.onnx,/Users/zd3504phd/Desktop/XAIV/benchmarks/cifar100_2024/decoded_vnnlibs/resnet_large__label_60__idx_3105.png,0.28803277015686035,71,0.0,SAFE->0,unsat False,True,0.0,SAFE->0,unsat False,True,0.0,SAFE->0,unsat True,True,-0.28803277015686035,True
resnet_large__label_51__idx_3515,0,CIFAR100_resnet_large,/Users/zd3504phd/Desktop/XAIV/benchmarks/cifar100_all/onnx/CIFAR100_resnet_large.onnx,/Users/zd3504phd/Desktop/XAIV/benchmarks/cifar100_2024/decoded_vnnlibs/resnet_large__label_51__idx_3515.png,0.2826519012451172,99,0.0,SAFE->0,unsat False,True,0.0,SAFE->0,unsat True,True,0.0,SAFE->0,unsat True,True,-0.2826519012451172,True
resnet_large__label_82__idx_8354,0,CIFAR100_resnet_large,/Users/zd3504phd/Desktop/XAIV/benchmarks/cifar100_all/onnx/CIFAR100_resnet_large.onnx,/Users/zd3504phd/Desktop/XAIV/benchmarks/cifar100_2024/decoded_vnnlibs/resnet_large__label_82__idx_8354.png,0.2757422924041748,67,0.0,SAFE->0,unsat True,True,0.0,SAFE->0,unsat True,True,0.0,SAFE->0,unsat True,True,-0.2757422924041748,True
resnet_medium__label_88__idx_6654,0,CIFAR100_resnet_medium,/Users/zd3504phd/Desktop/XAIV/benchmarks/cifar100_all/onnx/CIFAR100_resnet_medium.onnx,/Users/zd3504phd/Desktop/XAIV/benchmarks/cifar100_2024/decoded_vnnlibs/resnet_medium__label_88__idx_6654.png,0.2619471549987793,23,0.0,SAFE->0,unsat False,True,0.0,SAFE->0,unsat True,True,0.0,SAFE->0,unsat True,True,-0.2619471549987793,True
resnet_large__label_47__idx_6926,0,CIFAR100_resnet_large,/Users/zd3504phd/Desktop/XAIV/benchmarks/cifar100_all/onnx/CIFAR100_resnet_large.onnx,/Users/zd3504phd/Desktop/XAIV/benchmarks/cifar100_2024/decoded_vnnlibs/resnet_large__label_47__idx_6926.png,0.2507462501525879,60,0.0095655918121337,lb_min_finite,timeout False,False,0.0,SAFE->0,unsat True,True,0.0,SAFE->0,unsat True,True,-0.26031184196472157,True
resnet_large__label_27__idx_7106,0,CIFAR100_resnet_large,/Users/zd3504phd/Desktop/XAIV/benchmarks/cifar100_all/onnx/CIFAR100_resnet_large.onnx,/Users/zd3504phd/Desktop/XAIV/benchmarks/cifar100_2024/decoded_vnnlibs/resnet_large__label_27__idx_7106.png,0.2598228454589844,23,0.0,SAFE->0,unsat False,True,0.0,SAFE->0,unsat False,True,0.0,SAFE->0,unsat True,True,-0.2598228454589844,True
resnet_medium__label_46__idx_993,0,CIFAR100_resnet_medium,/Users/zd3504phd/Desktop/XAIV/benchmarks/cifar100_all/onnx/CIFAR100_resnet_medium.onnx,/Users/zd3504phd/Desktop/XAIV/benchmarks/cifar100_2024/decoded_vnnlibs/resnet_medium__label_46__idx_993.png,0.24966049194335938,28,0.0062232017517089,lb_min_finite,unsat False,False,0.0,SAFE->0,unsat False,True,0.0,SAFE->0,unsat True,True,-0.25588369369506825,True
resnet_medium__label_93__idx_6196,0,CIFAR100_resnet_medium,/Users/zd3504phd/Desktop/XAIV/benchmarks/cifar100_all/onnx/CIFAR100_resnet_medium.onnx,/Users/zd3504phd/Desktop/XAIV/benchmarks/cifar100_2024/decoded_vnnlibs/resnet_medium__label_93__idx_6196.png,0.24490070343017578,61,0.0061726570129394,lb_min_finite,timeout False,False,0.0,SAFE->0,unsat False,True,0.0,SAFE->0,unsat True,True,-0.2510733604431152,True
resnet_large__label_84__idx_1886,0,CIFAR100_resnet_large,/Users/zd3504phd/Desktop/XAIV/benchmarks/cifar100_all/onnx/CIFAR100_resnet_large.onnx,/Users/zd3504phd/Desktop/XAIV/benchmarks/cifar100_2024/decoded_vnnlibs/resnet_large__label_84__idx_1886.png,0.32535576820373535,99,0.0875172615051269,lb_min_finite,unsat False,False,0.1627568006515503,lb_min_finite,unsat False,False,0.0,SAFE->0,unsat True,True,-0.25011622905731196,True
resnet_large__label_5__idx_3142,0,CIFAR100_resnet_large,/Users/zd3504phd/Desktop/XAIV/benchmarks/cifar100_all/onnx/CIFAR100_resnet_large.onnx,/Users/zd3504phd/Desktop/XAIV/benchmarks/cifar100_2024/decoded_vnnlibs/resnet_large__label_5__idx_3142.png,0.2348170280456543,99,0.0,SAFE->0,unsat False,True,0.0,SAFE->0,unsat False,True,0.0,SAFE->0,unsat True,True,-0.2348170280456543,True
resnet_medium__label_43__idx_8824,0,CIFAR100_resnet_medium,/Users/zd3504phd/Desktop/XAIV/benchmarks/cifar100_all/onnx/CIFAR100_resnet_medium.onnx,/Users/zd3504phd/Desktop/XAIV/benchmarks/cifar100_2024/decoded_vnnlibs/resnet_medium__label_43__idx_8824.png,0.08773636817932129,79,0.1283178329467773,lb_min_finite,unsat False,False,0.0,SAFE->0,unsat True,True,0.0,SAFE->0,unsat True,True,-0.21605420112609858,True
resnet_large__label_81__idx_5803,0,CIFAR100_resnet_large,/Users/zd3504phd/Desktop/XAIV/benchmarks/cifar100_all/onnx/CIFAR100_resnet_large.onnx,/Users/zd3504phd/Desktop/XAIV/benchmarks/cifar100_2024/decoded_vnnlibs/resnet_large__label_81__idx_5803.png,0.21290898323059082,23,0.0,SAFE->0,unsat False,True,0.0,SAFE->0,unsat True,True,0.0,SAFE->0,unsat True,True,-0.21290898323059082,True
resnet_medium__label_34__idx_3617,0,CIFAR100_resnet_medium,/Users/zd3504phd/Desktop/XAIV/benchmarks/cifar100_all/onnx/CIFAR100_resnet_medium.onnx,/Users/zd3504phd/Desktop/XAIV/benchmarks/cifar100_2024/decoded_vnnlibs/resnet_medium__label_34__idx_3617.png,0.20652055740356445,23,0.0,SAFE->0,unsat False,True,0.0,SAFE->0,unsat True,True,0.0,SAFE->0,unsat True,True,-0.20652055740356445,True
resnet_medium__label_16__idx_9074,0,CIFAR100_resnet_medium,/Users/zd3504phd/Desktop/XAIV/benchmarks/cifar100_all/onnx/CIFAR100_resnet_medium.onnx,/Users/zd3504phd/Desktop/XAIV/benchmarks/cifar100_2024/decoded_vnnlibs/resnet_medium__label_16__idx_9074.png,0.22861194610595703,79,0.0,SAFE->0,unsat False,True,0.0232982635498046,lb_min_finite,unsat False,False,0.0,SAFE->0,unsat True,True,-0.20531368255615243,True
resnet_medium__label_92__idx_6225,0,CIFAR100_resnet_medium,/Users/zd3504phd/Desktop/XAIV/benchmarks/cifar100_all/onnx/CIFAR100_resnet_medium.onnx,/Users/zd3504phd/Desktop/XAIV/benchmarks/cifar100_2024/decoded_vnnlibs/resnet_medium__label_92__idx_6225.png,0.20442676544189453,23,0.0,SAFE->0,unsat False,True,0.0,SAFE->0,unsat True,True,0.0,SAFE->0,unsat True,True,-0.20442676544189453,True
resnet_medium__label_90__idx_2721,0,CIFAR100_resnet_medium,/Users/zd3504phd/Desktop/XAIV/benchmarks/cifar100_all/onnx/CIFAR100_resnet_medium.onnx,/Users/zd3504phd/Desktop/XAIV/benchmarks/cifar100_2024/decoded_vnnlibs/resnet_medium__label_90__idx_2721.png,0.18832755088806152,23,0.0,SAFE->0,unsat False,True,0.0,SAFE->0,unsat True,True,0.0,SAFE->0,unsat True,True,-0.18832755088806152,True
resnet_large__label_66__idx_9469,0,CIFAR100_resnet_large,/Users/zd3504phd/Desktop/XAIV/benchmarks/cifar100_all/onnx/CIFAR100_resnet_large.onnx,/Users/zd3504phd/Desktop/XAIV/benchmarks/cifar100_2024/decoded_vnnlibs/resnet_large__label_66__idx_9469.png,0.1838529109954834,23,0.0,SAFE->0,unsat False,True,0.0,SAFE->0,unsat False,True,0.0,SAFE->0,unsat True,True,-0.1838529109954834,True
resnet_medium__label_42__idx_6462,0,CIFAR100_resnet_medium,/Users/zd3504phd/Desktop/XAIV/benchmarks/cifar100_all/onnx/CIFAR100_resnet_medium.onnx,/Users/zd3504phd/Desktop/XAIV/benchmarks/cifar100_2024/decoded_vnnlibs/resnet_medium__label_42__idx_6462.png,0.012974262237548828,23,0.1729720830917358,lb_min_finite,timeout False,False,0.0165095329284667,lb_min_finite,unsat False,False,0.0,SAFE->0,unsat True,True,-0.16943681240081793,True
resnet_medium__label_80__idx_1690,0,CIFAR100_resnet_medium,/Users/zd3504phd/Desktop/XAIV/benchmarks/cifar100_all/onnx/CIFAR100_resnet_medium.onnx,/Users/zd3504phd/Desktop/XAIV/benchmarks/cifar100_2024/decoded_vnnlibs/resnet_medium__label_80__idx_1690.png,0.16928577423095703,79,0.0028934478759765,lb_min_finite,timeout False,False,0.0190315246582031,lb_min_finite,timeout False,False,0.0,SAFE->0,unsat True,True,-0.15314769744873044,True
resnet_medium__label_63__idx_3374,0,CIFAR100_resnet_medium,/Users/zd3504phd/Desktop/XAIV/benchmarks/cifar100_all/onnx/CIFAR100_resnet_medium.onnx,/Users/zd3504phd/Desktop/XAIV/benchmarks/cifar100_2024/decoded_vnnlibs/resnet_medium__label_63__idx_3374.png,0.14889907836914062,99,0.0,SAFE->0,unsat False,True,0.0,SAFE->0,unsat True,True,0.0,SAFE->0,unsat True,True,-0.14889907836914062,True
resnet_medium__label_17__idx_9941,0,CIFAR100_resnet_medium,/Users/zd3504phd/Desktop/XAIV/benchmarks/cifar100_all/onnx/CIFAR100_resnet_medium.onnx,/Users/zd3504phd/Desktop/XAIV/benchmarks/cifar100_2024/decoded_vnnlibs/resnet_medium__label_17__idx_9941.png,0.1481647491455078,60,0.0,SAFE->0,unsat True,True,0.0,SAFE->0,unsat True,True,0.0,SAFE->0,unsat True,True,-0.1481647491455078,True
resnet_large__label_86__idx_6459,0,CIFAR100_resnet_large,/Users/zd3504phd/Desktop/XAIV/benchmarks/cifar100_all/onnx/CIFAR100_resnet_large.onnx,/Users/zd3504phd/Desktop/XAIV/benchmarks/cifar100_2024/decoded_vnnlibs/resnet_large__label_86__idx_6459.png,0.14672064781188965,10,0.0,SAFE->0,unsat False,True,0.0,SAFE->0,unsat True,True,0.0,SAFE->0,unsat True,True,-0.14672064781188965,True
resnet_medium__label_27__idx_1968,0,CIFAR100_resnet_medium,/Users/zd3504phd/Desktop/XAIV/benchmarks/cifar100_all/onnx/CIFAR100_resnet_medium.onnx,/Users/zd3504phd/Desktop/XAIV/benchmarks/cifar100_2024/decoded_vnnlibs/resnet_medium__label_27__idx_1968.png,0.1290426254272461,99,0.0222551822662353,lb_min_finite,unsat False,False,0.0095148086547851,lb_min_finite,unsat False,False,0.0,SAFE->0,unsat True,True,-0.1417829990386963,True
resnet_medium__label_66__idx_1902,0,CIFAR100_resnet_medium,/Users/zd3504phd/Desktop/XAIV/benchmarks/cifar100_all/onnx/CIFAR100_resnet_medium.onnx,/Users/zd3504phd/Desktop/XAIV/benchmarks/cifar100_2024/decoded_vnnlibs/resnet_medium__label_66__idx_1902.png,0.0623779296875,79,0.0750455856323242,lb_min_finite,unsat False,False,0.0,SAFE->0,unsat True,True,0.0,SAFE->0,unsat True,True,-0.13742351531982422,True
resnet_large__label_19__idx_9413,0,CIFAR100_resnet_large,/Users/zd3504phd/Desktop/XAIV/benchmarks/cifar100_all/onnx/CIFAR100_resnet_large.onnx,/Users/zd3504phd/Desktop/XAIV/benchmarks/cifar100_2024/decoded_vnnlibs/resnet_large__label_19__idx_9413.png,0.1341419219970703,39,0.0,SAFE->0,unsat False,True,0.0,SAFE->0,unsat True,True,0.0,SAFE->0,unsat True,True,-0.1341419219970703,True
resnet_medium__label_2__idx_8815,0,CIFAR100_resnet_medium,/Users/zd3504phd/Desktop/XAIV/benchmarks/cifar100_all/onnx/CIFAR100_resnet_medium.onnx,/Users/zd3504phd/Desktop/XAIV/benchmarks/cifar100_2024/decoded_vnnlibs/resnet_medium__label_2__idx_8815.png,0.11419677734375,23,0.0,SAFE->0,unsat False,True,0.0,SAFE->0,unsat False,True,0.0,SAFE->0,unsat True,True,-0.11419677734375,True
resnet_medium__label_72__idx_792,0,CIFAR100_resnet_medium,/Users/zd3504phd/Desktop/XAIV/benchmarks/cifar100_all/onnx/CIFAR100_resnet_medium.onnx,/Users/zd3504phd/Desktop/XAIV/benchmarks/cifar100_2024/decoded_vnnlibs/resnet_medium__label_72__idx_792.png,0.11393404006958008,79,0.0,SAFE->0,unsat False,True,0.0,SAFE->0,unsat True,True,0.0,SAFE->0,unsat True,True,-0.11393404006958008,True
resnet_large__label_19__idx_1885,0,CIFAR100_resnet_large,/Users/zd3504phd/Desktop/XAIV/benchmarks/cifar100_all/onnx/CIFAR100_resnet_large.onnx,/Users/zd3504phd/Desktop/XAIV/benchmarks/cifar100_2024/decoded_vnnlibs/resnet_large__label_19__idx_1885.png,0.08087015151977539,67,0.0324785113334655,lb_min_finite,timeout False,False,0.0,SAFE->0,unsat True,True,0.0,SAFE->0,unsat True,True,-0.11334866285324088,True
resnet_large__label_68__idx_2485,0,CIFAR100_resnet_large,/Users/zd3504phd/Desktop/XAIV/benchmarks/cifar100_all/onnx/CIFAR100_resnet_large.onnx,/Users/zd3504phd/Desktop/XAIV/benchmarks/cifar100_2024/decoded_vnnlibs/resnet_large__label_68__idx_2485.png,0.1096196174621582,99,0.0,SAFE->0,unsat True,True,0.0,SAFE->0,unsat True,True,0.0,SAFE->0,unsat True,True,-0.1096196174621582,True
resnet_large__label_52__idx_2381,0,CIFAR100_resnet_large,/Users/zd3504phd/Desktop/XAIV/benchmarks/cifar100_all/onnx/CIFAR100_resnet_large.onnx,/Users/zd3504phd/Desktop/XAIV/benchmarks/cifar100_2024/decoded_vnnlibs/resnet_large__label_52__idx_2381.png,0.10795211791992188,71,0.0,SAFE->0,unsat False,True,0.0,SAFE->0,unsat True,True,0.0,SAFE->0,unsat True,True,-0.10795211791992188,True
resnet_medium__label_12__idx_6868,0,CIFAR100_resnet_medium,/Users/zd3504phd/Desktop/XAIV/benchmarks/cifar100_all/onnx/CIFAR100_resnet_medium.onnx,/Users/zd3504phd/Desktop/XAIV/benchmarks/cifar100_2024/decoded_vnnlibs/resnet_large__label_12__idx_6868.png,0.10258793830871582,23,0.0,SAFE->0,unsat False,True,0.0,SAFE->0,unsat False,True,0.0,SAFE->0,unsat True,True,-0.10258793830871582,True
resnet_large__label_76__idx_3657,0,CIFAR100_resnet_large,/Users/zd3504phd/Desktop/XAIV/benchmarks/cifar100_all/onnx/CIFAR100_resnet_large.onnx,/Users/zd3504phd/Desktop/XAIV/benchmarks/cifar100_2024/decoded_vnnlibs/resnet_large__label_76__idx_3657.png,0.10001277923583984,99,0.0,SAFE->0,unsat True,True,0.0,SAFE->0,unsat True,True,0.0,SAFE->0,unsat True,True,-0.10001277923583984,True
resnet_large__label_93__idx_8828,0,CIFAR100_resnet_large,/Users/zd3504phd/Desktop/XAIV/benchmarks/cifar100_all/onnx/CIFAR100_resnet_large.onnx,/Users/zd3504phd/Desktop/XAIV/benchmarks/cifar100_2024/decoded_vnnlibs/resnet_large__label_93__idx_8828.png,0.09141778945922852,61,0.0,SAFE->0,unsat False,True,0.0,SAFE->0,unsat False,True,0.0,SAFE->0,unsat True,True,-0.09141778945922852,True
resnet_medium__label_45__idx_1537,0,CIFAR100_resnet_medium,/Users/zd3504phd/Desktop/XAIV/benchmarks/cifar100_all/onnx/CIFAR100_resnet_medium.onnx,/Users/zd3504phd/Desktop/XAIV/benchmarks/cifar100_2024/decoded_vnnlibs/resnet_medium__label_45__idx_1537.png,0.051940202713012695,23,0.0710425376892089,lb_min_finite,timeout False,False,0.0333855152130126,lb_min_finite,timeout False,False,0.0,SAFE->0,unsat True,True,-0.089597225189209,True
resnet_large__label_44__idx_2912,0,CIFAR100_resnet_large,/Users/zd3504phd/Desktop/XAIV/benchmarks/cifar100_all/onnx/CIFAR100_resnet_large.onnx,/Users/zd3504phd/Desktop/XAIV/benchmarks/cifar100_2024/decoded_vnnlibs/resnet_large__label_44__idx_2912.png,0.07598519325256348,67,0.0,SAFE->0,unsat True,True,0.0,SAFE->0,unsat True,True,0.0,SAFE->0,unsat True,True,-0.07598519325256348,True
resnet_medium__label_96__idx_3701,0,CIFAR100_resnet_medium,/Users/zd3504phd/Desktop/XAIV/benchmarks/cifar100_all/onnx/CIFAR100_resnet_medium.onnx,/Users/zd3504phd/Desktop/XAIV/benchmarks/cifar100_2024/decoded_vnnlibs/resnet_medium__label_96__idx_3701.png,0.07407236099243164,79,0.0,SAFE->0,unsat True,True,0.0,SAFE->0,unsat True,True,0.0,SAFE->0,unsat True,True,-0.07407236099243164,True
resnet_medium__label_76__idx_1471,0,CIFAR100_resnet_medium,/Users/zd3504phd/Desktop/XAIV/benchmarks/cifar100_all/onnx/CIFAR100_resnet_medium.onnx,/Users/zd3504phd/Desktop/XAIV/benchmarks/cifar100_2024/decoded_vnnlibs/resnet_medium__label_76__idx_1471.png,0.06336593627929688,23,0.0,SAFE->0,unsat True,True,0.0,SAFE->0,unsat True,True,0.0,SAFE->0,unsat True,True,-0.06336593627929688,True
resnet_large__label_62__idx_7064,0,CIFAR100_resnet_large,/Users/zd3504phd/Desktop/XAIV/benchmarks/cifar100_all/onnx/CIFAR100_resnet_large.onnx,/Users/zd3504phd/Desktop/XAIV/benchmarks/cifar100_2024/decoded_vnnlibs/resnet_large__label_62__idx_7064.png,0.08103275299072266,99,0.0,SAFE->0,unsat False,True,0.023263931274414,lb_min_finite,unsat False,False,0.0,SAFE->0,unsat True,True,-0.057768821716308656,True
resnet_medium__label_0__idx_2404,0,CIFAR100_resnet_medium,/Users/zd3504phd/Desktop/XAIV/benchmarks/cifar100_all/onnx/CIFAR100_resnet_medium.onnx,/Users/zd3504phd/Desktop/XAIV/benchmarks/cifar100_2024/decoded_vnnlibs/resnet_medium__label_0__idx_2404.png,0.05336809158325195,23,0.0,SAFE->0,unsat True,True,0.0,SAFE->0,unsat True,True,0.0,SAFE->0,unsat True,True,-0.05336809158325195,True
resnet_large__label_34__idx_4347,0,CIFAR100_resnet_large,/Users/zd3504phd/Desktop/XAIV/benchmarks/cifar100_all/onnx/CIFAR100_resnet_large.onnx,/Users/zd3504phd/Desktop/XAIV/benchmarks/cifar100_2024/decoded_vnnlibs/resnet_large__label_34__idx_4347.png,0.03800678253173828,23,0.0029540061950683,lb_min_finite,unsat False,False,0.0,SAFE->0,unsat True,True,0.0,SAFE->0,unsat True,True,-0.04096078872680658,True
resnet_medium__label_9__idx_4461,0,CIFAR100_resnet_medium,/Users/zd3504phd/Desktop/XAIV/benchmarks/cifar100_all/onnx/CIFAR100_resnet_medium.onnx,/Users/zd3504phd/Desktop/XAIV/benchmarks/cifar100_2024/decoded_vnnlibs/resnet_medium__label_9__idx_4461.png,0.027614593505859375,79,0.0,SAFE->0,unsat False,True,0.0,SAFE->0,unsat True,True,0.0,SAFE->0,unsat True,True,-0.027614593505859375,True
resnet_large__label_10__idx_7516,0,CIFAR100_resnet_large,/Users/zd3504phd/Desktop/XAIV/benchmarks/cifar100_all/onnx/CIFAR100_resnet_large.onnx,/Users/zd3504phd/Desktop/XAIV/benchmarks/cifar100_2024/decoded_vnnlibs/resnet_large__label_10__idx_7516.png,0.6740055084228516,99,0.2395647764205932,lb_min_finite,timeout False,False,,"missing (result=timeout False, lb_num_finite=0)",timeout False,False,0.0,SAFE->0,unsat True,True,,False
resnet_large__label_10__idx_8477,0,CIFAR100_resnet_large,/Users/zd3504phd/Desktop/XAIV/benchmarks/cifar100_all/onnx/CIFAR100_resnet_large.onnx,/Users/zd3504phd/Desktop/XAIV/benchmarks/cifar100_2024/decoded_vnnlibs/resnet_large__label_10__idx_8477.png,0.3806288242340088,99,,"missing (result=timeout False, lb_num_finite=0)",timeout False,False,0.0,SAFE->0,unsat False,True,0.0,SAFE->0,unsat True,True,,False
resnet_large__label_11__idx_3469,0,CIFAR100_resnet_large,/Users/zd3504phd/Desktop/XAIV/benchmarks/cifar100_all/onnx/CIFAR100_resnet_large.onnx,/Users/zd3504phd/Desktop/XAIV/benchmarks/cifar100_2024/decoded_vnnlibs/resnet_large__label_11__idx_3469.png,0.2772672176361084,28,,"missing (result=sat True, lb_num_finite=0)",sat True,False,0.0,SAFE->0,unsat False,True,0.0,SAFE->0,unsat True,True,,False
resnet_large__label_12__idx_6868,0,CIFAR100_resnet_large,/Users/zd3504phd/Desktop/XAIV/benchmarks/cifar100_all/onnx/CIFAR100_resnet_large.onnx,/Users/zd3504phd/Desktop/XAIV/benchmarks/cifar100_2024/decoded_vnnlibs/resnet_large__label_12__idx_6868.png,0.6185035705566406,99,,"missing (result=sat True, lb_num_finite=0)",sat True,False,,"missing (result=sat True, lb_num_finite=0)",sat True,False,0.0,SAFE->0,unsat True,True,,False
resnet_large__label_12__idx_8525,0,CIFAR100_resnet_large,/Users/zd3504phd/Desktop/XAIV/benchmarks/cifar100_all/onnx/CIFAR100_resnet_large.onnx,/Users/zd3504phd/Desktop/XAIV/benchmarks/cifar100_2024/decoded_vnnlibs/resnet_large__label_12__idx_8525.png,1.0079288482666016,94,,"missing (result=timeout False, lb_num_finite=0)",timeout False,False,0.0,SAFE->0,unsat False,True,0.0,SAFE->0,unsat True,True,,False
resnet_large__label_18__idx_1992,0,CIFAR100_resnet_large,/Users/zd3504phd/Desktop/XAIV/benchmarks/cifar100_all/onnx/CIFAR100_resnet_large.onnx,/Users/zd3504phd/Desktop/XAIV/benchmarks/cifar100_2024/decoded_vnnlibs/resnet_large__label_18__idx_1992.png,0.6669363975524902,79,,"missing (result=timeout False, lb_num_finite=0)",timeout False,False,,"missing (result=timeout False, lb_num_finite=0)",timeout False,False,0.0,SAFE->0,unsat True,True,,False
resnet_large__label_18__idx_5863,0,CIFAR100_resnet_large,/Users/zd3504phd/Desktop/XAIV/benchmarks/cifar100_all/onnx/CIFAR100_resnet_large.onnx,/Users/zd3504phd/Desktop/XAIV/benchmarks/cifar100_2024/decoded_vnnlibs/resnet_large__label_18__idx_5863.png,1.2434282302856445,23,,"missing (result=timeout False, lb_num_finite=0)",timeout False,False,,"missing (result=timeout False, lb_num_finite=0)",timeout False,False,0.0,SAFE->0,unsat True,True,,False
resnet_large__label_18__idx_75,0,CIFAR100_resnet_large,/Users/zd3504phd/Desktop/XAIV/benchmarks/cifar100_all/onnx/CIFAR100_resnet_large.onnx,/Users/zd3504phd/Desktop/XAIV/benchmarks/cifar100_2024/decoded_vnnlibs/resnet_large__label_18__idx_75.png,0.49880099296569824,99,0.0972997844219207,lb_min_finite,timeout False,False,,"missing (result=timeout False, lb_num_finite=0)",timeout False,False,0.0,SAFE->0,unsat True,True,,False
resnet_large__label_18__idx_917,0,CIFAR100_resnet_large,/Users/zd3504phd/Desktop/XAIV/benchmarks/cifar100_all/onnx/CIFAR100_resnet_large.onnx,/Users/zd3504phd/Desktop/XAIV/benchmarks/cifar100_2024/decoded_vnnlibs/resnet_large__label_18__idx_917.png,0.00881195068359375,67,,"missing (result=timeout False, lb_num_finite=0)",timeout False,False,,"missing (result=timeout False, lb_num_finite=0)",timeout False,False,0.0,SAFE->0,unsat True,True,,False
resnet_large__label_1__idx_8126,0,CIFAR100_resnet_large,/Users/zd3504phd/Desktop/XAIV/benchmarks/cifar100_all/onnx/CIFAR100_resnet_large.onnx,/Users/zd3504phd/Desktop/XAIV/benchmarks/cifar100_2024/decoded_vnnlibs/resnet_large__label_1__idx_8126.png,0.23236703872680664,99,,"missing (result=timeout False, lb_num_finite=0)",timeout False,False,0.0044143199920654,lb_min_finite,timeout False,False,0.0,SAFE->0,unsat True,True,,False
resnet_large__label_21__idx_9995,0,CIFAR100_resnet_large,/Users/zd3504phd/Desktop/XAIV/benchmarks/cifar100_all/onnx/CIFAR100_resnet_large.onnx,/Users/zd3504phd/Desktop/XAIV/benchmarks/cifar100_2024/decoded_vnnlibs/resnet_large__label_21__idx_9995.png,0.2112579345703125,50,,"missing (result=sat True, lb_num_finite=0)",sat True,False,,"missing (result=timeout False, lb_num_finite=0)",timeout False,False,0.0,SAFE->0,unsat True,True,,False
resnet_large__label_25__idx_2893,0,CIFAR100_resnet_large,/Users/zd3504phd/Desktop/XAIV/benchmarks/cifar100_all/onnx/CIFAR100_resnet_large.onnx,/Users/zd3504phd/Desktop/XAIV/benchmarks/cifar100_2024/decoded_vnnlibs/resnet_large__label_25__idx_2893.png,0.6032917499542236,23,,"missing (result=timeout False, lb_num_finite=0)",timeout False,False,0.0,SAFE->0,unsat False,True,0.0,SAFE->0,unsat True,True,,False
resnet_large__label_26__idx_8903,0,CIFAR100_resnet_large,/Users/zd3504phd/Desktop/XAIV/benchmarks/cifar100_all/onnx/CIFAR100_resnet_large.onnx,/Users/zd3504phd/Desktop/XAIV/benchmarks/cifar100_2024/decoded_vnnlibs/resnet_large__label_26__idx_8903.png,0.8616328239440918,99,,"missing (result=timeout False, lb_num_finite=0)",timeout False,False,,"missing (result=timeout False, lb_num_finite=0)",timeout False,False,0.0,SAFE->0,unsat True,True,,False
resnet_large__label_2__idx_3801,0,CIFAR100_resnet_large,/Users/zd3504phd/Desktop/XAIV/benchmarks/cifar100_all/onnx/CIFAR100_resnet_large.onnx,/Users/zd3504phd/Desktop/XAIV/benchmarks/cifar100_2024/decoded_vnnlibs/resnet_large__label_2__idx_3801.png,0.2050340175628662,99,,"missing (result=sat True, lb_num_finite=0)",sat True,False,,"missing (result=sat True, lb_num_finite=0)",sat True,False,0.0,SAFE->0,unsat True,True,,False
resnet_large__label_31__idx_3906,0,CIFAR100_resnet_large,/Users/zd3504phd/Desktop/XAIV/benchmarks/cifar100_all/onnx/CIFAR100_resnet_large.onnx,/Users/zd3504phd/Desktop/XAIV/benchmarks/cifar100_2024/decoded_vnnlibs/resnet_large__label_31__idx_3906.png,0.3544802665710449,79,,"missing (result=timeout False, lb_num_finite=0)",timeout False,False,,"missing (result=timeout False, lb_num_finite=0)",timeout False,False,0.0,SAFE->0,unsat True,True,,False
resnet_large__label_31__idx_4804,0,CIFAR100_resnet_large,/Users/zd3504phd/Desktop/XAIV/benchmarks/cifar100_all/onnx/CIFAR100_resnet_large.onnx,/Users/zd3504phd/Desktop/XAIV/benchmarks/cifar100_2024/decoded_vnnlibs/resnet_large__label_31__idx_4804.png,0.3803133964538574,23,,"missing (result=timeout False, lb_num_finite=0)",timeout False,False,0.0,SAFE->0,unsat True,True,0.0,SAFE->0,unsat True,True,,False
resnet_large__label_36__idx_2400,0,CIFAR100_resnet_large,/Users/zd3504phd/Desktop/XAIV/benchmarks/cifar100_all/onnx/CIFAR100_resnet_large.onnx,/Users/zd3504phd/Desktop/XAIV/benchmarks/cifar100_2024/decoded_vnnlibs/resnet_large__label_36__idx_2400.png,0.2349855899810791,99,,"missing (result=sat True, lb_num_finite=0)",sat True,False,,"missing (result=sat True, lb_num_finite=0)",sat True,False,0.0,SAFE->0,unsat True,True,,False
resnet_large__label_37__idx_7273,0,CIFAR100_resnet_large,/Users/zd3504phd/Desktop/XAIV/benchmarks/cifar100_all/onnx/CIFAR100_resnet_large.onnx,/Users/zd3504phd/Desktop/XAIV/benchmarks/cifar100_2024/decoded_vnnlibs/resnet_large__label_37__idx_7273.png,0.6795740127563477,23,,"missing (result=timeout False, lb_num_finite=0)",timeout False,False,0.0,SAFE->0,unsat True,True,0.0,SAFE->0,unsat True,True,,False
resnet_large__label_40__idx_3718,0,CIFAR100_resnet_large,/Users/zd3504phd/Desktop/XAIV/benchmarks/cifar100_all/onnx/CIFAR100_resnet_large.onnx,/Users/zd3504phd/Desktop/XAIV/benchmarks/cifar100_2024/decoded_vnnlibs/resnet_large__label_40__idx_3718.png,2.02653431892395,28,,"missing (result=sat True, lb_num_finite=0)",sat True,False,,"missing (result=sat True, lb_num_finite=0)",sat True,False,0.0,SAFE->0,unsat True,True,,False
resnet_large__label_40__idx_4421,0,CIFAR100_resnet_large,/Users/zd3504phd/Desktop/XAIV/benchmarks/cifar100_all/onnx/CIFAR100_resnet_large.onnx,/Users/zd3504phd/Desktop/XAIV/benchmarks/cifar100_2024/decoded_vnnlibs/resnet_large__label_40__idx_4421.png,0.8134341239929199,94,,"missing (result=sat True, lb_num_finite=0)",sat True,False,,"missing (result=sat True, lb_num_finite=0)",sat True,False,0.0,SAFE->0,unsat True,True,,False
resnet_large__label_42__idx_1753,0,CIFAR100_resnet_large,/Users/zd3504phd/Desktop/XAIV/benchmarks/cifar100_all/onnx/CIFAR100_resnet_large.onnx,/Users/zd3504phd/Desktop/XAIV/benchmarks/cifar100_2024/decoded_vnnlibs/resnet_large__label_42__idx_1753.png,0.20772147178649902,79,,"missing (result=sat True, lb_num_finite=0)",sat True,False,,"missing (result=sat True, lb_num_finite=0)",sat True,False,0.0,SAFE->0,unsat True,True,,False
resnet_large__label_48__idx_5797,0,CIFAR100_resnet_large,/Users/zd3504phd/Desktop/XAIV/benchmarks/cifar100_all/onnx/CIFAR100_resnet_large.onnx,/Users/zd3504phd/Desktop/XAIV/benchmarks/cifar100_2024/decoded_vnnlibs/resnet_large__label_48__idx_5797.png,0.6999213695526123,99,,"missing (result=timeout False, lb_num_finite=0)",timeout False,False,0.0,SAFE->0,unsat False,True,0.0,SAFE->0,unsat True,True,,False
resnet_large__label_48__idx_6431,0,CIFAR100_resnet_large,/Users/zd3504phd/Desktop/XAIV/benchmarks/cifar100_all/onnx/CIFAR100_resnet_large.onnx,/Users/zd3504phd/Desktop/XAIV/benchmarks/cifar100_2024/decoded_vnnlibs/resnet_large__label_48__idx_6431.png,0.9520721435546875,8,,"missing (result=timeout False, lb_num_finite=0)",timeout False,False,0.0,SAFE->0,unsat False,True,0.0,SAFE->0,unsat True,True,,False
resnet_large__label_48__idx_8860,0,CIFAR100_resnet_large,/Users/zd3504phd/Desktop/XAIV/benchmarks/cifar100_all/onnx/CIFAR100_resnet_large.onnx,/Users/zd3504phd/Desktop/XAIV/benchmarks/cifar100_2024/decoded_vnnlibs/resnet_large__label_48__idx_8860.png,0.8160281181335449,23,,"missing (result=sat True, lb_num_finite=0)",sat True,False,,"missing (result=sat True, lb_num_finite=0)",sat True,False,0.0,SAFE->0,unsat True,True,,False
resnet_large__label_51__idx_2582,0,CIFAR100_resnet_large,/Users/zd3504phd/Desktop/XAIV/benchmarks/cifar100_all/onnx/CIFAR100_resnet_large.onnx,/Users/zd3504phd/Desktop/XAIV/benchmarks/cifar100_2024/decoded_vnnlibs/resnet_large__label_51__idx_2582.png,1.0140612125396729,28,,"missing (result=timeout False, lb_num_finite=0)",timeout False,False,0.0,SAFE->0,unsat True,True,0.0,SAFE->0,unsat True,True,,False
resnet_large__label_53__idx_7605,0,CIFAR100_resnet_large,/Users/zd3504phd/Desktop/XAIV/benchmarks/cifar100_all/onnx/CIFAR100_resnet_large.onnx,/Users/zd3504phd/Desktop/XAIV/benchmarks/cifar100_2024/decoded_vnnlibs/resnet_large__label_53__idx_7605.png,0.026638507843017578,60,,"missing (result=timeout False, lb_num_finite=0)",timeout False,False,0.0,SAFE->0,unsat True,True,0.0,SAFE->0,unsat True,True,,False
resnet_large__label_58__idx_7923,0,CIFAR100_resnet_large,/Users/zd3504phd/Desktop/XAIV/benchmarks/cifar100_all/onnx/CIFAR100_resnet_large.onnx,/Users/zd3504phd/Desktop/XAIV/benchmarks/cifar100_2024/decoded_vnnlibs/resnet_large__label_58__idx_7923.png,0.2967391014099121,23,,"missing (result=timeout False, lb_num_finite=0)",timeout False,False,0.0,SAFE->0,unsat False,True,0.0,SAFE->0,unsat True,True,,False
resnet_large__label_63__idx_6947,0,CIFAR100_resnet_large,/Users/zd3504phd/Desktop/XAIV/benchmarks/cifar100_all/onnx/CIFAR100_resnet_large.onnx,/Users/zd3504phd/Desktop/XAIV/benchmarks/cifar100_2024/decoded_vnnlibs/resnet_large__label_63__idx_6947.png,0.6211400032043457,99,,"missing (result=timeout False, lb_num_finite=0)",timeout False,False,0.0,SAFE->0,unsat False,True,0.0,SAFE->0,unsat True,True,,False
resnet_large__label_64__idx_2767,0,CIFAR100_resnet_large,/Users/zd3504phd/Desktop/XAIV/benchmarks/cifar100_all/onnx/CIFAR100_resnet_large.onnx,/Users/zd3504phd/Desktop/XAIV/benchmarks/cifar100_2024/decoded_vnnlibs/resnet_large__label_64__idx_2767.png,0.35234642028808594,99,,"missing (result=timeout False, lb_num_finite=0)",timeout False,False,0.0366091728210449,lb_min_finite,unsat False,False,0.0,SAFE->0,unsat True,True,,False
resnet_large__label_71__idx_4338,0,CIFAR100_resnet_large,/Users/zd3504phd/Desktop/XAIV/benchmarks/cifar100_all/onnx/CIFAR100_resnet_large.onnx,/Users/zd3504phd/Desktop/XAIV/benchmarks/cifar100_2024/decoded_vnnlibs/resnet_large__label_71__idx_4338.png,0.00834512710571289,71,,"missing (result=timeout False, lb_num_finite=0)",timeout False,False,,"missing (result=timeout False, lb_num_finite=0)",timeout False,False,0.0,SAFE->0,unsat True,True,,False
resnet_large__label_78__idx_5742,0,CIFAR100_resnet_large,/Users/zd3504phd/Desktop/XAIV/benchmarks/cifar100_all/onnx/CIFAR100_resnet_large.onnx,/Users/zd3504phd/Desktop/XAIV/benchmarks/cifar100_2024/decoded_vnnlibs/resnet_large__label_78__idx_5742.png,0.4531373977661133,99,,"missing (result=timeout False, lb_num_finite=0)",timeout False,False,0.0,SAFE->0,unsat False,True,0.0,SAFE->0,unsat True,True,,False
resnet_large__label_80__idx_3620,0,CIFAR100_resnet_large,/Users/zd3504phd/Desktop/XAIV/benchmarks/cifar100_all/onnx/CIFAR100_resnet_large.onnx,/Users/zd3504phd/Desktop/XAIV/benchmarks/cifar100_2024/decoded_vnnlibs/resnet_large__label_80__idx_3620.png,0.4590456485748291,99,,"missing (result=timeout False, lb_num_finite=0)",timeout False,False,0.0189366340637207,lb_min_finite,unsat False,False,0.0,SAFE->0,unsat True,True,,False
resnet_large__label_81__idx_3388,0,CIFAR100_resnet_large,/Users/zd3504phd/Desktop/XAIV/benchmarks/cifar100_all/onnx/CIFAR100_resnet_large.onnx,/Users/zd3504phd/Desktop/XAIV/benchmarks/cifar100_2024/decoded_vnnlibs/resnet_large__label_81__idx_3388.png,0.6004009246826172,79,0.1230788230895996,lb_min_finite,timeout False,False,,"missing (result=timeout False, lb_num_finite=0)",timeout False,False,0.0,SAFE->0,unsat True,True,,False
resnet_large__label_81__idx_9853,0,CIFAR100_resnet_large,/Users/zd3504phd/Desktop/XAIV/benchmarks/cifar100_all/onnx/CIFAR100_resnet_large.onnx,/Users/zd3504phd/Desktop/XAIV/benchmarks/cifar100_2024/decoded_vnnlibs/resnet_large__label_81__idx_9853.png,0.08799266815185547,79,,"missing (result=timeout False, lb_num_finite=0)",timeout False,False,,"missing (result=timeout False, lb_num_finite=0)",timeout False,False,0.0,SAFE->0,unsat True,True,,False
resnet_large__label_83__idx_7948,0,CIFAR100_resnet_large,/Users/zd3504phd/Desktop/XAIV/benchmarks/cifar100_all/onnx/CIFAR100_resnet_large.onnx,/Users/zd3504phd/Desktop/XAIV/benchmarks/cifar100_2024/decoded_vnnlibs/resnet_large__label_83__idx_7948.png,0.010097742080688477,10,,"missing (result=timeout False, lb_num_finite=0)",timeout False,False,0.0,SAFE->0,unsat True,True,0.0,SAFE->0,unsat True,True,,False
resnet_large__label_85__idx_4482,0,CIFAR100_resnet_large,/Users/zd3504phd/Desktop/XAIV/benchmarks/cifar100_all/onnx/CIFAR100_resnet_large.onnx,/Users/zd3504phd/Desktop/XAIV/benchmarks/cifar100_2024/decoded_vnnlibs/resnet_large__label_85__idx_4482.png,0.3810281753540039,99,,"missing (result=sat True, lb_num_finite=0)",sat True,False,,"missing (result=sat True, lb_num_finite=0)",sat True,False,0.0,SAFE->0,unsat True,True,,False
resnet_large__label_86__idx_5679,0,CIFAR100_resnet_large,/Users/zd3504phd/Desktop/XAIV/benchmarks/cifar100_all/onnx/CIFAR100_resnet_large.onnx,/Users/zd3504phd/Desktop/XAIV/benchmarks/cifar100_2024/decoded_vnnlibs/resnet_large__label_86__idx_5679.png,0.5259013175964355,23,,"missing (result=sat True, lb_num_finite=0)",sat True,False,,"missing (result=sat True, lb_num_finite=0)",sat True,False,0.0,SAFE->0,unsat True,True,,False
resnet_large__label_89__idx_9025,0,CIFAR100_resnet_large,/Users/zd3504phd/Desktop/XAIV/benchmarks/cifar100_all/onnx/CIFAR100_resnet_large.onnx,/Users/zd3504phd/Desktop/XAIV/benchmarks/cifar100_2024/decoded_vnnlibs/resnet_large__label_89__idx_9025.png,0.002870321273803711,67,,"missing (result=timeout False, lb_num_finite=0)",timeout False,False,0.0,SAFE->0,unsat False,True,0.0,SAFE->0,unsat True,True,,False
resnet_large__label_91__idx_200,0,CIFAR100_resnet_large,/Users/zd3504phd/Desktop/XAIV/benchmarks/cifar100_all/onnx/CIFAR100_resnet_large.onnx,/Users/zd3504phd/Desktop/XAIV/benchmarks/cifar100_2024/decoded_vnnlibs/resnet_large__label_91__idx_200.png,1.2597832679748535,23,,"missing (result=sat True, lb_num_finite=0)",sat True,False,,"missing (result=sat True, lb_num_finite=0)",sat True,False,0.0,SAFE->0,unsat True,True,,False
resnet_large__label_94__idx_9000,0,CIFAR100_resnet_large,/Users/zd3504phd/Desktop/XAIV/benchmarks/cifar100_all/onnx/CIFAR100_resnet_large.onnx,/Users/zd3504phd/Desktop/XAIV/benchmarks/cifar100_2024/decoded_vnnlibs/resnet_large__label_94__idx_9000.png,1.2178969383239746,94,,"missing (result=timeout False, lb_num_finite=0)",timeout False,False,0.0,SAFE->0,unsat False,True,0.0,SAFE->0,unsat True,True,,False
resnet_large__label_95__idx_1371,0,CIFAR100_resnet_large,/Users/zd3504phd/Desktop/XAIV/benchmarks/cifar100_all/onnx/CIFAR100_resnet_large.onnx,/Users/zd3504phd/Desktop/XAIV/benchmarks/cifar100_2024/decoded_vnnlibs/resnet_large__label_95__idx_1371.png,0.025307416915893555,67,,"missing (result=timeout False, lb_num_finite=0)",timeout False,False,0.0,SAFE->0,unsat False,True,0.0,SAFE->0,unsat True,True,,False
resnet_medium__label_0__idx_5369,0,CIFAR100_resnet_medium,/Users/zd3504phd/Desktop/XAIV/benchmarks/cifar100_all/onnx/CIFAR100_resnet_medium.onnx,/Users/zd3504phd/Desktop/XAIV/benchmarks/cifar100_2024/decoded_vnnlibs/resnet_medium__label_0__idx_5369.png,0.28649234771728516,23,,"missing (result=timeout False, lb_num_finite=0)",timeout False,False,,"missing (result=timeout False, lb_num_finite=0)",timeout False,False,0.0,SAFE->0,unsat True,True,,False
resnet_medium__label_11__idx_7329,0,CIFAR100_resnet_medium,/Users/zd3504phd/Desktop/XAIV/benchmarks/cifar100_all/onnx/CIFAR100_resnet_medium.onnx,/Users/zd3504phd/Desktop/XAIV/benchmarks/cifar100_2024/decoded_vnnlibs/resnet_medium__label_11__idx_7329.png,1.2141036987304688,23,,"missing (result=sat True, lb_num_finite=0)",sat True,False,,"missing (result=sat True, lb_num_finite=0)",sat True,False,0.0,SAFE->0,unsat True,True,,False
resnet_medium__label_15__idx_4836,0,CIFAR100_resnet_medium,/Users/zd3504phd/Desktop/XAIV/benchmarks/cifar100_all/onnx/CIFAR100_resnet_medium.onnx,/Users/zd3504phd/Desktop/XAIV/benchmarks/cifar100_2024/decoded_vnnlibs/resnet_medium__label_15__idx_4836.png,2.071676731109619,23,,"missing (result=sat True, lb_num_finite=0)",sat True,False,,"missing (result=sat True, lb_num_finite=0)",sat True,False,0.0,SAFE->0,unsat True,True,,False
resnet_medium__label_15__idx_6893,0,CIFAR100_resnet_medium,/Users/zd3504phd/Desktop/XAIV/benchmarks/cifar100_all/onnx/CIFAR100_resnet_medium.onnx,/Users/zd3504phd/Desktop/XAIV/benchmarks/cifar100_2024/decoded_vnnlibs/resnet_medium__label_15__idx_6893.png,0.4048933982849121,96,,"missing (result=timeout False, lb_num_finite=0)",timeout False,False,0.0,SAFE->0,unsat False,True,0.0,SAFE->0,unsat True,True,,False
resnet_medium__label_17__idx_9758,0,CIFAR100_resnet_medium,/Users/zd3504phd/Desktop/XAIV/benchmarks/cifar100_all/onnx/CIFAR100_resnet_medium.onnx,/Users/zd3504phd/Desktop/XAIV/benchmarks/cifar100_2024/decoded_vnnlibs/resnet_medium__label_17__idx_9758.png,0.23042845726013184,23,,"missing (result=timeout False, lb_num_finite=0)",timeout False,False,0.0,SAFE->0,unsat False,True,0.0,SAFE->0,unsat True,True,,False
resnet_medium__label_18__idx_4586,0,CIFAR100_resnet_medium,/Users/zd3504phd/Desktop/XAIV/benchmarks/cifar100_all/onnx/CIFAR100_resnet_medium.onnx,/Users/zd3504phd/Desktop/XAIV/benchmarks/cifar100_2024/decoded_vnnlibs/resnet_medium__label_18__idx_4586.png,0.04063010215759277,67,,"missing (result=timeout False, lb_num_finite=0)",timeout False,False,0.0,SAFE->0,unsat False,True,0.0,SAFE->0,unsat True,True,,False
resnet_medium__label_18__idx_9124,0,CIFAR100_resnet_medium,/Users/zd3504phd/Desktop/XAIV/benchmarks/cifar100_all/onnx/CIFAR100_resnet_medium.onnx,/Users/zd3504phd/Desktop/XAIV/benchmarks/cifar100_2024/decoded_vnnlibs/resnet_medium__label_18__idx_9124.png,0.22380781173706055,23,,"missing (result=timeout False, lb_num_finite=0)",timeout False,False,,"missing (result=timeout False, lb_num_finite=0)",timeout False,False,0.0,SAFE->0,unsat True,True,,False
resnet_medium__label_20__idx_5266,0,CIFAR100_resnet_medium,/Users/zd3504phd/Desktop/XAIV/benchmarks/cifar100_all/onnx/CIFAR100_resnet_medium.onnx,/Users/zd3504phd/Desktop/XAIV/benchmarks/cifar100_2024/decoded_vnnlibs/resnet_medium__label_20__idx_5266.png,0.6218681335449219,61,,"missing (result=timeout False, lb_num_finite=0)",timeout False,False,0.0,SAFE->0,unsat False,True,0.0,SAFE->0,unsat True,True,,False
resnet_medium__label_21__idx_4555,0,CIFAR100_resnet_medium,/Users/zd3504phd/Desktop/XAIV/benchmarks/cifar100_all/onnx/CIFAR100_resnet_medium.onnx,/Users/zd3504phd/Desktop/XAIV/benchmarks/cifar100_2024/decoded_vnnlibs/resnet_medium__label_21__idx_4555.png,0.3206496238708496,67,,"missing (result=timeout False, lb_num_finite=0)",timeout False,False,0.0,SAFE->0,unsat False,True,0.0,SAFE->0,unsat True,True,,False
resnet_medium__label_25__idx_2906,0,CIFAR100_resnet_medium,/Users/zd3504phd/Desktop/XAIV/benchmarks/cifar100_all/onnx/CIFAR100_resnet_medium.onnx,/Users/zd3504phd/Desktop/XAIV/benchmarks/cifar100_2024/decoded_vnnlibs/resnet_medium__label_25__idx_2906.png,0.7526288032531738,23,,"missing (result=sat True, lb_num_finite=0)",sat True,False,0.0,SAFE->0,unsat False,True,0.0,SAFE->0,unsat True,True,,False
resnet_medium__label_26__idx_9099,0,CIFAR100_resnet_medium,/Users/zd3504phd/Desktop/XAIV/benchmarks/cifar100_all/onnx/CIFAR100_resnet_medium.onnx,/Users/zd3504phd/Desktop/XAIV/benchmarks/cifar100_2024/decoded_vnnlibs/resnet_medium__label_26__idx_9099.png,0.5448379516601562,99,,"missing (result=timeout False, lb_num_finite=0)",timeout False,False,,"missing (result=timeout False, lb_num_finite=0)",timeout False,False,0.0,SAFE->0,unsat True,True,,False
resnet_medium__label_27__idx_3020,0,CIFAR100_resnet_medium,/Users/zd3504phd/Desktop/XAIV/benchmarks/cifar100_all/onnx/CIFAR100_resnet_medium.onnx,/Users/zd3504phd/Desktop/XAIV/benchmarks/cifar100_2024/decoded_vnnlibs/resnet_medium__label_27__idx_3020.png,0.4232316017150879,23,,"missing (result=sat True, lb_num_finite=0)",sat True,False,0.0615288019180297,lb_min_finite,timeout False,False,0.0,SAFE->0,unsat True,True,,False
resnet_medium__label_29__idx_5525,0,CIFAR100_resnet_medium,/Users/zd3504phd/Desktop/XAIV/benchmarks/cifar100_all/onnx/CIFAR100_resnet_medium.onnx,/Users/zd3504phd/Desktop/XAIV/benchmarks/cifar100_2024/decoded_vnnlibs/resnet_medium__label_29__idx_5525.png,0.920689582824707,99,,"missing (result=sat True, lb_num_finite=0)",sat True,False,,"missing (result=sat True, lb_num_finite=0)",sat True,False,0.0,SAFE->0,unsat False,True,,False
resnet_medium__label_30__idx_282,0,CIFAR100_resnet_medium,/Users/zd3504phd/Desktop/XAIV/benchmarks/cifar100_all/onnx/CIFAR100_resnet_medium.onnx,/Users/zd3504phd/Desktop/XAIV/benchmarks/cifar100_2024/decoded_vnnlibs/resnet_medium__label_30__idx_282.png,1.474385380744934,23,,"missing (result=timeout False, lb_num_finite=0)",timeout False,False,,"missing (result=timeout False, lb_num_finite=0)",timeout False,False,0.0,SAFE->0,unsat True,True,,False
resnet_medium__label_37__idx_7644,0,CIFAR100_resnet_medium,/Users/zd3504phd/Desktop/XAIV/benchmarks/cifar100_all/onnx/CIFAR100_resnet_medium.onnx,/Users/zd3504phd/Desktop/XAIV/benchmarks/cifar100_2024/decoded_vnnlibs/resnet_medium__label_37__idx_7644.png,0.1316385269165039,33,,"missing (result=timeout False, lb_num_finite=0)",timeout False,False,0.0,SAFE->0,unsat False,True,0.0,SAFE->0,unsat True,True,,False
resnet_medium__label_42__idx_2704,0,CIFAR100_resnet_medium,/Users/zd3504phd/Desktop/XAIV/benchmarks/cifar100_all/onnx/CIFAR100_resnet_medium.onnx,/Users/zd3504phd/Desktop/XAIV/benchmarks/cifar100_2024/decoded_vnnlibs/resnet_medium__label_42__idx_2704.png,0.9612789154052734,23,,"missing (result=sat True, lb_num_finite=0)",sat True,False,,"missing (result=timeout False, lb_num_finite=0)",timeout False,False,0.0,SAFE->0,unsat True,True,,False
resnet_medium__label_44__idx_7654,0,CIFAR100_resnet_medium,/Users/zd3504phd/Desktop/XAIV/benchmarks/cifar100_all/onnx/CIFAR100_resnet_medium.onnx,/Users/zd3504phd/Desktop/XAIV/benchmarks/cifar100_2024/decoded_vnnlibs/resnet_medium__label_44__idx_7654.png,0.25055360794067383,23,,"missing (result=timeout False, lb_num_finite=0)",timeout False,False,,"missing (result=timeout False, lb_num_finite=0)",timeout False,False,0.0,SAFE->0,unsat True,True,,False
resnet_medium__label_49__idx_3864,0,CIFAR100_resnet_medium,/Users/zd3504phd/Desktop/XAIV/benchmarks/cifar100_all/onnx/CIFAR100_resnet_medium.onnx,/Users/zd3504phd/Desktop/XAIV/benchmarks/cifar100_2024/decoded_vnnlibs/resnet_medium__label_49__idx_3864.png,0.19151639938354492,23,,"missing (result=timeout False, lb_num_finite=0)",timeout False,False,0.0208802223205566,lb_min_finite,unsat False,False,0.0,SAFE->0,unsat True,True,,False
resnet_medium__label_4__idx_6593,0,CIFAR100_resnet_medium,/Users/zd3504phd/Desktop/XAIV/benchmarks/cifar100_all/onnx/CIFAR100_resnet_medium.onnx,/Users/zd3504phd/Desktop/XAIV/benchmarks/cifar100_2024/decoded_vnnlibs/resnet_medium__label_4__idx_6593.png,0.5036172866821289,61,0.1736149787902832,lb_min_finite,timeout False,False,,"missing (result=timeout False, lb_num_finite=0)",timeout False,False,0.0,SAFE->0,unsat True,True,,False
resnet_medium__label_4__idx_9441,0,CIFAR100_resnet_medium,/Users/zd3504phd/Desktop/XAIV/benchmarks/cifar100_all/onnx/CIFAR100_resnet_medium.onnx,/Users/zd3504phd/Desktop/XAIV/benchmarks/cifar100_2024/decoded_vnnlibs/resnet_medium__label_4__idx_9441.png,0.8005099296569824,79,,"missing (result=sat True, lb_num_finite=0)",sat True,False,,"missing (result=sat True, lb_num_finite=0)",sat True,False,0.0,SAFE->0,unsat True,True,,False
resnet_medium__label_51__idx_1154,0,CIFAR100_resnet_medium,/Users/zd3504phd/Desktop/XAIV/benchmarks/cifar100_all/onnx/CIFAR100_resnet_medium.onnx,/Users/zd3504phd/Desktop/XAIV/benchmarks/cifar100_2024/decoded_vnnlibs/resnet_medium__label_51__idx_1154.png,0.44156455993652344,67,,"missing (result=sat True, lb_num_finite=0)",sat True,False,,"missing (result=sat True, lb_num_finite=0)",sat True,False,0.0,SAFE->0,unsat True,True,,False
resnet_medium__label_70__idx_3285,0,CIFAR100_resnet_medium,/Users/zd3504phd/Desktop/XAIV/benchmarks/cifar100_all/onnx/CIFAR100_resnet_medium.onnx,/Users/zd3504phd/Desktop/XAIV/benchmarks/cifar100_2024/decoded_vnnlibs/resnet_medium__label_70__idx_3285.png,0.6612277030944824,23,,"missing (result=timeout False, lb_num_finite=0)",timeout False,False,0.0,SAFE->0,unsat False,True,0.0,SAFE->0,unsat True,True,,False
resnet_medium__label_71__idx_752,0,CIFAR100_resnet_medium,/Users/zd3504phd/Desktop/XAIV/benchmarks/cifar100_all/onnx/CIFAR100_resnet_medium.onnx,/Users/zd3504phd/Desktop/XAIV/benchmarks/cifar100_2024/decoded_vnnlibs/resnet_medium__label_71__idx_752.png,0.36391472816467285,71,,"missing (result=timeout False, lb_num_finite=0)",timeout False,False,,"missing (result=timeout False, lb_num_finite=0)",timeout False,False,0.0,SAFE->0,unsat True,True,,False
resnet_medium__label_73__idx_1800,0,CIFAR100_resnet_medium,/Users/zd3504phd/Desktop/XAIV/benchmarks/cifar100_all/onnx/CIFAR100_resnet_medium.onnx,/Users/zd3504phd/Desktop/XAIV/benchmarks/cifar100_2024/decoded_vnnlibs/resnet_medium__label_73__idx_1800.png,0.5004823207855225,79,,"missing (result=timeout False, lb_num_finite=0)",timeout False,False,,"missing (result=timeout False, lb_num_finite=0)",timeout False,False,0.0,SAFE->0,unsat True,True,,False
resnet_medium__label_74__idx_9092,0,CIFAR100_resnet_medium,/Users/zd3504phd/Desktop/XAIV/benchmarks/cifar100_all/onnx/CIFAR100_resnet_medium.onnx,/Users/zd3504phd/Desktop/XAIV/benchmarks/cifar100_2024/decoded_vnnlibs/resnet_medium__label_74__idx_9092.png,0.6520452499389648,23,,"missing (result=timeout False, lb_num_finite=0)",timeout False,False,0.0105524063110351,lb_min_finite,timeout False,False,0.0,SAFE->0,unsat True,True,,False
resnet_medium__label_75__idx_4400,0,CIFAR100_resnet_medium,/Users/zd3504phd/Desktop/XAIV/benchmarks/cifar100_all/onnx/CIFAR100_resnet_medium.onnx,/Users/zd3504phd/Desktop/XAIV/benchmarks/cifar100_2024/decoded_vnnlibs/resnet_medium__label_75__idx_4400.png,0.30326223373413086,50,,"missing (result=timeout False, lb_num_finite=0)",timeout False,False,0.0,SAFE->0,unsat False,True,0.0,SAFE->0,unsat True,True,,False
resnet_medium__label_79__idx_3741,0,CIFAR100_resnet_medium,/Users/zd3504phd/Desktop/XAIV/benchmarks/cifar100_all/onnx/CIFAR100_resnet_medium.onnx,/Users/zd3504phd/Desktop/XAIV/benchmarks/cifar100_2024/decoded_vnnlibs/resnet_medium__label_79__idx_3741.png,0.3430781364440918,79,,"missing (result=sat True, lb_num_finite=0)",sat True,False,,"missing (result=timeout False, lb_num_finite=0)",timeout False,False,0.0,SAFE->0,unsat True,True,,False
resnet_medium__label_79__idx_5430,0,CIFAR100_resnet_medium,/Users/zd3504phd/Desktop/XAIV/benchmarks/cifar100_all/onnx/CIFAR100_resnet_medium.onnx,/Users/zd3504phd/Desktop/XAIV/benchmarks/cifar100_2024/decoded_vnnlibs/resnet_medium__label_79__idx_5430.png,1.1150341033935547,79,,"missing (result=timeout False, lb_num_finite=0)",timeout False,False,0.0,SAFE->0,unsat False,True,0.0,SAFE->0,unsat True,True,,False
resnet_medium__label_80__idx_3620,0,CIFAR100_resnet_medium,/Users/zd3504phd/Desktop/XAIV/benchmarks/cifar100_all/onnx/CIFAR100_resnet_medium.onnx,/Users/zd3504phd/Desktop/XAIV/benchmarks/cifar100_2024/decoded_vnnlibs/resnet_large__label_80__idx_3620.png,0.31425952911376953,99,,"missing (result=timeout False, lb_num_finite=0)",timeout False,False,0.0,SAFE->0,unsat False,True,0.0,SAFE->0,unsat True,True,,False
resnet_medium__label_83__idx_5815,0,CIFAR100_resnet_medium,/Users/zd3504phd/Desktop/XAIV/benchmarks/cifar100_all/onnx/CIFAR100_resnet_medium.onnx,/Users/zd3504phd/Desktop/XAIV/benchmarks/cifar100_2024/decoded_vnnlibs/resnet_medium__label_83__idx_5815.png,0.5169143676757812,67,,"missing (result=timeout False, lb_num_finite=0)",timeout False,False,0.0,SAFE->0,unsat False,True,0.0,SAFE->0,unsat True,True,,False
resnet_medium__label_88__idx_4719,0,CIFAR100_resnet_medium,/Users/zd3504phd/Desktop/XAIV/benchmarks/cifar100_all/onnx/CIFAR100_resnet_medium.onnx,/Users/zd3504phd/Desktop/XAIV/benchmarks/cifar100_2024/decoded_vnnlibs/resnet_medium__label_88__idx_4719.png,0.17755365371704102,23,,"missing (result=sat True, lb_num_finite=0)",sat True,False,,"missing (result=sat True, lb_num_finite=0)",sat True,False,0.0,SAFE->0,unsat True,True,,False
resnet_medium__label_91__idx_200,0,CIFAR100_resnet_medium,/Users/zd3504phd/Desktop/XAIV/benchmarks/cifar100_all/onnx/CIFAR100_resnet_medium.onnx,/Users/zd3504phd/Desktop/XAIV/benchmarks/cifar100_2024/decoded_vnnlibs/resnet_large__label_91__idx_200.png,1.1672234535217285,23,,"missing (result=sat True, lb_num_finite=0)",sat True,False,,"missing (result=sat True, lb_num_finite=0)",sat True,False,0.0,SAFE->0,unsat True,True,,False
resnet_medium__label_92__idx_1041,0,CIFAR100_resnet_medium,/Users/zd3504phd/Desktop/XAIV/benchmarks/cifar100_all/onnx/CIFAR100_resnet_medium.onnx,/Users/zd3504phd/Desktop/XAIV/benchmarks/cifar100_2024/decoded_vnnlibs/resnet_medium__label_92__idx_1041.png,0.2629537582397461,94,,"missing (result=timeout False, lb_num_finite=0)",timeout False,False,0.0,SAFE->0,unsat False,True,0.0,SAFE->0,unsat True,True,,False
resnet_medium__label_92__idx_7841,0,CIFAR100_resnet_medium,/Users/zd3504phd/Desktop/XAIV/benchmarks/cifar100_all/onnx/CIFAR100_resnet_medium.onnx,/Users/zd3504phd/Desktop/XAIV/benchmarks/cifar100_2024/decoded_vnnlibs/resnet_medium__label_92__idx_7841.png,0.5407509803771973,23,,"missing (result=sat True, lb_num_finite=0)",sat True,False,0.0,SAFE->0,unsat True,True,0.0,SAFE->0,unsat True,True,,False
resnet_medium__label_96__idx_5577,0,CIFAR100_resnet_medium,/Users/zd3504phd/Desktop/XAIV/benchmarks/cifar100_all/onnx/CIFAR100_resnet_medium.onnx,/Users/zd3504phd/Desktop/XAIV/benchmarks/cifar100_2024/decoded_vnnlibs/resnet_medium__label_96__idx_5577.png,0.1704251766204834,79,,"missing (result=sat True, lb_num_finite=0)",sat True,False,,"missing (result=sat True, lb_num_finite=0)",sat True,False,0.0,SAFE->0,unsat True,True,,False
resnet_medium__label_96__idx_9183,0,CIFAR100_resnet_medium,/Users/zd3504phd/Desktop/XAIV/benchmarks/cifar100_all/onnx/CIFAR100_resnet_medium.onnx,/Users/zd3504phd/Desktop/XAIV/benchmarks/cifar100_2024/decoded_vnnlibs/resnet_medium__label_96__idx_9183.png,0.20852422714233398,79,0.0872738361358642,lb_min_finite,timeout False,False,,"missing (result=timeout False, lb_num_finite=0)",timeout False,False,0.0,SAFE->0,unsat True,True,,False
resnet_medium__label_99__idx_3584,0,CIFAR100_resnet_medium,/Users/zd3504phd/Desktop/XAIV/benchmarks/cifar100_all/onnx/CIFAR100_resnet_medium.onnx,/Users/zd3504phd/Desktop/XAIV/benchmarks/cifar100_2024/decoded_vnnlibs/resnet_medium__label_99__idx_3584.png,0.4007606506347656,79,,"missing (result=timeout False, lb_num_finite=0)",timeout False,False,,"missing (result=timeout False, lb_num_finite=0)",timeout False,False,0.0,SAFE->0,unsat True,True,,False
