vnnlib,label,sidx,png,status
vnnlib/CIFAR100_resnet_large_prop_idx_1059_sidx_6596_eps_0.0039.vnnlib,49,6596,decoded_vnnlibs/resnet_large__label_49__idx_6596.png,ok
vnnlib/CIFAR100_resnet_large_prop_idx_1063_sidx_7948_eps_0.0039.vnnlib,83,7948,decoded_vnnlibs/resnet_large__label_83__idx_7948.png,ok
vnnlib/CIFAR100_resnet_large_prop_idx_1105_sidx_9000_eps_0.0039.vnnlib,94,9000,decoded_vnnlibs/resnet_large__label_94__idx_9000.png,ok
vnnlib/CIFAR100_resnet_large_prop_idx_1216_sidx_6431_eps_0.0039.vnnlib,48,6431,decoded_vnnlibs/resnet_large__label_48__idx_6431.png,ok
vnnlib/CIFAR100_resnet_large_prop_idx_1241_sidx_5679_eps_0.0039.vnnlib,86,5679,decoded_vnnlibs/resnet_large__label_86__idx_5679.png,ok
vnnlib/CIFAR100_resnet_large_prop_idx_1280_sidx_5310_eps_0.0039.vnnlib,89,5310,decoded_vnnlibs/resnet_large__label_89__idx_5310.png,ok
vnnlib/CIFAR100_resnet_large_prop_idx_1298_sidx_33_eps_0.0039.vnnlib,76,33,decoded_vnnlibs/resnet_large__label_76__idx_33.png,ok
vnnlib/CIFAR100_resnet_large_prop_idx_1309_sidx_8525_eps_0.0039.vnnlib,12,8525,decoded_vnnlibs/resnet_large__label_12__idx_8525.png,ok
vnnlib/CIFAR100_resnet_large_prop_idx_1426_sidx_3855_eps_0.0039.vnnlib,4,3855,decoded_vnnlibs/resnet_large__label_4__idx_3855.png,ok
vnnlib/CIFAR100_resnet_large_prop_idx_1439_sidx_8354_eps_0.0039.vnnlib,82,8354,decoded_vnnlibs/resnet_large__label_82__idx_8354.png,ok
vnnlib/CIFAR100_resnet_large_prop_idx_1456_sidx_5797_eps_0.0039.vnnlib,48,5797,decoded_vnnlibs/resnet_large__label_48__idx_5797.png,ok
vnnlib/CIFAR100_resnet_large_prop_idx_1590_sidx_2858_eps_0.0039.vnnlib,21,2858,decoded_vnnlibs/resnet_large__label_21__idx_2858.png,ok
vnnlib/CIFAR100_resnet_large_prop_idx_1913_sidx_2767_eps_0.0039.vnnlib,64,2767,decoded_vnnlibs/resnet_large__label_64__idx_2767.png,ok
vnnlib/CIFAR100_resnet_large_prop_idx_1938_sidx_6556_eps_0.0039.vnnlib,43,6556,decoded_vnnlibs/resnet_large__label_43__idx_6556.png,ok
vnnlib/CIFAR100_resnet_large_prop_idx_2132_sidx_6868_eps_0.0039.vnnlib,12,6868,decoded_vnnlibs/resnet_large__label_12__idx_6868.png,ok
vnnlib/CIFAR100_resnet_large_prop_idx_2302_sidx_3657_eps_0.0039.vnnlib,76,3657,decoded_vnnlibs/resnet_large__label_76__idx_3657.png,ok
vnnlib/CIFAR100_resnet_large_prop_idx_2461_sidx_2912_eps_0.0039.vnnlib,44,2912,decoded_vnnlibs/resnet_large__label_44__idx_2912.png,ok
vnnlib/CIFAR100_resnet_large_prop_idx_2624_sidx_917_eps_0.0039.vnnlib,18,917,decoded_vnnlibs/resnet_large__label_18__idx_917.png,ok
vnnlib/CIFAR100_resnet_large_prop_idx_2630_sidx_1753_eps_0.0039.vnnlib,42,1753,decoded_vnnlibs/resnet_large__label_42__idx_1753.png,ok
vnnlib/CIFAR100_resnet_large_prop_idx_2636_sidx_1992_eps_0.0039.vnnlib,18,1992,decoded_vnnlibs/resnet_large__label_18__idx_1992.png,ok
vnnlib/CIFAR100_resnet_large_prop_idx_2668_sidx_2652_eps_0.0039.vnnlib,63,2652,decoded_vnnlibs/resnet_large__label_63__idx_2652.png,ok
vnnlib/CIFAR100_resnet_large_prop_idx_2724_sidx_6459_eps_0.0039.vnnlib,86,6459,decoded_vnnlibs/resnet_large__label_86__idx_6459.png,ok
vnnlib/CIFAR100_resnet_large_prop_idx_276_sidx_476_eps_0.0039.vnnlib,31,476,decoded_vnnlibs/resnet_large__label_31__idx_476.png,ok
vnnlib/CIFAR100_resnet_large_prop_idx_2783_sidx_8903_eps_0.0039.vnnlib,26,8903,decoded_vnnlibs/resnet_large__label_26__idx_8903.png,ok
vnnlib/CIFAR100_resnet_large_prop_idx_2993_sidx_2485_eps_0.0039.vnnlib,68,2485,decoded_vnnlibs/resnet_large__label_68__idx_2485.png,ok
vnnlib/CIFAR100_resnet_large_prop_idx_2998_sidx_6947_eps_0.0039.vnnlib,63,6947,decoded_vnnlibs/resnet_large__label_63__idx_6947.png,ok
vnnlib/CIFAR100_resnet_large_prop_idx_3143_sidx_9413_eps_0.0039.vnnlib,19,9413,decoded_vnnlibs/resnet_large__label_19__idx_9413.png,ok
vnnlib/CIFAR100_resnet_large_prop_idx_3355_sidx_212_eps_0.0039.vnnlib,26,212,decoded_vnnlibs/resnet_large__label_26__idx_212.png,ok
vnnlib/CIFAR100_resnet_large_prop_idx_3443_sidx_918_eps_0.0039.vnnlib,68,918,decoded_vnnlibs/resnet_large__label_68__idx_918.png,ok
vnnlib/CIFAR100_resnet_large_prop_idx_3573_sidx_2903_eps_0.0039.vnnlib,37,2903,decoded_vnnlibs/resnet_large__label_37__idx_2903.png,ok
vnnlib/CIFAR100_resnet_large_prop_idx_3585_sidx_3469_eps_0.0039.vnnlib,11,3469,decoded_vnnlibs/resnet_large__label_11__idx_3469.png,ok
vnnlib/CIFAR100_resnet_large_prop_idx_3681_sidx_4987_eps_0.0039.vnnlib,32,4987,decoded_vnnlibs/resnet_large__label_32__idx_4987.png,ok
vnnlib/CIFAR100_resnet_large_prop_idx_3703_sidx_3842_eps_0.0039.vnnlib,94,3842,decoded_vnnlibs/resnet_large__label_94__idx_3842.png,ok
vnnlib/CIFAR100_resnet_large_prop_idx_3812_sidx_8477_eps_0.0039.vnnlib,10,8477,decoded_vnnlibs/resnet_large__label_10__idx_8477.png,ok
vnnlib/CIFAR100_resnet_large_prop_idx_383_sidx_3388_eps_0.0039.vnnlib,81,3388,decoded_vnnlibs/resnet_large__label_81__idx_3388.png,ok
vnnlib/CIFAR100_resnet_large_prop_idx_3858_sidx_134_eps_0.0039.vnnlib,81,134,decoded_vnnlibs/resnet_large__label_81__idx_134.png,ok
vnnlib/CIFAR100_resnet_large_prop_idx_3894_sidx_5803_eps_0.0039.vnnlib,81,5803,decoded_vnnlibs/resnet_large__label_81__idx_5803.png,ok
vnnlib/CIFAR100_resnet_large_prop_idx_3950_sidx_4217_eps_0.0039.vnnlib,90,4217,decoded_vnnlibs/resnet_large__label_90__idx_4217.png,ok
vnnlib/CIFAR100_resnet_large_prop_idx_4227_sidx_5883_eps_0.0039.vnnlib,66,5883,decoded_vnnlibs/resnet_large__label_66__idx_5883.png,ok
vnnlib/CIFAR100_resnet_large_prop_idx_4322_sidx_9995_eps_0.0039.vnnlib,21,9995,decoded_vnnlibs/resnet_large__label_21__idx_9995.png,ok
vnnlib/CIFAR100_resnet_large_prop_idx_4385_sidx_9116_eps_0.0039.vnnlib,58,9116,decoded_vnnlibs/resnet_large__label_58__idx_9116.png,ok
vnnlib/CIFAR100_resnet_large_prop_idx_4486_sidx_8828_eps_0.0039.vnnlib,93,8828,decoded_vnnlibs/resnet_large__label_93__idx_8828.png,ok
vnnlib/CIFAR100_resnet_large_prop_idx_4571_sidx_3801_eps_0.0039.vnnlib,2,3801,decoded_vnnlibs/resnet_large__label_2__idx_3801.png,ok
vnnlib/CIFAR100_resnet_large_prop_idx_4652_sidx_1371_eps_0.0039.vnnlib,95,1371,decoded_vnnlibs/resnet_large__label_95__idx_1371.png,ok
vnnlib/CIFAR100_resnet_large_prop_idx_4757_sidx_803_eps_0.0039.vnnlib,13,803,decoded_vnnlibs/resnet_large__label_13__idx_803.png,ok
vnnlib/CIFAR100_resnet_large_prop_idx_483_sidx_7371_eps_0.0039.vnnlib,94,7371,decoded_vnnlibs/resnet_large__label_94__idx_7371.png,ok
vnnlib/CIFAR100_resnet_large_prop_idx_484_sidx_161_eps_0.0039.vnnlib,52,161,decoded_vnnlibs/resnet_large__label_52__idx_161.png,ok
vnnlib/CIFAR100_resnet_large_prop_idx_4862_sidx_9853_eps_0.0039.vnnlib,81,9853,decoded_vnnlibs/resnet_large__label_81__idx_9853.png,ok
vnnlib/CIFAR100_resnet_large_prop_idx_496_sidx_1194_eps_0.0039.vnnlib,91,1194,decoded_vnnlibs/resnet_large__label_91__idx_1194.png,ok
vnnlib/CIFAR100_resnet_large_prop_idx_5162_sidx_8126_eps_0.0039.vnnlib,1,8126,decoded_vnnlibs/resnet_large__label_1__idx_8126.png,ok
vnnlib/CIFAR100_resnet_large_prop_idx_5230_sidx_242_eps_0.0039.vnnlib,29,242,decoded_vnnlibs/resnet_large__label_29__idx_242.png,ok
vnnlib/CIFAR100_resnet_large_prop_idx_5308_sidx_1650_eps_0.0039.vnnlib,85,1650,decoded_vnnlibs/resnet_large__label_85__idx_1650.png,ok
vnnlib/CIFAR100_resnet_large_prop_idx_5410_sidx_2762_eps_0.0039.vnnlib,50,2762,decoded_vnnlibs/resnet_large__label_50__idx_2762.png,ok
vnnlib/CIFAR100_resnet_large_prop_idx_5522_sidx_5863_eps_0.0039.vnnlib,18,5863,decoded_vnnlibs/resnet_large__label_18__idx_5863.png,ok
vnnlib/CIFAR100_resnet_large_prop_idx_5546_sidx_4338_eps_0.0039.vnnlib,71,4338,decoded_vnnlibs/resnet_large__label_71__idx_4338.png,ok
vnnlib/CIFAR100_resnet_large_prop_idx_5769_sidx_1524_eps_0.0039.vnnlib,55,1524,decoded_vnnlibs/resnet_large__label_55__idx_1524.png,ok
vnnlib/CIFAR100_resnet_large_prop_idx_5804_sidx_1885_eps_0.0039.vnnlib,19,1885,decoded_vnnlibs/resnet_large__label_19__idx_1885.png,ok
vnnlib/CIFAR100_resnet_large_prop_idx_5810_sidx_7106_eps_0.0039.vnnlib,27,7106,decoded_vnnlibs/resnet_large__label_27__idx_7106.png,ok
vnnlib/CIFAR100_resnet_large_prop_idx_6101_sidx_3593_eps_0.0039.vnnlib,41,3593,decoded_vnnlibs/resnet_large__label_41__idx_3593.png,ok
vnnlib/CIFAR100_resnet_large_prop_idx_6269_sidx_6873_eps_0.0039.vnnlib,34,6873,decoded_vnnlibs/resnet_large__label_34__idx_6873.png,ok
vnnlib/CIFAR100_resnet_large_prop_idx_62_sidx_313_eps_0.0039.vnnlib,33,313,decoded_vnnlibs/resnet_large__label_33__idx_313.png,ok
vnnlib/CIFAR100_resnet_large_prop_idx_6337_sidx_2381_eps_0.0039.vnnlib,52,2381,decoded_vnnlibs/resnet_large__label_52__idx_2381.png,ok
vnnlib/CIFAR100_resnet_large_prop_idx_6341_sidx_3142_eps_0.0039.vnnlib,5,3142,decoded_vnnlibs/resnet_large__label_5__idx_3142.png,ok
vnnlib/CIFAR100_resnet_large_prop_idx_6343_sidx_1886_eps_0.0039.vnnlib,84,1886,decoded_vnnlibs/resnet_large__label_84__idx_1886.png,ok
vnnlib/CIFAR100_resnet_large_prop_idx_6418_sidx_7923_eps_0.0039.vnnlib,58,7923,decoded_vnnlibs/resnet_large__label_58__idx_7923.png,ok
vnnlib/CIFAR100_resnet_large_prop_idx_6491_sidx_3620_eps_0.0039.vnnlib,80,3620,decoded_vnnlibs/resnet_large__label_80__idx_3620.png,ok
vnnlib/CIFAR100_resnet_large_prop_idx_656_sidx_2209_eps_0.0039.vnnlib,25,2209,decoded_vnnlibs/resnet_large__label_25__idx_2209.png,ok
vnnlib/CIFAR100_resnet_large_prop_idx_6583_sidx_8860_eps_0.0039.vnnlib,48,8860,decoded_vnnlibs/resnet_large__label_48__idx_8860.png,ok
vnnlib/CIFAR100_resnet_large_prop_idx_6757_sidx_2400_eps_0.0039.vnnlib,36,2400,decoded_vnnlibs/resnet_large__label_36__idx_2400.png,ok
vnnlib/CIFAR100_resnet_large_prop_idx_7104_sidx_9469_eps_0.0039.vnnlib,66,9469,decoded_vnnlibs/resnet_large__label_66__idx_9469.png,ok
vnnlib/CIFAR100_resnet_large_prop_idx_7233_sidx_4318_eps_0.0039.vnnlib,33,4318,decoded_vnnlibs/resnet_large__label_33__idx_4318.png,ok
vnnlib/CIFAR100_resnet_large_prop_idx_7436_sidx_5742_eps_0.0039.vnnlib,78,5742,decoded_vnnlibs/resnet_large__label_78__idx_5742.png,ok
vnnlib/CIFAR100_resnet_large_prop_idx_7554_sidx_8201_eps_0.0039.vnnlib,17,8201,decoded_vnnlibs/resnet_large__label_17__idx_8201.png,ok
vnnlib/CIFAR100_resnet_large_prop_idx_7640_sidx_9025_eps_0.0039.vnnlib,89,9025,decoded_vnnlibs/resnet_large__label_89__idx_9025.png,ok
vnnlib/CIFAR100_resnet_large_prop_idx_7866_sidx_7980_eps_0.0039.vnnlib,78,7980,decoded_vnnlibs/resnet_large__label_78__idx_7980.png,ok
vnnlib/CIFAR100_resnet_large_prop_idx_7884_sidx_6926_eps_0.0039.vnnlib,47,6926,decoded_vnnlibs/resnet_large__label_47__idx_6926.png,ok
vnnlib/CIFAR100_resnet_large_prop_idx_7886_sidx_7064_eps_0.0039.vnnlib,62,7064,decoded_vnnlibs/resnet_large__label_62__idx_7064.png,ok
vnnlib/CIFAR100_resnet_large_prop_idx_7890_sidx_4421_eps_0.0039.vnnlib,40,4421,decoded_vnnlibs/resnet_large__label_40__idx_4421.png,ok
vnnlib/CIFAR100_resnet_large_prop_idx_7926_sidx_589_eps_0.0039.vnnlib,34,589,decoded_vnnlibs/resnet_large__label_34__idx_589.png,ok
vnnlib/CIFAR100_resnet_large_prop_idx_8005_sidx_2582_eps_0.0039.vnnlib,51,2582,decoded_vnnlibs/resnet_large__label_51__idx_2582.png,ok
vnnlib/CIFAR100_resnet_large_prop_idx_8012_sidx_5910_eps_0.0039.vnnlib,88,5910,decoded_vnnlibs/resnet_large__label_88__idx_5910.png,ok
vnnlib/CIFAR100_resnet_large_prop_idx_8119_sidx_972_eps_0.0039.vnnlib,2,972,decoded_vnnlibs/resnet_large__label_2__idx_972.png,ok
vnnlib/CIFAR100_resnet_large_prop_idx_8332_sidx_4482_eps_0.0039.vnnlib,85,4482,decoded_vnnlibs/resnet_large__label_85__idx_4482.png,ok
vnnlib/CIFAR100_resnet_large_prop_idx_8381_sidx_4474_eps_0.0039.vnnlib,88,4474,decoded_vnnlibs/resnet_large__label_88__idx_4474.png,ok
vnnlib/CIFAR100_resnet_large_prop_idx_8395_sidx_8915_eps_0.0039.vnnlib,77,8915,decoded_vnnlibs/resnet_large__label_77__idx_8915.png,ok
vnnlib/CIFAR100_resnet_large_prop_idx_8476_sidx_3906_eps_0.0039.vnnlib,31,3906,decoded_vnnlibs/resnet_large__label_31__idx_3906.png,ok
vnnlib/CIFAR100_resnet_large_prop_idx_8502_sidx_2893_eps_0.0039.vnnlib,25,2893,decoded_vnnlibs/resnet_large__label_25__idx_2893.png,ok
vnnlib/CIFAR100_resnet_large_prop_idx_8589_sidx_3105_eps_0.0039.vnnlib,60,3105,decoded_vnnlibs/resnet_large__label_60__idx_3105.png,ok
vnnlib/CIFAR100_resnet_large_prop_idx_8748_sidx_4804_eps_0.0039.vnnlib,31,4804,decoded_vnnlibs/resnet_large__label_31__idx_4804.png,ok
vnnlib/CIFAR100_resnet_large_prop_idx_8865_sidx_700_eps_0.0039.vnnlib,22,700,decoded_vnnlibs/resnet_large__label_22__idx_700.png,ok
vnnlib/CIFAR100_resnet_large_prop_idx_9372_sidx_3515_eps_0.0039.vnnlib,51,3515,decoded_vnnlibs/resnet_large__label_51__idx_3515.png,ok
vnnlib/CIFAR100_resnet_large_prop_idx_9460_sidx_4347_eps_0.0039.vnnlib,34,4347,decoded_vnnlibs/resnet_large__label_34__idx_4347.png,ok
vnnlib/CIFAR100_resnet_large_prop_idx_9476_sidx_5602_eps_0.0039.vnnlib,59,5602,decoded_vnnlibs/resnet_large__label_59__idx_5602.png,ok
vnnlib/CIFAR100_resnet_large_prop_idx_9640_sidx_7273_eps_0.0039.vnnlib,37,7273,decoded_vnnlibs/resnet_large__label_37__idx_7273.png,ok
vnnlib/CIFAR100_resnet_large_prop_idx_9773_sidx_3718_eps_0.0039.vnnlib,40,3718,decoded_vnnlibs/resnet_large__label_40__idx_3718.png,ok
vnnlib/CIFAR100_resnet_large_prop_idx_9778_sidx_7516_eps_0.0039.vnnlib,10,7516,decoded_vnnlibs/resnet_large__label_10__idx_7516.png,ok
vnnlib/CIFAR100_resnet_large_prop_idx_9845_sidx_200_eps_0.0039.vnnlib,91,200,decoded_vnnlibs/resnet_large__label_91__idx_200.png,ok
vnnlib/CIFAR100_resnet_large_prop_idx_9883_sidx_7162_eps_0.0039.vnnlib,93,7162,decoded_vnnlibs/resnet_large__label_93__idx_7162.png,ok
vnnlib/CIFAR100_resnet_large_prop_idx_9935_sidx_75_eps_0.0039.vnnlib,18,75,decoded_vnnlibs/resnet_large__label_18__idx_75.png,ok
vnnlib/CIFAR100_resnet_large_prop_idx_998_sidx_7605_eps_0.0039.vnnlib,53,7605,decoded_vnnlibs/resnet_large__label_53__idx_7605.png,ok
vnnlib/CIFAR100_resnet_medium_prop_idx_1190_sidx_8846_eps_0.0039.vnnlib,84,8846,decoded_vnnlibs/resnet_medium__label_84__idx_8846.png,ok
vnnlib/CIFAR100_resnet_medium_prop_idx_1498_sidx_792_eps_0.0039.vnnlib,72,792,decoded_vnnlibs/resnet_medium__label_72__idx_792.png,ok
vnnlib/CIFAR100_resnet_medium_prop_idx_1588_sidx_6654_eps_0.0039.vnnlib,88,6654,decoded_vnnlibs/resnet_medium__label_88__idx_6654.png,ok
vnnlib/CIFAR100_resnet_medium_prop_idx_1592_sidx_3741_eps_0.0039.vnnlib,79,3741,decoded_vnnlibs/resnet_medium__label_79__idx_3741.png,ok
vnnlib/CIFAR100_resnet_medium_prop_idx_1642_sidx_7494_eps_0.0039.vnnlib,43,7494,decoded_vnnlibs/resnet_medium__label_43__idx_7494.png,ok
vnnlib/CIFAR100_resnet_medium_prop_idx_1761_sidx_3933_eps_0.0039.vnnlib,33,3933,decoded_vnnlibs/resnet_medium__label_33__idx_3933.png,ok
vnnlib/CIFAR100_resnet_medium_prop_idx_1798_sidx_1061_eps_0.0039.vnnlib,25,1061,decoded_vnnlibs/resnet_medium__label_25__idx_1061.png,ok
vnnlib/CIFAR100_resnet_medium_prop_idx_2050_sidx_8228_eps_0.0039.vnnlib,2,8228,decoded_vnnlibs/resnet_medium__label_2__idx_8228.png,ok
vnnlib/CIFAR100_resnet_medium_prop_idx_2132_sidx_6868_eps_0.0039.vnnlib,12,6868,decoded_vnnlibs/resnet_medium__label_12__idx_6868.png,ok
vnnlib/CIFAR100_resnet_medium_prop_idx_2176_sidx_3285_eps_0.0039.vnnlib,70,3285,decoded_vnnlibs/resnet_medium__label_70__idx_3285.png,ok
vnnlib/CIFAR100_resnet_medium_prop_idx_230_sidx_1968_eps_0.0039.vnnlib,27,1968,decoded_vnnlibs/resnet_medium__label_27__idx_1968.png,ok
vnnlib/CIFAR100_resnet_medium_prop_idx_2352_sidx_2704_eps_0.0039.vnnlib,42,2704,decoded_vnnlibs/resnet_medium__label_42__idx_2704.png,ok
vnnlib/CIFAR100_resnet_medium_prop_idx_2477_sidx_388_eps_0.0039.vnnlib,17,388,decoded_vnnlibs/resnet_medium__label_17__idx_388.png,ok
vnnlib/CIFAR100_resnet_medium_prop_idx_2551_sidx_9941_eps_0.0039.vnnlib,17,9941,decoded_vnnlibs/resnet_medium__label_17__idx_9941.png,ok
vnnlib/CIFAR100_resnet_medium_prop_idx_2557_sidx_6196_eps_0.0039.vnnlib,93,6196,decoded_vnnlibs/resnet_medium__label_93__idx_6196.png,ok
vnnlib/CIFAR100_resnet_medium_prop_idx_2697_sidx_4836_eps_0.0039.vnnlib,15,4836,decoded_vnnlibs/resnet_medium__label_15__idx_4836.png,ok
vnnlib/CIFAR100_resnet_medium_prop_idx_2779_sidx_6416_eps_0.0039.vnnlib,9,6416,decoded_vnnlibs/resnet_medium__label_9__idx_6416.png,ok
vnnlib/CIFAR100_resnet_medium_prop_idx_2925_sidx_8815_eps_0.0039.vnnlib,2,8815,decoded_vnnlibs/resnet_medium__label_2__idx_8815.png,ok
vnnlib/CIFAR100_resnet_medium_prop_idx_3006_sidx_928_eps_0.0039.vnnlib,5,928,decoded_vnnlibs/resnet_medium__label_5__idx_928.png,ok
vnnlib/CIFAR100_resnet_medium_prop_idx_3184_sidx_9092_eps_0.0039.vnnlib,74,9092,decoded_vnnlibs/resnet_medium__label_74__idx_9092.png,ok
vnnlib/CIFAR100_resnet_medium_prop_idx_3247_sidx_1605_eps_0.0039.vnnlib,7,1605,decoded_vnnlibs/resnet_medium__label_7__idx_1605.png,ok
vnnlib/CIFAR100_resnet_medium_prop_idx_3343_sidx_1406_eps_0.0039.vnnlib,14,1406,decoded_vnnlibs/resnet_medium__label_14__idx_1406.png,ok
vnnlib/CIFAR100_resnet_medium_prop_idx_3418_sidx_4225_eps_0.0039.vnnlib,6,4225,decoded_vnnlibs/resnet_medium__label_6__idx_4225.png,ok
vnnlib/CIFAR100_resnet_medium_prop_idx_3852_sidx_2848_eps_0.0039.vnnlib,31,2848,decoded_vnnlibs/resnet_medium__label_31__idx_2848.png,ok
vnnlib/CIFAR100_resnet_medium_prop_idx_3898_sidx_9109_eps_0.0039.vnnlib,80,9109,decoded_vnnlibs/resnet_medium__label_80__idx_9109.png,ok
vnnlib/CIFAR100_resnet_medium_prop_idx_4169_sidx_9758_eps_0.0039.vnnlib,17,9758,decoded_vnnlibs/resnet_medium__label_17__idx_9758.png,ok
vnnlib/CIFAR100_resnet_medium_prop_idx_4191_sidx_3301_eps_0.0039.vnnlib,89,3301,decoded_vnnlibs/resnet_medium__label_89__idx_3301.png,ok
vnnlib/CIFAR100_resnet_medium_prop_idx_425_sidx_9099_eps_0.0039.vnnlib,26,9099,decoded_vnnlibs/resnet_medium__label_26__idx_9099.png,ok
vnnlib/CIFAR100_resnet_medium_prop_idx_4429_sidx_1471_eps_0.0039.vnnlib,76,1471,decoded_vnnlibs/resnet_medium__label_76__idx_1471.png,ok
vnnlib/CIFAR100_resnet_medium_prop_idx_4475_sidx_752_eps_0.0039.vnnlib,71,752,decoded_vnnlibs/resnet_medium__label_71__idx_752.png,ok
vnnlib/CIFAR100_resnet_medium_prop_idx_4597_sidx_282_eps_0.0039.vnnlib,30,282,decoded_vnnlibs/resnet_medium__label_30__idx_282.png,ok
vnnlib/CIFAR100_resnet_medium_prop_idx_4605_sidx_6225_eps_0.0039.vnnlib,92,6225,decoded_vnnlibs/resnet_medium__label_92__idx_6225.png,ok
vnnlib/CIFAR100_resnet_medium_prop_idx_4752_sidx_1800_eps_0.0039.vnnlib,73,1800,decoded_vnnlibs/resnet_medium__label_73__idx_1800.png,ok
vnnlib/CIFAR100_resnet_medium_prop_idx_4760_sidx_4651_eps_0.0039.vnnlib,31,4651,decoded_vnnlibs/resnet_medium__label_31__idx_4651.png,ok
vnnlib/CIFAR100_resnet_medium_prop_idx_4898_sidx_6695_eps_0.0039.vnnlib,81,6695,decoded_vnnlibs/resnet_medium__label_81__idx_6695.png,ok
vnnlib/CIFAR100_resnet_medium_prop_idx_4921_sidx_3617_eps_0.0039.vnnlib,34,3617,decoded_vnnlibs/resnet_medium__label_34__idx_3617.png,ok
vnnlib/CIFAR100_resnet_medium_prop_idx_4964_sidx_5266_eps_0.0039.vnnlib,20,5266,decoded_vnnlibs/resnet_medium__label_20__idx_5266.png,ok
vnnlib/CIFAR100_resnet_medium_prop_idx_5001_sidx_1154_eps_0.0039.vnnlib,51,1154,decoded_vnnlibs/resnet_medium__label_51__idx_1154.png,ok
vnnlib/CIFAR100_resnet_medium_prop_idx_5127_sidx_993_eps_0.0039.vnnlib,46,993,decoded_vnnlibs/resnet_medium__label_46__idx_993.png,ok
vnnlib/CIFAR100_resnet_medium_prop_idx_5242_sidx_1208_eps_0.0039.vnnlib,33,1208,decoded_vnnlibs/resnet_medium__label_33__idx_1208.png,ok
vnnlib/CIFAR100_resnet_medium_prop_idx_54_sidx_9735_eps_0.0039.vnnlib,54,9735,decoded_vnnlibs/resnet_medium__label_54__idx_9735.png,ok
vnnlib/CIFAR100_resnet_medium_prop_idx_5634_sidx_9441_eps_0.0039.vnnlib,4,9441,decoded_vnnlibs/resnet_medium__label_4__idx_9441.png,ok
vnnlib/CIFAR100_resnet_medium_prop_idx_5791_sidx_5659_eps_0.0039.vnnlib,33,5659,decoded_vnnlibs/resnet_medium__label_33__idx_5659.png,ok
vnnlib/CIFAR100_resnet_medium_prop_idx_5797_sidx_6343_eps_0.0039.vnnlib,37,6343,decoded_vnnlibs/resnet_medium__label_37__idx_6343.png,ok
vnnlib/CIFAR100_resnet_medium_prop_idx_5831_sidx_5506_eps_0.0039.vnnlib,43,5506,decoded_vnnlibs/resnet_medium__label_43__idx_5506.png,ok
vnnlib/CIFAR100_resnet_medium_prop_idx_5894_sidx_5577_eps_0.0039.vnnlib,96,5577,decoded_vnnlibs/resnet_medium__label_96__idx_5577.png,ok
vnnlib/CIFAR100_resnet_medium_prop_idx_5973_sidx_7841_eps_0.0039.vnnlib,92,7841,decoded_vnnlibs/resnet_medium__label_92__idx_7841.png,ok
vnnlib/CIFAR100_resnet_medium_prop_idx_6010_sidx_5369_eps_0.0039.vnnlib,0,5369,decoded_vnnlibs/resnet_medium__label_0__idx_5369.png,ok
vnnlib/CIFAR100_resnet_medium_prop_idx_6049_sidx_4719_eps_0.0039.vnnlib,88,4719,decoded_vnnlibs/resnet_medium__label_88__idx_4719.png,ok
vnnlib/CIFAR100_resnet_medium_prop_idx_6135_sidx_4586_eps_0.0039.vnnlib,18,4586,decoded_vnnlibs/resnet_medium__label_18__idx_4586.png,ok
vnnlib/CIFAR100_resnet_medium_prop_idx_6232_sidx_3020_eps_0.0039.vnnlib,27,3020,decoded_vnnlibs/resnet_medium__label_27__idx_3020.png,ok
vnnlib/CIFAR100_resnet_medium_prop_idx_6263_sidx_7644_eps_0.0039.vnnlib,37,7644,decoded_vnnlibs/resnet_medium__label_37__idx_7644.png,ok
vnnlib/CIFAR100_resnet_medium_prop_idx_6292_sidx_5430_eps_0.0039.vnnlib,79,5430,decoded_vnnlibs/resnet_medium__label_79__idx_5430.png,ok
vnnlib/CIFAR100_resnet_medium_prop_idx_6369_sidx_8824_eps_0.0039.vnnlib,43,8824,decoded_vnnlibs/resnet_medium__label_43__idx_8824.png,ok
vnnlib/CIFAR100_resnet_medium_prop_idx_6415_sidx_4543_eps_0.0039.vnnlib,5,4543,decoded_vnnlibs/resnet_medium__label_5__idx_4543.png,ok
vnnlib/CIFAR100_resnet_medium_prop_idx_6491_sidx_3620_eps_0.0039.vnnlib,80,3620,decoded_vnnlibs/resnet_medium__label_80__idx_3620.png,ok
vnnlib/CIFAR100_resnet_medium_prop_idx_6553_sidx_7265_eps_0.0039.vnnlib,89,7265,decoded_vnnlibs/resnet_medium__label_89__idx_7265.png,ok
vnnlib/CIFAR100_resnet_medium_prop_idx_6573_sidx_5525_eps_0.0039.vnnlib,29,5525,decoded_vnnlibs/resnet_medium__label_29__idx_5525.png,ok
vnnlib/CIFAR100_resnet_medium_prop_idx_6583_sidx_8860_eps_0.0039.vnnlib,48,8860,decoded_vnnlibs/resnet_medium__label_48__idx_8860.png,ok
vnnlib/CIFAR100_resnet_medium_prop_idx_6585_sidx_533_eps_0.0039.vnnlib,88,533,decoded_vnnlibs/resnet_medium__label_88__idx_533.png,ok
vnnlib/CIFAR100_resnet_medium_prop_idx_6659_sidx_4583_eps_0.0039.vnnlib,60,4583,decoded_vnnlibs/resnet_medium__label_60__idx_4583.png,ok
vnnlib/CIFAR100_resnet_medium_prop_idx_7034_sidx_4129_eps_0.0039.vnnlib,6,4129,decoded_vnnlibs/resnet_medium__label_6__idx_4129.png,ok
vnnlib/CIFAR100_resnet_medium_prop_idx_7176_sidx_1522_eps_0.0039.vnnlib,68,1522,decoded_vnnlibs/resnet_medium__label_68__idx_1522.png,ok
vnnlib/CIFAR100_resnet_medium_prop_idx_7258_sidx_3539_eps_0.0039.vnnlib,20,3539,decoded_vnnlibs/resnet_medium__label_20__idx_3539.png,ok
vnnlib/CIFAR100_resnet_medium_prop_idx_7431_sidx_7329_eps_0.0039.vnnlib,11,7329,decoded_vnnlibs/resnet_medium__label_11__idx_7329.png,ok
vnnlib/CIFAR100_resnet_medium_prop_idx_7470_sidx_4555_eps_0.0039.vnnlib,21,4555,decoded_vnnlibs/resnet_medium__label_21__idx_4555.png,ok
vnnlib/CIFAR100_resnet_medium_prop_idx_7478_sidx_6593_eps_0.0039.vnnlib,4,6593,decoded_vnnlibs/resnet_medium__label_4__idx_6593.png,ok
vnnlib/CIFAR100_resnet_medium_prop_idx_7500_sidx_40_eps_0.0039.vnnlib,98,40,decoded_vnnlibs/resnet_medium__label_98__idx_40.png,ok
vnnlib/CIFAR100_resnet_medium_prop_idx_7569_sidx_2906_eps_0.0039.vnnlib,25,2906,decoded_vnnlibs/resnet_medium__label_25__idx_2906.png,ok
vnnlib/CIFAR100_resnet_medium_prop_idx_7641_sidx_1041_eps_0.0039.vnnlib,92,1041,decoded_vnnlibs/resnet_medium__label_92__idx_1041.png,ok
vnnlib/CIFAR100_resnet_medium_prop_idx_7658_sidx_1537_eps_0.0039.vnnlib,45,1537,decoded_vnnlibs/resnet_medium__label_45__idx_1537.png,ok
vnnlib/CIFAR100_resnet_medium_prop_idx_7704_sidx_3701_eps_0.0039.vnnlib,96,3701,decoded_vnnlibs/resnet_medium__label_96__idx_3701.png,ok
vnnlib/CIFAR100_resnet_medium_prop_idx_815_sidx_1902_eps_0.0039.vnnlib,66,1902,decoded_vnnlibs/resnet_medium__label_66__idx_1902.png,ok
vnnlib/CIFAR100_resnet_medium_prop_idx_8196_sidx_3864_eps_0.0039.vnnlib,49,3864,decoded_vnnlibs/resnet_medium__label_49__idx_3864.png,ok
vnnlib/CIFAR100_resnet_medium_prop_idx_8330_sidx_7593_eps_0.0039.vnnlib,9,7593,decoded_vnnlibs/resnet_medium__label_9__idx_7593.png,ok
vnnlib/CIFAR100_resnet_medium_prop_idx_8450_sidx_9332_eps_0.0039.vnnlib,20,9332,decoded_vnnlibs/resnet_medium__label_20__idx_9332.png,ok
vnnlib/CIFAR100_resnet_medium_prop_idx_8502_sidx_2893_eps_0.0039.vnnlib,25,2893,decoded_vnnlibs/resnet_medium__label_25__idx_2893.png,ok
vnnlib/CIFAR100_resnet_medium_prop_idx_8505_sidx_1690_eps_0.0039.vnnlib,80,1690,decoded_vnnlibs/resnet_medium__label_80__idx_1690.png,ok
vnnlib/CIFAR100_resnet_medium_prop_idx_8523_sidx_9936_eps_0.0039.vnnlib,85,9936,decoded_vnnlibs/resnet_medium__label_85__idx_9936.png,ok
vnnlib/CIFAR100_resnet_medium_prop_idx_854_sidx_6893_eps_0.0039.vnnlib,15,6893,decoded_vnnlibs/resnet_medium__label_15__idx_6893.png,ok
vnnlib/CIFAR100_resnet_medium_prop_idx_8594_sidx_5815_eps_0.0039.vnnlib,83,5815,decoded_vnnlibs/resnet_medium__label_83__idx_5815.png,ok
vnnlib/CIFAR100_resnet_medium_prop_idx_8600_sidx_2721_eps_0.0039.vnnlib,90,2721,decoded_vnnlibs/resnet_medium__label_90__idx_2721.png,ok
vnnlib/CIFAR100_resnet_medium_prop_idx_8619_sidx_4461_eps_0.0039.vnnlib,9,4461,decoded_vnnlibs/resnet_medium__label_9__idx_4461.png,ok
vnnlib/CIFAR100_resnet_medium_prop_idx_8642_sidx_9095_eps_0.0039.vnnlib,52,9095,decoded_vnnlibs/resnet_medium__label_52__idx_9095.png,ok
vnnlib/CIFAR100_resnet_medium_prop_idx_8739_sidx_1540_eps_0.0039.vnnlib,8,1540,decoded_vnnlibs/resnet_medium__label_8__idx_1540.png,ok
vnnlib/CIFAR100_resnet_medium_prop_idx_8762_sidx_3374_eps_0.0039.vnnlib,63,3374,decoded_vnnlibs/resnet_medium__label_63__idx_3374.png,ok
vnnlib/CIFAR100_resnet_medium_prop_idx_885_sidx_7654_eps_0.0039.vnnlib,44,7654,decoded_vnnlibs/resnet_medium__label_44__idx_7654.png,ok
vnnlib/CIFAR100_resnet_medium_prop_idx_8945_sidx_3584_eps_0.0039.vnnlib,99,3584,decoded_vnnlibs/resnet_medium__label_99__idx_3584.png,ok
vnnlib/CIFAR100_resnet_medium_prop_idx_913_sidx_2404_eps_0.0039.vnnlib,0,2404,decoded_vnnlibs/resnet_medium__label_0__idx_2404.png,ok
vnnlib/CIFAR100_resnet_medium_prop_idx_9162_sidx_4337_eps_0.0039.vnnlib,50,4337,decoded_vnnlibs/resnet_medium__label_50__idx_4337.png,ok
vnnlib/CIFAR100_resnet_medium_prop_idx_9313_sidx_6462_eps_0.0039.vnnlib,42,6462,decoded_vnnlibs/resnet_medium__label_42__idx_6462.png,ok
vnnlib/CIFAR100_resnet_medium_prop_idx_9502_sidx_7197_eps_0.0039.vnnlib,57,7197,decoded_vnnlibs/resnet_medium__label_57__idx_7197.png,ok
vnnlib/CIFAR100_resnet_medium_prop_idx_9518_sidx_9183_eps_0.0039.vnnlib,96,9183,decoded_vnnlibs/resnet_medium__label_96__idx_9183.png,ok
vnnlib/CIFAR100_resnet_medium_prop_idx_9658_sidx_1660_eps_0.0039.vnnlib,59,1660,decoded_vnnlibs/resnet_medium__label_59__idx_1660.png,ok
vnnlib/CIFAR100_resnet_medium_prop_idx_9665_sidx_9074_eps_0.0039.vnnlib,16,9074,decoded_vnnlibs/resnet_medium__label_16__idx_9074.png,ok
vnnlib/CIFAR100_resnet_medium_prop_idx_966_sidx_2330_eps_0.0039.vnnlib,33,2330,decoded_vnnlibs/resnet_medium__label_33__idx_2330.png,ok
vnnlib/CIFAR100_resnet_medium_prop_idx_9694_sidx_2810_eps_0.0039.vnnlib,85,2810,decoded_vnnlibs/resnet_medium__label_85__idx_2810.png,ok
vnnlib/CIFAR100_resnet_medium_prop_idx_9726_sidx_4400_eps_0.0039.vnnlib,75,4400,decoded_vnnlibs/resnet_medium__label_75__idx_4400.png,ok
vnnlib/CIFAR100_resnet_medium_prop_idx_9845_sidx_200_eps_0.0039.vnnlib,91,200,decoded_vnnlibs/resnet_medium__label_91__idx_200.png,ok
vnnlib/CIFAR100_resnet_medium_prop_idx_9897_sidx_9124_eps_0.0039.vnnlib,18,9124,decoded_vnnlibs/resnet_medium__label_18__idx_9124.png,ok
