image,model,tag,is_global,segment_index,eps,k,score,bbox,num_changed,num_fixed,total,percent_changed,pattern
resnet_large__label_10__idx_7516,CIFAR100_resnet_large,global,True,-1,0.0039,1024,,,3072,0,3072,100.0,random
resnet_large__label_10__idx_7516,CIFAR100_resnet_large,fix_mask,False,0,0.0039,1024,0.9276003241539001,"[0, 0, 30, 31]",1047,2025,3072,34.08203125,random
resnet_large__label_10__idx_7516,CIFAR100_resnet_large,fix_nonmask,False,0,0.0039,1024,0.9276003241539001,"[0, 0, 30, 31]",2025,1047,3072,65.91796875,random
resnet_large__label_10__idx_8477,CIFAR100_resnet_large,global,True,-1,0.0039,1024,,,3072,0,3072,100.0,random
resnet_large__label_10__idx_8477,CIFAR100_resnet_large,fix_mask,False,0,0.0039,1024,0.9435862302780151,"[1, 0, 29, 30]",948,2124,3072,30.859375,random
resnet_large__label_10__idx_8477,CIFAR100_resnet_large,fix_nonmask,False,0,0.0039,1024,0.9435862302780151,"[1, 0, 29, 30]",2124,948,3072,69.140625,random
resnet_large__label_11__idx_3469,CIFAR100_resnet_large,global,True,-1,0.0039,1024,,,3072,0,3072,100.0,random
resnet_large__label_11__idx_3469,CIFAR100_resnet_large,fix_mask,False,0,0.0039,1024,0.7863372564315796,"[0, 0, 31, 31]",1188,1884,3072,38.671875,random
resnet_large__label_11__idx_3469,CIFAR100_resnet_large,fix_nonmask,False,0,0.0039,1024,0.7863372564315796,"[0, 0, 31, 31]",1884,1188,3072,61.328125,random
resnet_large__label_12__idx_6868,CIFAR100_resnet_large,global,True,-1,0.0039,1024,,,3072,0,3072,100.0,random
resnet_large__label_12__idx_6868,CIFAR100_resnet_large,fix_mask,False,0,0.0039,1024,0.381021112203598,"[0, 0, 31, 31]",321,2751,3072,10.44921875,random
resnet_large__label_12__idx_6868,CIFAR100_resnet_large,fix_nonmask,False,0,0.0039,1024,0.381021112203598,"[0, 0, 31, 31]",2751,321,3072,89.55078125,random
resnet_large__label_12__idx_8525,CIFAR100_resnet_large,global,True,-1,0.0039,1024,,,3072,0,3072,100.0,random
resnet_large__label_12__idx_8525,CIFAR100_resnet_large,fix_mask,False,0,0.0039,1024,0.72133868932724,"[0, 0, 31, 31]",561,2511,3072,18.26171875,random
resnet_large__label_12__idx_8525,CIFAR100_resnet_large,fix_nonmask,False,0,0.0039,1024,0.72133868932724,"[0, 0, 31, 31]",2511,561,3072,81.73828125,random
resnet_large__label_13__idx_803,CIFAR100_resnet_large,global,True,-1,0.0039,1024,,,3072,0,3072,100.0,random
resnet_large__label_13__idx_803,CIFAR100_resnet_large,fix_mask,False,0,0.0039,1024,0.5789954662322998,"[0, 0, 30, 30]",663,2409,3072,21.58203125,random
resnet_large__label_13__idx_803,CIFAR100_resnet_large,fix_nonmask,False,0,0.0039,1024,0.5789954662322998,"[0, 0, 30, 30]",2409,663,3072,78.41796875,random
resnet_large__label_17__idx_8201,CIFAR100_resnet_large,global,True,-1,0.0039,1024,,,3072,0,3072,100.0,random
resnet_large__label_17__idx_8201,CIFAR100_resnet_large,fix_mask,False,0,0.0039,1024,0.6052977442741394,"[0, 0, 31, 31]",621,2451,3072,20.21484375,random
resnet_large__label_17__idx_8201,CIFAR100_resnet_large,fix_nonmask,False,0,0.0039,1024,0.6052977442741394,"[0, 0, 31, 31]",2451,621,3072,79.78515625,random
resnet_large__label_18__idx_1992,CIFAR100_resnet_large,global,True,-1,0.0039,1024,,,3072,0,3072,100.0,random
resnet_large__label_18__idx_1992,CIFAR100_resnet_large,fix_mask,False,0,0.0039,1024,0.4473094940185547,"[0, 0, 31, 31]",33,3039,3072,1.07421875,random
resnet_large__label_18__idx_1992,CIFAR100_resnet_large,fix_nonmask,False,0,0.0039,1024,0.4473094940185547,"[0, 0, 31, 31]",3039,33,3072,98.92578125,random
resnet_large__label_18__idx_5863,CIFAR100_resnet_large,global,True,-1,0.0039,1024,,,3072,0,3072,100.0,random
resnet_large__label_18__idx_5863,CIFAR100_resnet_large,fix_mask,False,0,0.0039,1024,0.8389691710472107,"[0, 0, 31, 31]",375,2697,3072,12.20703125,random
resnet_large__label_18__idx_5863,CIFAR100_resnet_large,fix_nonmask,False,0,0.0039,1024,0.8389691710472107,"[0, 0, 31, 31]",2697,375,3072,87.79296875,random
resnet_large__label_18__idx_75,CIFAR100_resnet_large,global,True,-1,0.0039,1024,,,3072,0,3072,100.0,random
resnet_large__label_18__idx_75,CIFAR100_resnet_large,fix_mask,False,0,0.0039,1024,0.9115673303604126,"[0, 0, 31, 31]",45,3027,3072,1.46484375,random
resnet_large__label_18__idx_75,CIFAR100_resnet_large,fix_nonmask,False,0,0.0039,1024,0.9115673303604126,"[0, 0, 31, 31]",3027,45,3072,98.53515625,random
resnet_large__label_18__idx_917,CIFAR100_resnet_large,global,True,-1,0.0039,1024,,,3072,0,3072,100.0,random
resnet_large__label_18__idx_917,CIFAR100_resnet_large,fix_mask,False,0,0.0039,1024,0.5619356036186218,"[0, 0, 31, 31]",90,2982,3072,2.9296875,random
resnet_large__label_18__idx_917,CIFAR100_resnet_large,fix_nonmask,False,0,0.0039,1024,0.5619356036186218,"[0, 0, 31, 31]",2982,90,3072,97.0703125,random
resnet_large__label_19__idx_1885,CIFAR100_resnet_large,global,True,-1,0.0039,1024,,,3072,0,3072,100.0,random
resnet_large__label_19__idx_1885,CIFAR100_resnet_large,fix_mask,False,0,0.0039,1024,0.6434745192527771,"[0, 0, 31, 30]",798,2274,3072,25.9765625,random
resnet_large__label_19__idx_1885,CIFAR100_resnet_large,fix_nonmask,False,0,0.0039,1024,0.6434745192527771,"[0, 0, 31, 30]",2274,798,3072,74.0234375,random
resnet_large__label_19__idx_9413,CIFAR100_resnet_large,global,True,-1,0.0039,1024,,,3072,0,3072,100.0,random
resnet_large__label_19__idx_9413,CIFAR100_resnet_large,fix_mask,False,0,0.0039,1024,0.7553387880325317,"[1, 1, 30, 30]",462,2610,3072,15.0390625,random
resnet_large__label_19__idx_9413,CIFAR100_resnet_large,fix_nonmask,False,0,0.0039,1024,0.7553387880325317,"[1, 1, 30, 30]",2610,462,3072,84.9609375,random
resnet_large__label_1__idx_8126,CIFAR100_resnet_large,global,True,-1,0.0039,1024,,,3072,0,3072,100.0,random
resnet_large__label_1__idx_8126,CIFAR100_resnet_large,fix_mask,False,0,0.0039,1024,0.8960246443748474,"[0, 0, 31, 31]",21,3051,3072,0.68359375,random
resnet_large__label_1__idx_8126,CIFAR100_resnet_large,fix_nonmask,False,0,0.0039,1024,0.8960246443748474,"[0, 0, 31, 31]",3051,21,3072,99.31640625,random
resnet_large__label_21__idx_2858,CIFAR100_resnet_large,global,True,-1,0.0039,1024,,,3072,0,3072,100.0,random
resnet_large__label_21__idx_2858,CIFAR100_resnet_large,fix_mask,False,0,0.0039,1024,0.806186854839325,"[0, 0, 30, 31]",444,2628,3072,14.453125,random
resnet_large__label_21__idx_2858,CIFAR100_resnet_large,fix_nonmask,False,0,0.0039,1024,0.806186854839325,"[0, 0, 30, 31]",2628,444,3072,85.546875,random
resnet_large__label_21__idx_9995,CIFAR100_resnet_large,global,True,-1,0.0039,1024,,,3072,0,3072,100.0,random
resnet_large__label_21__idx_9995,CIFAR100_resnet_large,fix_mask,False,0,0.0039,1024,0.7802028059959412,"[0, 0, 31, 31]",924,2148,3072,30.078125,random
resnet_large__label_21__idx_9995,CIFAR100_resnet_large,fix_nonmask,False,0,0.0039,1024,0.7802028059959412,"[0, 0, 31, 31]",2148,924,3072,69.921875,random
resnet_large__label_22__idx_700,CIFAR100_resnet_large,global,True,-1,0.0039,1024,,,3072,0,3072,100.0,random
resnet_large__label_22__idx_700,CIFAR100_resnet_large,fix_mask,False,0,0.0039,1024,0.8589620590209961,"[1, 0, 29, 31]",900,2172,3072,29.296875,random
resnet_large__label_22__idx_700,CIFAR100_resnet_large,fix_nonmask,False,0,0.0039,1024,0.8589620590209961,"[1, 0, 29, 31]",2172,900,3072,70.703125,random
resnet_large__label_25__idx_2209,CIFAR100_resnet_large,global,True,-1,0.0039,1024,,,3072,0,3072,100.0,random
resnet_large__label_25__idx_2209,CIFAR100_resnet_large,fix_mask,False,0,0.0039,1024,0.8550139665603638,"[0, 0, 30, 31]",486,2586,3072,15.8203125,random
resnet_large__label_25__idx_2209,CIFAR100_resnet_large,fix_nonmask,False,0,0.0039,1024,0.8550139665603638,"[0, 0, 30, 31]",2586,486,3072,84.1796875,random
resnet_large__label_25__idx_2893,CIFAR100_resnet_large,global,True,-1,0.0039,1024,,,3072,0,3072,100.0,random
resnet_large__label_25__idx_2893,CIFAR100_resnet_large,fix_mask,False,0,0.0039,1024,0.4774613380432129,"[0, 0, 31, 30]",630,2442,3072,20.5078125,random
resnet_large__label_25__idx_2893,CIFAR100_resnet_large,fix_nonmask,False,0,0.0039,1024,0.4774613380432129,"[0, 0, 31, 30]",2442,630,3072,79.4921875,random
resnet_large__label_26__idx_212,CIFAR100_resnet_large,global,True,-1,0.0039,1024,,,3072,0,3072,100.0,random
resnet_large__label_26__idx_212,CIFAR100_resnet_large,fix_mask,False,0,0.0039,1024,0.7894952297210693,"[0, 0, 31, 31]",648,2424,3072,21.09375,random
resnet_large__label_26__idx_212,CIFAR100_resnet_large,fix_nonmask,False,0,0.0039,1024,0.7894952297210693,"[0, 0, 31, 31]",2424,648,3072,78.90625,random
resnet_large__label_26__idx_8903,CIFAR100_resnet_large,global,True,-1,0.0039,1024,,,3072,0,3072,100.0,random
resnet_large__label_26__idx_8903,CIFAR100_resnet_large,fix_mask,False,0,0.0039,1024,0.8146324753761292,"[0, 1, 31, 31]",492,2580,3072,16.015625,random
resnet_large__label_26__idx_8903,CIFAR100_resnet_large,fix_nonmask,False,0,0.0039,1024,0.8146324753761292,"[0, 1, 31, 31]",2580,492,3072,83.984375,random
resnet_large__label_27__idx_7106,CIFAR100_resnet_large,global,True,-1,0.0039,1024,,,3072,0,3072,100.0,random
resnet_large__label_27__idx_7106,CIFAR100_resnet_large,fix_mask,False,0,0.0039,1024,0.8351603150367737,"[0, 0, 31, 31]",12,3060,3072,0.390625,random
resnet_large__label_27__idx_7106,CIFAR100_resnet_large,fix_nonmask,False,0,0.0039,1024,0.8351603150367737,"[0, 0, 31, 31]",3060,12,3072,99.609375,random
resnet_large__label_29__idx_242,CIFAR100_resnet_large,global,True,-1,0.0039,1024,,,3072,0,3072,100.0,random
resnet_large__label_29__idx_242,CIFAR100_resnet_large,fix_mask,False,0,0.0039,1024,0.6770216822624207,"[0, 0, 30, 31]",1017,2055,3072,33.10546875,random
resnet_large__label_29__idx_242,CIFAR100_resnet_large,fix_nonmask,False,0,0.0039,1024,0.6770216822624207,"[0, 0, 30, 31]",2055,1017,3072,66.89453125,random
resnet_large__label_2__idx_3801,CIFAR100_resnet_large,global,True,-1,0.0039,1024,,,3072,0,3072,100.0,random
resnet_large__label_2__idx_3801,CIFAR100_resnet_large,fix_mask,False,0,0.0039,1024,0.8425223231315613,"[0, 0, 31, 31]",408,2664,3072,13.28125,random
resnet_large__label_2__idx_3801,CIFAR100_resnet_large,fix_nonmask,False,0,0.0039,1024,0.8425223231315613,"[0, 0, 31, 31]",2664,408,3072,86.71875,random
resnet_large__label_2__idx_972,CIFAR100_resnet_large,global,True,-1,0.0039,1024,,,3072,0,3072,100.0,random
resnet_large__label_2__idx_972,CIFAR100_resnet_large,fix_mask,False,0,0.0039,1024,0.843529999256134,"[0, 1, 31, 27]",936,2136,3072,30.46875,random
resnet_large__label_2__idx_972,CIFAR100_resnet_large,fix_nonmask,False,0,0.0039,1024,0.843529999256134,"[0, 1, 31, 27]",2136,936,3072,69.53125,random
resnet_large__label_31__idx_3906,CIFAR100_resnet_large,global,True,-1,0.0039,1024,,,3072,0,3072,100.0,random
resnet_large__label_31__idx_3906,CIFAR100_resnet_large,fix_mask,False,0,0.0039,1024,0.28321346640586853,"[0, 0, 31, 31]",708,2364,3072,23.046875,random
resnet_large__label_31__idx_3906,CIFAR100_resnet_large,fix_nonmask,False,0,0.0039,1024,0.28321346640586853,"[0, 0, 31, 31]",2364,708,3072,76.953125,random
resnet_large__label_31__idx_476,CIFAR100_resnet_large,global,True,-1,0.0039,1024,,,3072,0,3072,100.0,random
resnet_large__label_31__idx_476,CIFAR100_resnet_large,fix_mask,False,0,0.0039,1024,0.9072510004043579,"[0, 0, 31, 31]",183,2889,3072,5.95703125,random
resnet_large__label_31__idx_476,CIFAR100_resnet_large,fix_nonmask,False,0,0.0039,1024,0.9072510004043579,"[0, 0, 31, 31]",2889,183,3072,94.04296875,random
resnet_large__label_31__idx_4804,CIFAR100_resnet_large,global,True,-1,0.0039,1024,,,3072,0,3072,100.0,random
resnet_large__label_31__idx_4804,CIFAR100_resnet_large,fix_mask,False,0,0.0039,1024,0.6725875735282898,"[0, 0, 31, 31]",762,2310,3072,24.8046875,random
resnet_large__label_31__idx_4804,CIFAR100_resnet_large,fix_nonmask,False,0,0.0039,1024,0.6725875735282898,"[0, 0, 31, 31]",2310,762,3072,75.1953125,random
resnet_large__label_32__idx_4987,CIFAR100_resnet_large,global,True,-1,0.0039,1024,,,3072,0,3072,100.0,random
resnet_large__label_32__idx_4987,CIFAR100_resnet_large,fix_mask,False,0,0.0039,1024,0.9276731610298157,"[0, 0, 31, 31]",81,2991,3072,2.63671875,random
resnet_large__label_32__idx_4987,CIFAR100_resnet_large,fix_nonmask,False,0,0.0039,1024,0.9276731610298157,"[0, 0, 31, 31]",2991,81,3072,97.36328125,random
resnet_large__label_33__idx_313,CIFAR100_resnet_large,global,True,-1,0.0039,1024,,,3072,0,3072,100.0,random
resnet_large__label_33__idx_313,CIFAR100_resnet_large,fix_mask,False,0,0.0039,1024,0.2939510643482208,"[0, 0, 31, 31]",285,2787,3072,9.27734375,random
resnet_large__label_33__idx_313,CIFAR100_resnet_large,fix_nonmask,False,0,0.0039,1024,0.2939510643482208,"[0, 0, 31, 31]",2787,285,3072,90.72265625,random
resnet_large__label_33__idx_4318,CIFAR100_resnet_large,global,True,-1,0.0039,1024,,,3072,0,3072,100.0,random
resnet_large__label_33__idx_4318,CIFAR100_resnet_large,fix_mask,False,0,0.0039,1024,0.24635304510593414,"[0, 0, 31, 31]",675,2397,3072,21.97265625,random
resnet_large__label_33__idx_4318,CIFAR100_resnet_large,fix_nonmask,False,0,0.0039,1024,0.24635304510593414,"[0, 0, 31, 31]",2397,675,3072,78.02734375,random
resnet_large__label_34__idx_4347,CIFAR100_resnet_large,global,True,-1,0.0039,1024,,,3072,0,3072,100.0,random
resnet_large__label_34__idx_4347,CIFAR100_resnet_large,fix_mask,False,0,0.0039,1024,0.7758114337921143,"[0, 0, 31, 31]",894,2178,3072,29.1015625,random
resnet_large__label_34__idx_4347,CIFAR100_resnet_large,fix_nonmask,False,0,0.0039,1024,0.7758114337921143,"[0, 0, 31, 31]",2178,894,3072,70.8984375,random
resnet_large__label_34__idx_589,CIFAR100_resnet_large,global,True,-1,0.0039,1024,,,3072,0,3072,100.0,random
resnet_large__label_34__idx_589,CIFAR100_resnet_large,fix_mask,False,0,0.0039,1024,0.9014165997505188,"[0, 0, 31, 31]",972,2100,3072,31.640625,random
resnet_large__label_34__idx_589,CIFAR100_resnet_large,fix_nonmask,False,0,0.0039,1024,0.9014165997505188,"[0, 0, 31, 31]",2100,972,3072,68.359375,random
resnet_large__label_34__idx_6873,CIFAR100_resnet_large,global,True,-1,0.0039,1024,,,3072,0,3072,100.0,random
resnet_large__label_34__idx_6873,CIFAR100_resnet_large,fix_mask,False,0,0.0039,1024,0.7704401016235352,"[0, 0, 31, 31]",384,2688,3072,12.5,random
resnet_large__label_34__idx_6873,CIFAR100_resnet_large,fix_nonmask,False,0,0.0039,1024,0.7704401016235352,"[0, 0, 31, 31]",2688,384,3072,87.5,random
resnet_large__label_36__idx_2400,CIFAR100_resnet_large,global,True,-1,0.0039,1024,,,3072,0,3072,100.0,random
resnet_large__label_36__idx_2400,CIFAR100_resnet_large,fix_mask,False,0,0.0039,1024,0.8504452109336853,"[0, 0, 31, 31]",477,2595,3072,15.52734375,random
resnet_large__label_36__idx_2400,CIFAR100_resnet_large,fix_nonmask,False,0,0.0039,1024,0.8504452109336853,"[0, 0, 31, 31]",2595,477,3072,84.47265625,random
resnet_large__label_37__idx_2903,CIFAR100_resnet_large,global,True,-1,0.0039,1024,,,3072,0,3072,100.0,random
resnet_large__label_37__idx_2903,CIFAR100_resnet_large,fix_mask,False,0,0.0039,1024,0.7983059883117676,"[0, 0, 31, 31]",1059,2013,3072,34.47265625,random
resnet_large__label_37__idx_2903,CIFAR100_resnet_large,fix_nonmask,False,0,0.0039,1024,0.7983059883117676,"[0, 0, 31, 31]",2013,1059,3072,65.52734375,random
resnet_large__label_37__idx_7273,CIFAR100_resnet_large,global,True,-1,0.0039,1024,,,3072,0,3072,100.0,random
resnet_large__label_37__idx_7273,CIFAR100_resnet_large,fix_mask,False,0,0.0039,1024,0.6783751249313354,"[0, 0, 31, 31]",1284,1788,3072,41.796875,random
resnet_large__label_37__idx_7273,CIFAR100_resnet_large,fix_nonmask,False,0,0.0039,1024,0.6783751249313354,"[0, 0, 31, 31]",1788,1284,3072,58.203125,random
resnet_large__label_40__idx_3718,CIFAR100_resnet_large,global,True,-1,0.0039,1024,,,3072,0,3072,100.0,random
resnet_large__label_40__idx_3718,CIFAR100_resnet_large,fix_mask,False,0,0.0039,1024,0.7767159342765808,"[0, 0, 30, 31]",120,2952,3072,3.90625,random
resnet_large__label_40__idx_3718,CIFAR100_resnet_large,fix_nonmask,False,0,0.0039,1024,0.7767159342765808,"[0, 0, 30, 31]",2952,120,3072,96.09375,random
resnet_large__label_40__idx_4421,CIFAR100_resnet_large,global,True,-1,0.0039,1024,,,3072,0,3072,100.0,random
resnet_large__label_40__idx_4421,CIFAR100_resnet_large,fix_mask,False,0,0.0039,1024,0.8894246816635132,"[1, 1, 30, 31]",1185,1887,3072,38.57421875,random
resnet_large__label_40__idx_4421,CIFAR100_resnet_large,fix_nonmask,False,0,0.0039,1024,0.8894246816635132,"[1, 1, 30, 31]",1887,1185,3072,61.42578125,random
resnet_large__label_41__idx_3593,CIFAR100_resnet_large,global,True,-1,0.0039,1024,,,3072,0,3072,100.0,random
resnet_large__label_41__idx_3593,CIFAR100_resnet_large,fix_mask,False,0,0.0039,1024,0.8697086572647095,"[1, 0, 30, 31]",1176,1896,3072,38.28125,random
resnet_large__label_41__idx_3593,CIFAR100_resnet_large,fix_nonmask,False,0,0.0039,1024,0.8697086572647095,"[1, 0, 30, 31]",1896,1176,3072,61.71875,random
resnet_large__label_42__idx_1753,CIFAR100_resnet_large,global,True,-1,0.0039,1024,,,3072,0,3072,100.0,random
resnet_large__label_42__idx_1753,CIFAR100_resnet_large,fix_mask,False,0,0.0039,1024,0.8485323786735535,"[0, 0, 30, 31]",843,2229,3072,27.44140625,random
resnet_large__label_42__idx_1753,CIFAR100_resnet_large,fix_nonmask,False,0,0.0039,1024,0.8485323786735535,"[0, 0, 30, 31]",2229,843,3072,72.55859375,random
resnet_large__label_43__idx_6556,CIFAR100_resnet_large,global,True,-1,0.0039,1024,,,3072,0,3072,100.0,random
resnet_large__label_43__idx_6556,CIFAR100_resnet_large,fix_mask,False,0,0.0039,1024,0.8861416578292847,"[0, 0, 31, 31]",129,2943,3072,4.19921875,random
resnet_large__label_43__idx_6556,CIFAR100_resnet_large,fix_nonmask,False,0,0.0039,1024,0.8861416578292847,"[0, 0, 31, 31]",2943,129,3072,95.80078125,random
resnet_large__label_44__idx_2912,CIFAR100_resnet_large,global,True,-1,0.0039,1024,,,3072,0,3072,100.0,random
resnet_large__label_44__idx_2912,CIFAR100_resnet_large,fix_mask,False,0,0.0039,1024,0.8107045292854309,"[0, 0, 31, 31]",582,2490,3072,18.9453125,random
resnet_large__label_44__idx_2912,CIFAR100_resnet_large,fix_nonmask,False,0,0.0039,1024,0.8107045292854309,"[0, 0, 31, 31]",2490,582,3072,81.0546875,random
resnet_large__label_47__idx_6926,CIFAR100_resnet_large,global,True,-1,0.0039,1024,,,3072,0,3072,100.0,random
resnet_large__label_47__idx_6926,CIFAR100_resnet_large,fix_mask,False,0,0.0039,1024,0.8310639262199402,"[0, 0, 28, 30]",1389,1683,3072,45.21484375,random
resnet_large__label_47__idx_6926,CIFAR100_resnet_large,fix_nonmask,False,0,0.0039,1024,0.8310639262199402,"[0, 0, 28, 30]",1683,1389,3072,54.78515625,random
resnet_large__label_48__idx_5797,CIFAR100_resnet_large,global,True,-1,0.0039,1024,,,3072,0,3072,100.0,random
resnet_large__label_48__idx_5797,CIFAR100_resnet_large,fix_mask,False,0,0.0039,1024,0.7582499980926514,"[0, 0, 31, 31]",585,2487,3072,19.04296875,random
resnet_large__label_48__idx_5797,CIFAR100_resnet_large,fix_nonmask,False,0,0.0039,1024,0.7582499980926514,"[0, 0, 31, 31]",2487,585,3072,80.95703125,random
resnet_large__label_48__idx_6431,CIFAR100_resnet_large,global,True,-1,0.0039,1024,,,3072,0,3072,100.0,random
resnet_large__label_48__idx_6431,CIFAR100_resnet_large,fix_mask,False,0,0.0039,1024,0.7119377851486206,"[0, 0, 31, 31]",420,2652,3072,13.671875,random
resnet_large__label_48__idx_6431,CIFAR100_resnet_large,fix_nonmask,False,0,0.0039,1024,0.7119377851486206,"[0, 0, 31, 31]",2652,420,3072,86.328125,random
resnet_large__label_48__idx_8860,CIFAR100_resnet_large,global,True,-1,0.0039,1024,,,3072,0,3072,100.0,random
resnet_large__label_48__idx_8860,CIFAR100_resnet_large,fix_mask,False,0,0.0039,1024,0.8002830147743225,"[0, 0, 31, 26]",1041,2031,3072,33.88671875,random
resnet_large__label_48__idx_8860,CIFAR100_resnet_large,fix_nonmask,False,0,0.0039,1024,0.8002830147743225,"[0, 0, 31, 26]",2031,1041,3072,66.11328125,random
resnet_large__label_49__idx_6596,CIFAR100_resnet_large,global,True,-1,0.0039,1024,,,3072,0,3072,100.0,random
resnet_large__label_49__idx_6596,CIFAR100_resnet_large,fix_mask,False,0,0.0039,1024,0.4547930061817169,"[0, 0, 31, 31]",6,3066,3072,0.1953125,random
resnet_large__label_49__idx_6596,CIFAR100_resnet_large,fix_nonmask,False,0,0.0039,1024,0.4547930061817169,"[0, 0, 31, 31]",3066,6,3072,99.8046875,random
resnet_large__label_4__idx_3855,CIFAR100_resnet_large,global,True,-1,0.0039,1024,,,3072,0,3072,100.0,random
resnet_large__label_4__idx_3855,CIFAR100_resnet_large,fix_mask,False,0,0.0039,1024,0.8276596069335938,"[0, 0, 31, 31]",1065,2007,3072,34.66796875,random
resnet_large__label_4__idx_3855,CIFAR100_resnet_large,fix_nonmask,False,0,0.0039,1024,0.8276596069335938,"[0, 0, 31, 31]",2007,1065,3072,65.33203125,random
resnet_large__label_50__idx_2762,CIFAR100_resnet_large,global,True,-1,0.0039,1024,,,3072,0,3072,100.0,random
resnet_large__label_50__idx_2762,CIFAR100_resnet_large,fix_mask,False,0,0.0039,1024,0.8677610754966736,"[0, 4, 31, 31]",513,2559,3072,16.69921875,random
resnet_large__label_50__idx_2762,CIFAR100_resnet_large,fix_nonmask,False,0,0.0039,1024,0.8677610754966736,"[0, 4, 31, 31]",2559,513,3072,83.30078125,random
resnet_large__label_51__idx_2582,CIFAR100_resnet_large,global,True,-1,0.0039,1024,,,3072,0,3072,100.0,random
resnet_large__label_51__idx_2582,CIFAR100_resnet_large,fix_mask,False,0,0.0039,1024,0.7325511574745178,"[0, 0, 30, 31]",1221,1851,3072,39.74609375,random
resnet_large__label_51__idx_2582,CIFAR100_resnet_large,fix_nonmask,False,0,0.0039,1024,0.7325511574745178,"[0, 0, 30, 31]",1851,1221,3072,60.25390625,random
resnet_large__label_51__idx_3515,CIFAR100_resnet_large,global,True,-1,0.0039,1024,,,3072,0,3072,100.0,random
resnet_large__label_51__idx_3515,CIFAR100_resnet_large,fix_mask,False,0,0.0039,1024,0.38560402393341064,"[0, 0, 31, 31]",933,2139,3072,30.37109375,random
resnet_large__label_51__idx_3515,CIFAR100_resnet_large,fix_nonmask,False,0,0.0039,1024,0.38560402393341064,"[0, 0, 31, 31]",2139,933,3072,69.62890625,random
resnet_large__label_52__idx_161,CIFAR100_resnet_large,global,True,-1,0.0039,1024,,,3072,0,3072,100.0,random
resnet_large__label_52__idx_161,CIFAR100_resnet_large,fix_mask,False,0,0.0039,1024,0.5571136474609375,"[0, 0, 31, 31]",558,2514,3072,18.1640625,random
resnet_large__label_52__idx_161,CIFAR100_resnet_large,fix_nonmask,False,0,0.0039,1024,0.5571136474609375,"[0, 0, 31, 31]",2514,558,3072,81.8359375,random
resnet_large__label_52__idx_2381,CIFAR100_resnet_large,global,True,-1,0.0039,1024,,,3072,0,3072,100.0,random
resnet_large__label_52__idx_2381,CIFAR100_resnet_large,fix_mask,False,0,0.0039,1024,0.5335912108421326,"[0, 0, 31, 31]",1011,2061,3072,32.91015625,random
resnet_large__label_52__idx_2381,CIFAR100_resnet_large,fix_nonmask,False,0,0.0039,1024,0.5335912108421326,"[0, 0, 31, 31]",2061,1011,3072,67.08984375,random
resnet_large__label_53__idx_7605,CIFAR100_resnet_large,global,True,-1,0.0039,1024,,,3072,0,3072,100.0,random
resnet_large__label_53__idx_7605,CIFAR100_resnet_large,fix_mask,False,0,0.0039,1024,0.26698634028434753,"[0, 1, 31, 31]",1383,1689,3072,45.01953125,random
resnet_large__label_53__idx_7605,CIFAR100_resnet_large,fix_nonmask,False,0,0.0039,1024,0.26698634028434753,"[0, 1, 31, 31]",1689,1383,3072,54.98046875,random
resnet_large__label_55__idx_1524,CIFAR100_resnet_large,global,True,-1,0.0039,1024,,,3072,0,3072,100.0,random
resnet_large__label_55__idx_1524,CIFAR100_resnet_large,fix_mask,False,0,0.0039,1024,0.7419031262397766,"[0, 0, 31, 31]",474,2598,3072,15.4296875,random
resnet_large__label_55__idx_1524,CIFAR100_resnet_large,fix_nonmask,False,0,0.0039,1024,0.7419031262397766,"[0, 0, 31, 31]",2598,474,3072,84.5703125,random
resnet_large__label_58__idx_7923,CIFAR100_resnet_large,global,True,-1,0.0039,1024,,,3072,0,3072,100.0,random
resnet_large__label_58__idx_7923,CIFAR100_resnet_large,fix_mask,False,0,0.0039,1024,0.7816258668899536,"[0, 0, 31, 31]",1236,1836,3072,40.234375,random
resnet_large__label_58__idx_7923,CIFAR100_resnet_large,fix_nonmask,False,0,0.0039,1024,0.7816258668899536,"[0, 0, 31, 31]",1836,1236,3072,59.765625,random
resnet_large__label_58__idx_9116,CIFAR100_resnet_large,global,True,-1,0.0039,1024,,,3072,0,3072,100.0,random
resnet_large__label_58__idx_9116,CIFAR100_resnet_large,fix_mask,False,0,0.0039,1024,0.8205603957176208,"[0, 0, 30, 29]",771,2301,3072,25.09765625,random
resnet_large__label_58__idx_9116,CIFAR100_resnet_large,fix_nonmask,False,0,0.0039,1024,0.8205603957176208,"[0, 0, 30, 29]",2301,771,3072,74.90234375,random
resnet_large__label_59__idx_5602,CIFAR100_resnet_large,global,True,-1,0.0039,1024,,,3072,0,3072,100.0,random
resnet_large__label_59__idx_5602,CIFAR100_resnet_large,fix_mask,False,0,0.0039,1024,0.5761271715164185,"[0, 0, 31, 31]",429,2643,3072,13.96484375,random
resnet_large__label_59__idx_5602,CIFAR100_resnet_large,fix_nonmask,False,0,0.0039,1024,0.5761271715164185,"[0, 0, 31, 31]",2643,429,3072,86.03515625,random
resnet_large__label_5__idx_3142,CIFAR100_resnet_large,global,True,-1,0.0039,1024,,,3072,0,3072,100.0,random
resnet_large__label_5__idx_3142,CIFAR100_resnet_large,fix_mask,False,0,0.0039,1024,0.37544089555740356,"[0, 0, 30, 31]",687,2385,3072,22.36328125,random
resnet_large__label_5__idx_3142,CIFAR100_resnet_large,fix_nonmask,False,0,0.0039,1024,0.37544089555740356,"[0, 0, 30, 31]",2385,687,3072,77.63671875,random
resnet_large__label_60__idx_3105,CIFAR100_resnet_large,global,True,-1,0.0039,1024,,,3072,0,3072,100.0,random
resnet_large__label_60__idx_3105,CIFAR100_resnet_large,fix_mask,False,0,0.0039,1024,0.3827521800994873,"[0, 0, 31, 31]",0,3072,3072,0.0,random
resnet_large__label_60__idx_3105,CIFAR100_resnet_large,fix_nonmask,False,0,0.0039,1024,0.3827521800994873,"[0, 0, 31, 31]",3072,0,3072,100.0,random
resnet_large__label_62__idx_7064,CIFAR100_resnet_large,global,True,-1,0.0039,1024,,,3072,0,3072,100.0,random
resnet_large__label_62__idx_7064,CIFAR100_resnet_large,fix_mask,False,0,0.0039,1024,0.6778709292411804,"[0, 0, 30, 30]",396,2676,3072,12.890625,random
resnet_large__label_62__idx_7064,CIFAR100_resnet_large,fix_nonmask,False,0,0.0039,1024,0.6778709292411804,"[0, 0, 30, 30]",2676,396,3072,87.109375,random
resnet_large__label_63__idx_2652,CIFAR100_resnet_large,global,True,-1,0.0039,1024,,,3072,0,3072,100.0,random
resnet_large__label_63__idx_2652,CIFAR100_resnet_large,fix_mask,False,0,0.0039,1024,0.7538960576057434,"[0, 3, 30, 31]",831,2241,3072,27.05078125,random
resnet_large__label_63__idx_2652,CIFAR100_resnet_large,fix_nonmask,False,0,0.0039,1024,0.7538960576057434,"[0, 3, 30, 31]",2241,831,3072,72.94921875,random
resnet_large__label_63__idx_6947,CIFAR100_resnet_large,global,True,-1,0.0039,1024,,,3072,0,3072,100.0,random
resnet_large__label_63__idx_6947,CIFAR100_resnet_large,fix_mask,False,0,0.0039,1024,0.8703988194465637,"[0, 0, 31, 31]",822,2250,3072,26.7578125,random
resnet_large__label_63__idx_6947,CIFAR100_resnet_large,fix_nonmask,False,0,0.0039,1024,0.8703988194465637,"[0, 0, 31, 31]",2250,822,3072,73.2421875,random
resnet_large__label_64__idx_2767,CIFAR100_resnet_large,global,True,-1,0.0039,1024,,,3072,0,3072,100.0,random
resnet_large__label_64__idx_2767,CIFAR100_resnet_large,fix_mask,False,0,0.0039,1024,0.8763594031333923,"[0, 0, 31, 31]",864,2208,3072,28.125,random
resnet_large__label_64__idx_2767,CIFAR100_resnet_large,fix_nonmask,False,0,0.0039,1024,0.8763594031333923,"[0, 0, 31, 31]",2208,864,3072,71.875,random
resnet_large__label_66__idx_5883,CIFAR100_resnet_large,global,True,-1,0.0039,1024,,,3072,0,3072,100.0,random
resnet_large__label_66__idx_5883,CIFAR100_resnet_large,fix_mask,False,0,0.0039,1024,0.8705345988273621,"[0, 0, 31, 31]",738,2334,3072,24.0234375,random
resnet_large__label_66__idx_5883,CIFAR100_resnet_large,fix_nonmask,False,0,0.0039,1024,0.8705345988273621,"[0, 0, 31, 31]",2334,738,3072,75.9765625,random
resnet_large__label_66__idx_9469,CIFAR100_resnet_large,global,True,-1,0.0039,1024,,,3072,0,3072,100.0,random
resnet_large__label_66__idx_9469,CIFAR100_resnet_large,fix_mask,False,0,0.0039,1024,0.5784943699836731,"[0, 1, 30, 31]",519,2553,3072,16.89453125,random
resnet_large__label_66__idx_9469,CIFAR100_resnet_large,fix_nonmask,False,0,0.0039,1024,0.5784943699836731,"[0, 1, 30, 31]",2553,519,3072,83.10546875,random
resnet_large__label_68__idx_2485,CIFAR100_resnet_large,global,True,-1,0.0039,1024,,,3072,0,3072,100.0,random
resnet_large__label_68__idx_2485,CIFAR100_resnet_large,fix_mask,False,0,0.0039,1024,0.741045355796814,"[0, 0, 31, 31]",720,2352,3072,23.4375,random
resnet_large__label_68__idx_2485,CIFAR100_resnet_large,fix_nonmask,False,0,0.0039,1024,0.741045355796814,"[0, 0, 31, 31]",2352,720,3072,76.5625,random
resnet_large__label_68__idx_918,CIFAR100_resnet_large,global,True,-1,0.0039,1024,,,3072,0,3072,100.0,random
resnet_large__label_68__idx_918,CIFAR100_resnet_large,fix_mask,False,0,0.0039,1024,0.12415586411952972,"[0, 0, 31, 31]",207,2865,3072,6.73828125,random
resnet_large__label_68__idx_918,CIFAR100_resnet_large,fix_nonmask,False,0,0.0039,1024,0.12415586411952972,"[0, 0, 31, 31]",2865,207,3072,93.26171875,random
resnet_large__label_71__idx_4338,CIFAR100_resnet_large,global,True,-1,0.0039,1024,,,3072,0,3072,100.0,random
resnet_large__label_71__idx_4338,CIFAR100_resnet_large,fix_mask,False,0,0.0039,1024,0.23743975162506104,"[0, 0, 31, 31]",0,3072,3072,0.0,random
resnet_large__label_71__idx_4338,CIFAR100_resnet_large,fix_nonmask,False,0,0.0039,1024,0.23743975162506104,"[0, 0, 31, 31]",3072,0,3072,100.0,random
resnet_large__label_76__idx_33,CIFAR100_resnet_large,global,True,-1,0.0039,1024,,,3072,0,3072,100.0,random
resnet_large__label_76__idx_33,CIFAR100_resnet_large,fix_mask,False,0,0.0039,1024,0.7681177258491516,"[0, 0, 31, 31]",468,2604,3072,15.234375,random
resnet_large__label_76__idx_33,CIFAR100_resnet_large,fix_nonmask,False,0,0.0039,1024,0.7681177258491516,"[0, 0, 31, 31]",2604,468,3072,84.765625,random
resnet_large__label_76__idx_3657,CIFAR100_resnet_large,global,True,-1,0.0039,1024,,,3072,0,3072,100.0,random
resnet_large__label_76__idx_3657,CIFAR100_resnet_large,fix_mask,False,0,0.0039,1024,0.7715967297554016,"[0, 0, 31, 31]",867,2205,3072,28.22265625,random
resnet_large__label_76__idx_3657,CIFAR100_resnet_large,fix_nonmask,False,0,0.0039,1024,0.7715967297554016,"[0, 0, 31, 31]",2205,867,3072,71.77734375,random
resnet_large__label_77__idx_8915,CIFAR100_resnet_large,global,True,-1,0.0039,1024,,,3072,0,3072,100.0,random
resnet_large__label_77__idx_8915,CIFAR100_resnet_large,fix_mask,False,0,0.0039,1024,0.79766845703125,"[0, 0, 31, 31]",90,2982,3072,2.9296875,random
resnet_large__label_77__idx_8915,CIFAR100_resnet_large,fix_nonmask,False,0,0.0039,1024,0.79766845703125,"[0, 0, 31, 31]",2982,90,3072,97.0703125,random
resnet_large__label_78__idx_5742,CIFAR100_resnet_large,global,True,-1,0.0039,1024,,,3072,0,3072,100.0,random
resnet_large__label_78__idx_5742,CIFAR100_resnet_large,fix_mask,False,0,0.0039,1024,0.8279820084571838,"[0, 0, 31, 31]",807,2265,3072,26.26953125,random
resnet_large__label_78__idx_5742,CIFAR100_resnet_large,fix_nonmask,False,0,0.0039,1024,0.8279820084571838,"[0, 0, 31, 31]",2265,807,3072,73.73046875,random
resnet_large__label_78__idx_7980,CIFAR100_resnet_large,global,True,-1,0.0039,1024,,,3072,0,3072,100.0,random
resnet_large__label_78__idx_7980,CIFAR100_resnet_large,fix_mask,False,0,0.0039,1024,0.8875491619110107,"[0, 0, 31, 31]",618,2454,3072,20.1171875,random
resnet_large__label_78__idx_7980,CIFAR100_resnet_large,fix_nonmask,False,0,0.0039,1024,0.8875491619110107,"[0, 0, 31, 31]",2454,618,3072,79.8828125,random
resnet_large__label_80__idx_3620,CIFAR100_resnet_large,global,True,-1,0.0039,1024,,,3072,0,3072,100.0,random
resnet_large__label_80__idx_3620,CIFAR100_resnet_large,fix_mask,False,0,0.0039,1024,0.7725549340248108,"[0, 0, 31, 31]",585,2487,3072,19.04296875,random
resnet_large__label_80__idx_3620,CIFAR100_resnet_large,fix_nonmask,False,0,0.0039,1024,0.7725549340248108,"[0, 0, 31, 31]",2487,585,3072,80.95703125,random
resnet_large__label_81__idx_134,CIFAR100_resnet_large,global,True,-1,0.0039,1024,,,3072,0,3072,100.0,random
resnet_large__label_81__idx_134,CIFAR100_resnet_large,fix_mask,False,0,0.0039,1024,0.6878254413604736,"[0, 0, 31, 28]",1113,1959,3072,36.23046875,random
resnet_large__label_81__idx_134,CIFAR100_resnet_large,fix_nonmask,False,0,0.0039,1024,0.6878254413604736,"[0, 0, 31, 28]",1959,1113,3072,63.76953125,random
resnet_large__label_81__idx_3388,CIFAR100_resnet_large,global,True,-1,0.0039,1024,,,3072,0,3072,100.0,random
resnet_large__label_81__idx_3388,CIFAR100_resnet_large,fix_mask,False,0,0.0039,1024,0.5870037078857422,"[0, 0, 31, 31]",888,2184,3072,28.90625,random
resnet_large__label_81__idx_3388,CIFAR100_resnet_large,fix_nonmask,False,0,0.0039,1024,0.5870037078857422,"[0, 0, 31, 31]",2184,888,3072,71.09375,random
resnet_large__label_81__idx_5803,CIFAR100_resnet_large,global,True,-1,0.0039,1024,,,3072,0,3072,100.0,random
resnet_large__label_81__idx_5803,CIFAR100_resnet_large,fix_mask,False,0,0.0039,1024,0.7525656223297119,"[0, 0, 31, 31]",1077,1995,3072,35.05859375,random
resnet_large__label_81__idx_5803,CIFAR100_resnet_large,fix_nonmask,False,0,0.0039,1024,0.7525656223297119,"[0, 0, 31, 31]",1995,1077,3072,64.94140625,random
resnet_large__label_81__idx_9853,CIFAR100_resnet_large,global,True,-1,0.0039,1024,,,3072,0,3072,100.0,random
resnet_large__label_81__idx_9853,CIFAR100_resnet_large,fix_mask,False,0,0.0039,1024,0.3400362730026245,"[0, 0, 31, 31]",327,2745,3072,10.64453125,random
resnet_large__label_81__idx_9853,CIFAR100_resnet_large,fix_nonmask,False,0,0.0039,1024,0.3400362730026245,"[0, 0, 31, 31]",2745,327,3072,89.35546875,random
resnet_large__label_82__idx_8354,CIFAR100_resnet_large,global,True,-1,0.0039,1024,,,3072,0,3072,100.0,random
resnet_large__label_82__idx_8354,CIFAR100_resnet_large,fix_mask,False,0,0.0039,1024,0.7903650999069214,"[0, 0, 31, 31]",582,2490,3072,18.9453125,random
resnet_large__label_82__idx_8354,CIFAR100_resnet_large,fix_nonmask,False,0,0.0039,1024,0.7903650999069214,"[0, 0, 31, 31]",2490,582,3072,81.0546875,random
resnet_large__label_83__idx_7948,CIFAR100_resnet_large,global,True,-1,0.0039,1024,,,3072,0,3072,100.0,random
resnet_large__label_83__idx_7948,CIFAR100_resnet_large,fix_mask,False,0,0.0039,1024,0.8909296989440918,"[0, 3, 31, 31]",1170,1902,3072,38.0859375,random
resnet_large__label_83__idx_7948,CIFAR100_resnet_large,fix_nonmask,False,0,0.0039,1024,0.8909296989440918,"[0, 3, 31, 31]",1902,1170,3072,61.9140625,random
resnet_large__label_84__idx_1886,CIFAR100_resnet_large,global,True,-1,0.0039,1024,,,3072,0,3072,100.0,random
resnet_large__label_84__idx_1886,CIFAR100_resnet_large,fix_mask,False,0,0.0039,1024,0.6088692545890808,"[0, 0, 31, 31]",174,2898,3072,5.6640625,random
resnet_large__label_84__idx_1886,CIFAR100_resnet_large,fix_nonmask,False,0,0.0039,1024,0.6088692545890808,"[0, 0, 31, 31]",2898,174,3072,94.3359375,random
resnet_large__label_85__idx_1650,CIFAR100_resnet_large,global,True,-1,0.0039,1024,,,3072,0,3072,100.0,random
resnet_large__label_85__idx_1650,CIFAR100_resnet_large,fix_mask,False,0,0.0039,1024,0.4662799835205078,"[0, 0, 31, 31]",276,2796,3072,8.984375,random
resnet_large__label_85__idx_1650,CIFAR100_resnet_large,fix_nonmask,False,0,0.0039,1024,0.4662799835205078,"[0, 0, 31, 31]",2796,276,3072,91.015625,random
resnet_large__label_85__idx_4482,CIFAR100_resnet_large,global,True,-1,0.0039,1024,,,3072,0,3072,100.0,random
resnet_large__label_85__idx_4482,CIFAR100_resnet_large,fix_mask,False,0,0.0039,1024,0.32792341709136963,"[0, 0, 31, 31]",69,3003,3072,2.24609375,random
resnet_large__label_85__idx_4482,CIFAR100_resnet_large,fix_nonmask,False,0,0.0039,1024,0.32792341709136963,"[0, 0, 31, 31]",3003,69,3072,97.75390625,random
resnet_large__label_86__idx_5679,CIFAR100_resnet_large,global,True,-1,0.0039,1024,,,3072,0,3072,100.0,random
resnet_large__label_86__idx_5679,CIFAR100_resnet_large,fix_mask,False,0,0.0039,1024,0.8519787788391113,"[0, 0, 31, 31]",969,2103,3072,31.54296875,random
resnet_large__label_86__idx_5679,CIFAR100_resnet_large,fix_nonmask,False,0,0.0039,1024,0.8519787788391113,"[0, 0, 31, 31]",2103,969,3072,68.45703125,random
resnet_large__label_86__idx_6459,CIFAR100_resnet_large,global,True,-1,0.0039,1024,,,3072,0,3072,100.0,random
resnet_large__label_86__idx_6459,CIFAR100_resnet_large,fix_mask,False,0,0.0039,1024,0.6151687502861023,"[0, 0, 31, 30]",804,2268,3072,26.171875,random
resnet_large__label_86__idx_6459,CIFAR100_resnet_large,fix_nonmask,False,0,0.0039,1024,0.6151687502861023,"[0, 0, 31, 30]",2268,804,3072,73.828125,random
resnet_large__label_88__idx_4474,CIFAR100_resnet_large,global,True,-1,0.0039,1024,,,3072,0,3072,100.0,random
resnet_large__label_88__idx_4474,CIFAR100_resnet_large,fix_mask,False,0,0.0039,1024,0.8712791800498962,"[0, 0, 31, 31]",609,2463,3072,19.82421875,random
resnet_large__label_88__idx_4474,CIFAR100_resnet_large,fix_nonmask,False,0,0.0039,1024,0.8712791800498962,"[0, 0, 31, 31]",2463,609,3072,80.17578125,random
resnet_large__label_88__idx_5910,CIFAR100_resnet_large,global,True,-1,0.0039,1024,,,3072,0,3072,100.0,random
resnet_large__label_88__idx_5910,CIFAR100_resnet_large,fix_mask,False,0,0.0039,1024,0.7934969663619995,"[0, 0, 31, 31]",591,2481,3072,19.23828125,random
resnet_large__label_88__idx_5910,CIFAR100_resnet_large,fix_nonmask,False,0,0.0039,1024,0.7934969663619995,"[0, 0, 31, 31]",2481,591,3072,80.76171875,random
resnet_large__label_89__idx_5310,CIFAR100_resnet_large,global,True,-1,0.0039,1024,,,3072,0,3072,100.0,random
resnet_large__label_89__idx_5310,CIFAR100_resnet_large,fix_mask,False,0,0.0039,1024,0.7773980498313904,"[0, 0, 31, 31]",1047,2025,3072,34.08203125,random
resnet_large__label_89__idx_5310,CIFAR100_resnet_large,fix_nonmask,False,0,0.0039,1024,0.7773980498313904,"[0, 0, 31, 31]",2025,1047,3072,65.91796875,random
resnet_large__label_89__idx_9025,CIFAR100_resnet_large,global,True,-1,0.0039,1024,,,3072,0,3072,100.0,random
resnet_large__label_89__idx_9025,CIFAR100_resnet_large,fix_mask,False,0,0.0039,1024,0.7798040509223938,"[0, 0, 30, 31]",987,2085,3072,32.12890625,random
resnet_large__label_89__idx_9025,CIFAR100_resnet_large,fix_nonmask,False,0,0.0039,1024,0.7798040509223938,"[0, 0, 30, 31]",2085,987,3072,67.87109375,random
resnet_large__label_90__idx_4217,CIFAR100_resnet_large,global,True,-1,0.0039,1024,,,3072,0,3072,100.0,random
resnet_large__label_90__idx_4217,CIFAR100_resnet_large,fix_mask,False,0,0.0039,1024,0.682672381401062,"[0, 0, 31, 31]",1047,2025,3072,34.08203125,random
resnet_large__label_90__idx_4217,CIFAR100_resnet_large,fix_nonmask,False,0,0.0039,1024,0.682672381401062,"[0, 0, 31, 31]",2025,1047,3072,65.91796875,random
resnet_large__label_91__idx_1194,CIFAR100_resnet_large,global,True,-1,0.0039,1024,,,3072,0,3072,100.0,random
resnet_large__label_91__idx_1194,CIFAR100_resnet_large,fix_mask,False,0,0.0039,1024,0.7218897342681885,"[0, 0, 31, 31]",852,2220,3072,27.734375,random
resnet_large__label_91__idx_1194,CIFAR100_resnet_large,fix_nonmask,False,0,0.0039,1024,0.7218897342681885,"[0, 0, 31, 31]",2220,852,3072,72.265625,random
resnet_large__label_91__idx_200,CIFAR100_resnet_large,global,True,-1,0.0039,1024,,,3072,0,3072,100.0,random
resnet_large__label_91__idx_200,CIFAR100_resnet_large,fix_mask,False,0,0.0039,1024,0.8057619333267212,"[0, 0, 31, 31]",381,2691,3072,12.40234375,random
resnet_large__label_91__idx_200,CIFAR100_resnet_large,fix_nonmask,False,0,0.0039,1024,0.8057619333267212,"[0, 0, 31, 31]",2691,381,3072,87.59765625,random
resnet_large__label_93__idx_7162,CIFAR100_resnet_large,global,True,-1,0.0039,1024,,,3072,0,3072,100.0,random
resnet_large__label_93__idx_7162,CIFAR100_resnet_large,fix_mask,False,0,0.0039,1024,0.877643346786499,"[0, 0, 30, 31]",1458,1614,3072,47.4609375,random
resnet_large__label_93__idx_7162,CIFAR100_resnet_large,fix_nonmask,False,0,0.0039,1024,0.877643346786499,"[0, 0, 30, 31]",1614,1458,3072,52.5390625,random
resnet_large__label_93__idx_8828,CIFAR100_resnet_large,global,True,-1,0.0039,1024,,,3072,0,3072,100.0,random
resnet_large__label_93__idx_8828,CIFAR100_resnet_large,fix_mask,False,0,0.0039,1024,0.9195055961608887,"[0, 0, 31, 31]",903,2169,3072,29.39453125,random
resnet_large__label_93__idx_8828,CIFAR100_resnet_large,fix_nonmask,False,0,0.0039,1024,0.9195055961608887,"[0, 0, 31, 31]",2169,903,3072,70.60546875,random
resnet_large__label_94__idx_3842,CIFAR100_resnet_large,global,True,-1,0.0039,1024,,,3072,0,3072,100.0,random
resnet_large__label_94__idx_3842,CIFAR100_resnet_large,fix_mask,False,0,0.0039,1024,0.5296635627746582,"[0, 0, 31, 31]",669,2403,3072,21.77734375,random
resnet_large__label_94__idx_3842,CIFAR100_resnet_large,fix_nonmask,False,0,0.0039,1024,0.5296635627746582,"[0, 0, 31, 31]",2403,669,3072,78.22265625,random
resnet_large__label_94__idx_7371,CIFAR100_resnet_large,global,True,-1,0.0039,1024,,,3072,0,3072,100.0,random
resnet_large__label_94__idx_7371,CIFAR100_resnet_large,fix_mask,False,0,0.0039,1024,0.8258622884750366,"[1, 0, 31, 31]",780,2292,3072,25.390625,random
resnet_large__label_94__idx_7371,CIFAR100_resnet_large,fix_nonmask,False,0,0.0039,1024,0.8258622884750366,"[1, 0, 31, 31]",2292,780,3072,74.609375,random
resnet_large__label_94__idx_9000,CIFAR100_resnet_large,global,True,-1,0.0039,1024,,,3072,0,3072,100.0,random
resnet_large__label_94__idx_9000,CIFAR100_resnet_large,fix_mask,False,0,0.0039,1024,0.6456440687179565,"[0, 0, 31, 31]",315,2757,3072,10.25390625,random
resnet_large__label_94__idx_9000,CIFAR100_resnet_large,fix_nonmask,False,0,0.0039,1024,0.6456440687179565,"[0, 0, 31, 31]",2757,315,3072,89.74609375,random
resnet_large__label_95__idx_1371,CIFAR100_resnet_large,global,True,-1,0.0039,1024,,,3072,0,3072,100.0,random
resnet_large__label_95__idx_1371,CIFAR100_resnet_large,fix_mask,False,0,0.0039,1024,0.8771047592163086,"[0, 0, 30, 31]",468,2604,3072,15.234375,random
resnet_large__label_95__idx_1371,CIFAR100_resnet_large,fix_nonmask,False,0,0.0039,1024,0.8771047592163086,"[0, 0, 30, 31]",2604,468,3072,84.765625,random
resnet_medium__label_0__idx_2404,CIFAR100_resnet_medium,global,True,-1,0.0039,1024,,,3072,0,3072,100.0,random
resnet_medium__label_0__idx_2404,CIFAR100_resnet_medium,fix_mask,False,0,0.0039,1024,0.5252118706703186,"[0, 0, 31, 31]",399,2673,3072,12.98828125,random
resnet_medium__label_0__idx_2404,CIFAR100_resnet_medium,fix_nonmask,False,0,0.0039,1024,0.5252118706703186,"[0, 0, 31, 31]",2673,399,3072,87.01171875,random
resnet_medium__label_0__idx_5369,CIFAR100_resnet_medium,global,True,-1,0.0039,1024,,,3072,0,3072,100.0,random
resnet_medium__label_0__idx_5369,CIFAR100_resnet_medium,fix_mask,False,0,0.0039,1024,0.7199441194534302,"[1, 1, 30, 30]",492,2580,3072,16.015625,random
resnet_medium__label_0__idx_5369,CIFAR100_resnet_medium,fix_nonmask,False,0,0.0039,1024,0.7199441194534302,"[1, 1, 30, 30]",2580,492,3072,83.984375,random
resnet_medium__label_11__idx_7329,CIFAR100_resnet_medium,global,True,-1,0.0039,1024,,,3072,0,3072,100.0,random
resnet_medium__label_11__idx_7329,CIFAR100_resnet_medium,fix_mask,False,0,0.0039,1024,0.8587418794631958,"[1, 1, 31, 31]",1272,1800,3072,41.40625,random
resnet_medium__label_11__idx_7329,CIFAR100_resnet_medium,fix_nonmask,False,0,0.0039,1024,0.8587418794631958,"[1, 1, 31, 31]",1800,1272,3072,58.59375,random
resnet_medium__label_12__idx_6868,CIFAR100_resnet_medium,global,True,-1,0.0039,1024,,,3072,0,3072,100.0,random
resnet_medium__label_12__idx_6868,CIFAR100_resnet_medium,fix_mask,False,0,0.0039,1024,0.381021112203598,"[0, 0, 31, 31]",321,2751,3072,10.44921875,random
resnet_medium__label_12__idx_6868,CIFAR100_resnet_medium,fix_nonmask,False,0,0.0039,1024,0.381021112203598,"[0, 0, 31, 31]",2751,321,3072,89.55078125,random
resnet_medium__label_14__idx_1406,CIFAR100_resnet_medium,global,True,-1,0.0039,1024,,,3072,0,3072,100.0,random
resnet_medium__label_14__idx_1406,CIFAR100_resnet_medium,fix_mask,False,0,0.0039,1024,0.8750630617141724,"[0, 0, 31, 31]",0,3072,3072,0.0,random
resnet_medium__label_14__idx_1406,CIFAR100_resnet_medium,fix_nonmask,False,0,0.0039,1024,0.8750630617141724,"[0, 0, 31, 31]",3072,0,3072,100.0,random
resnet_medium__label_15__idx_4836,CIFAR100_resnet_medium,global,True,-1,0.0039,1024,,,3072,0,3072,100.0,random
resnet_medium__label_15__idx_4836,CIFAR100_resnet_medium,fix_mask,False,0,0.0039,1024,0.7793585062026978,"[0, 0, 31, 31]",696,2376,3072,22.65625,random
resnet_medium__label_15__idx_4836,CIFAR100_resnet_medium,fix_nonmask,False,0,0.0039,1024,0.7793585062026978,"[0, 0, 31, 31]",2376,696,3072,77.34375,random
resnet_medium__label_15__idx_6893,CIFAR100_resnet_medium,global,True,-1,0.0039,1024,,,3072,0,3072,100.0,random
resnet_medium__label_15__idx_6893,CIFAR100_resnet_medium,fix_mask,False,0,0.0039,1024,0.8287236094474792,"[0, 0, 29, 29]",1386,1686,3072,45.1171875,random
resnet_medium__label_15__idx_6893,CIFAR100_resnet_medium,fix_nonmask,False,0,0.0039,1024,0.8287236094474792,"[0, 0, 29, 29]",1686,1386,3072,54.8828125,random
resnet_medium__label_16__idx_9074,CIFAR100_resnet_medium,global,True,-1,0.0039,1024,,,3072,0,3072,100.0,random
resnet_medium__label_16__idx_9074,CIFAR100_resnet_medium,fix_mask,False,0,0.0039,1024,0.26024824380874634,"[0, 0, 31, 31]",417,2655,3072,13.57421875,random
resnet_medium__label_16__idx_9074,CIFAR100_resnet_medium,fix_nonmask,False,0,0.0039,1024,0.26024824380874634,"[0, 0, 31, 31]",2655,417,3072,86.42578125,random
resnet_medium__label_17__idx_388,CIFAR100_resnet_medium,global,True,-1,0.0039,1024,,,3072,0,3072,100.0,random
resnet_medium__label_17__idx_388,CIFAR100_resnet_medium,fix_mask,False,0,0.0039,1024,0.801043689250946,"[0, 0, 29, 30]",1287,1785,3072,41.89453125,random
resnet_medium__label_17__idx_388,CIFAR100_resnet_medium,fix_nonmask,False,0,0.0039,1024,0.801043689250946,"[0, 0, 29, 30]",1785,1287,3072,58.10546875,random
resnet_medium__label_17__idx_9758,CIFAR100_resnet_medium,global,True,-1,0.0039,1024,,,3072,0,3072,100.0,random
resnet_medium__label_17__idx_9758,CIFAR100_resnet_medium,fix_mask,False,0,0.0039,1024,0.8345927000045776,"[0, 0, 31, 31]",897,2175,3072,29.19921875,random
resnet_medium__label_17__idx_9758,CIFAR100_resnet_medium,fix_nonmask,False,0,0.0039,1024,0.8345927000045776,"[0, 0, 31, 31]",2175,897,3072,70.80078125,random
resnet_medium__label_17__idx_9941,CIFAR100_resnet_medium,global,True,-1,0.0039,1024,,,3072,0,3072,100.0,random
resnet_medium__label_17__idx_9941,CIFAR100_resnet_medium,fix_mask,False,0,0.0039,1024,0.8406082391738892,"[0, 0, 31, 31]",324,2748,3072,10.546875,random
resnet_medium__label_17__idx_9941,CIFAR100_resnet_medium,fix_nonmask,False,0,0.0039,1024,0.8406082391738892,"[0, 0, 31, 31]",2748,324,3072,89.453125,random
resnet_medium__label_18__idx_4586,CIFAR100_resnet_medium,global,True,-1,0.0039,1024,,,3072,0,3072,100.0,random
resnet_medium__label_18__idx_4586,CIFAR100_resnet_medium,fix_mask,False,0,0.0039,1024,0.5948482155799866,"[0, 0, 31, 31]",354,2718,3072,11.5234375,random
resnet_medium__label_18__idx_4586,CIFAR100_resnet_medium,fix_nonmask,False,0,0.0039,1024,0.5948482155799866,"[0, 0, 31, 31]",2718,354,3072,88.4765625,random
resnet_medium__label_18__idx_9124,CIFAR100_resnet_medium,global,True,-1,0.0039,1024,,,3072,0,3072,100.0,random
resnet_medium__label_18__idx_9124,CIFAR100_resnet_medium,fix_mask,False,0,0.0039,1024,0.5947917103767395,"[0, 0, 31, 31]",96,2976,3072,3.125,random
resnet_medium__label_18__idx_9124,CIFAR100_resnet_medium,fix_nonmask,False,0,0.0039,1024,0.5947917103767395,"[0, 0, 31, 31]",2976,96,3072,96.875,random
resnet_medium__label_20__idx_3539,CIFAR100_resnet_medium,global,True,-1,0.0039,1024,,,3072,0,3072,100.0,random
resnet_medium__label_20__idx_3539,CIFAR100_resnet_medium,fix_mask,False,0,0.0039,1024,0.8381170630455017,"[0, 0, 31, 31]",348,2724,3072,11.328125,random
resnet_medium__label_20__idx_3539,CIFAR100_resnet_medium,fix_nonmask,False,0,0.0039,1024,0.8381170630455017,"[0, 0, 31, 31]",2724,348,3072,88.671875,random
resnet_medium__label_20__idx_5266,CIFAR100_resnet_medium,global,True,-1,0.0039,1024,,,3072,0,3072,100.0,random
resnet_medium__label_20__idx_5266,CIFAR100_resnet_medium,fix_mask,False,0,0.0039,1024,0.7047457098960876,"[0, 0, 30, 31]",990,2082,3072,32.2265625,random
resnet_medium__label_20__idx_5266,CIFAR100_resnet_medium,fix_nonmask,False,0,0.0039,1024,0.7047457098960876,"[0, 0, 30, 31]",2082,990,3072,67.7734375,random
resnet_medium__label_20__idx_9332,CIFAR100_resnet_medium,global,True,-1,0.0039,1024,,,3072,0,3072,100.0,random
resnet_medium__label_20__idx_9332,CIFAR100_resnet_medium,fix_mask,False,0,0.0039,1024,0.8472917675971985,"[0, 0, 31, 31]",480,2592,3072,15.625,random
resnet_medium__label_20__idx_9332,CIFAR100_resnet_medium,fix_nonmask,False,0,0.0039,1024,0.8472917675971985,"[0, 0, 31, 31]",2592,480,3072,84.375,random
resnet_medium__label_21__idx_4555,CIFAR100_resnet_medium,global,True,-1,0.0039,1024,,,3072,0,3072,100.0,random
resnet_medium__label_21__idx_4555,CIFAR100_resnet_medium,fix_mask,False,0,0.0039,1024,0.8113892674446106,"[0, 0, 31, 31]",477,2595,3072,15.52734375,random
resnet_medium__label_21__idx_4555,CIFAR100_resnet_medium,fix_nonmask,False,0,0.0039,1024,0.8113892674446106,"[0, 0, 31, 31]",2595,477,3072,84.47265625,random
resnet_medium__label_25__idx_1061,CIFAR100_resnet_medium,global,True,-1,0.0039,1024,,,3072,0,3072,100.0,random
resnet_medium__label_25__idx_1061,CIFAR100_resnet_medium,fix_mask,False,0,0.0039,1024,0.6647941470146179,"[0, 0, 30, 31]",456,2616,3072,14.84375,random
resnet_medium__label_25__idx_1061,CIFAR100_resnet_medium,fix_nonmask,False,0,0.0039,1024,0.6647941470146179,"[0, 0, 30, 31]",2616,456,3072,85.15625,random
resnet_medium__label_25__idx_2893,CIFAR100_resnet_medium,global,True,-1,0.0039,1024,,,3072,0,3072,100.0,random
resnet_medium__label_25__idx_2893,CIFAR100_resnet_medium,fix_mask,False,0,0.0039,1024,0.4774613380432129,"[0, 0, 31, 30]",630,2442,3072,20.5078125,random
resnet_medium__label_25__idx_2893,CIFAR100_resnet_medium,fix_nonmask,False,0,0.0039,1024,0.4774613380432129,"[0, 0, 31, 30]",2442,630,3072,79.4921875,random
resnet_medium__label_25__idx_2906,CIFAR100_resnet_medium,global,True,-1,0.0039,1024,,,3072,0,3072,100.0,random
resnet_medium__label_25__idx_2906,CIFAR100_resnet_medium,fix_mask,False,0,0.0039,1024,0.8015213012695312,"[1, 0, 31, 28]",831,2241,3072,27.05078125,random
resnet_medium__label_25__idx_2906,CIFAR100_resnet_medium,fix_nonmask,False,0,0.0039,1024,0.8015213012695312,"[1, 0, 31, 28]",2241,831,3072,72.94921875,random
resnet_medium__label_26__idx_9099,CIFAR100_resnet_medium,global,True,-1,0.0039,1024,,,3072,0,3072,100.0,random
resnet_medium__label_26__idx_9099,CIFAR100_resnet_medium,fix_mask,False,0,0.0039,1024,0.8918246626853943,"[0, 0, 31, 31]",375,2697,3072,12.20703125,random
resnet_medium__label_26__idx_9099,CIFAR100_resnet_medium,fix_nonmask,False,0,0.0039,1024,0.8918246626853943,"[0, 0, 31, 31]",2697,375,3072,87.79296875,random
resnet_medium__label_27__idx_1968,CIFAR100_resnet_medium,global,True,-1,0.0039,1024,,,3072,0,3072,100.0,random
resnet_medium__label_27__idx_1968,CIFAR100_resnet_medium,fix_mask,False,0,0.0039,1024,0.707528829574585,"[0, 0, 31, 31]",732,2340,3072,23.828125,random
resnet_medium__label_27__idx_1968,CIFAR100_resnet_medium,fix_nonmask,False,0,0.0039,1024,0.707528829574585,"[0, 0, 31, 31]",2340,732,3072,76.171875,random
resnet_medium__label_27__idx_3020,CIFAR100_resnet_medium,global,True,-1,0.0039,1024,,,3072,0,3072,100.0,random
resnet_medium__label_27__idx_3020,CIFAR100_resnet_medium,fix_mask,False,0,0.0039,1024,0.5753970146179199,"[0, 0, 31, 31]",891,2181,3072,29.00390625,random
resnet_medium__label_27__idx_3020,CIFAR100_resnet_medium,fix_nonmask,False,0,0.0039,1024,0.5753970146179199,"[0, 0, 31, 31]",2181,891,3072,70.99609375,random
resnet_medium__label_29__idx_5525,CIFAR100_resnet_medium,global,True,-1,0.0039,1024,,,3072,0,3072,100.0,random
resnet_medium__label_29__idx_5525,CIFAR100_resnet_medium,fix_mask,False,0,0.0039,1024,0.6943182349205017,"[0, 0, 31, 30]",1392,1680,3072,45.3125,random
resnet_medium__label_29__idx_5525,CIFAR100_resnet_medium,fix_nonmask,False,0,0.0039,1024,0.6943182349205017,"[0, 0, 31, 30]",1680,1392,3072,54.6875,random
resnet_medium__label_2__idx_8228,CIFAR100_resnet_medium,global,True,-1,0.0039,1024,,,3072,0,3072,100.0,random
resnet_medium__label_2__idx_8228,CIFAR100_resnet_medium,fix_mask,False,0,0.0039,1024,0.8416377902030945,"[0, 0, 31, 31]",1044,2028,3072,33.984375,random
resnet_medium__label_2__idx_8228,CIFAR100_resnet_medium,fix_nonmask,False,0,0.0039,1024,0.8416377902030945,"[0, 0, 31, 31]",2028,1044,3072,66.015625,random
resnet_medium__label_2__idx_8815,CIFAR100_resnet_medium,global,True,-1,0.0039,1024,,,3072,0,3072,100.0,random
resnet_medium__label_2__idx_8815,CIFAR100_resnet_medium,fix_mask,False,0,0.0039,1024,0.8352067470550537,"[3, 0, 30, 31]",1227,1845,3072,39.94140625,random
resnet_medium__label_2__idx_8815,CIFAR100_resnet_medium,fix_nonmask,False,0,0.0039,1024,0.8352067470550537,"[3, 0, 30, 31]",1845,1227,3072,60.05859375,random
resnet_medium__label_30__idx_282,CIFAR100_resnet_medium,global,True,-1,0.0039,1024,,,3072,0,3072,100.0,random
resnet_medium__label_30__idx_282,CIFAR100_resnet_medium,fix_mask,False,0,0.0039,1024,0.4803020656108856,"[0, 0, 31, 31]",0,3072,3072,0.0,random
resnet_medium__label_30__idx_282,CIFAR100_resnet_medium,fix_nonmask,False,0,0.0039,1024,0.4803020656108856,"[0, 0, 31, 31]",3072,0,3072,100.0,random
resnet_medium__label_31__idx_2848,CIFAR100_resnet_medium,global,True,-1,0.0039,1024,,,3072,0,3072,100.0,random
resnet_medium__label_31__idx_2848,CIFAR100_resnet_medium,fix_mask,False,0,0.0039,1024,0.8708988428115845,"[0, 1, 31, 31]",564,2508,3072,18.359375,random
resnet_medium__label_31__idx_2848,CIFAR100_resnet_medium,fix_nonmask,False,0,0.0039,1024,0.8708988428115845,"[0, 1, 31, 31]",2508,564,3072,81.640625,random
resnet_medium__label_31__idx_4651,CIFAR100_resnet_medium,global,True,-1,0.0039,1024,,,3072,0,3072,100.0,random
resnet_medium__label_31__idx_4651,CIFAR100_resnet_medium,fix_mask,False,0,0.0039,1024,0.7613500952720642,"[0, 0, 31, 31]",1344,1728,3072,43.75,random
resnet_medium__label_31__idx_4651,CIFAR100_resnet_medium,fix_nonmask,False,0,0.0039,1024,0.7613500952720642,"[0, 0, 31, 31]",1728,1344,3072,56.25,random
resnet_medium__label_33__idx_1208,CIFAR100_resnet_medium,global,True,-1,0.0039,1024,,,3072,0,3072,100.0,random
resnet_medium__label_33__idx_1208,CIFAR100_resnet_medium,fix_mask,False,0,0.0039,1024,0.7003888487815857,"[0, 0, 31, 31]",693,2379,3072,22.55859375,random
resnet_medium__label_33__idx_1208,CIFAR100_resnet_medium,fix_nonmask,False,0,0.0039,1024,0.7003888487815857,"[0, 0, 31, 31]",2379,693,3072,77.44140625,random
resnet_medium__label_33__idx_2330,CIFAR100_resnet_medium,global,True,-1,0.0039,1024,,,3072,0,3072,100.0,random
resnet_medium__label_33__idx_2330,CIFAR100_resnet_medium,fix_mask,False,0,0.0039,1024,0.15301795303821564,"[3, 0, 31, 31]",1260,1812,3072,41.015625,random
resnet_medium__label_33__idx_2330,CIFAR100_resnet_medium,fix_nonmask,False,0,0.0039,1024,0.15301795303821564,"[3, 0, 31, 31]",1812,1260,3072,58.984375,random
resnet_medium__label_33__idx_3933,CIFAR100_resnet_medium,global,True,-1,0.0039,1024,,,3072,0,3072,100.0,random
resnet_medium__label_33__idx_3933,CIFAR100_resnet_medium,fix_mask,False,0,0.0039,1024,0.2785904109477997,"[0, 0, 31, 31]",0,3072,3072,0.0,random
resnet_medium__label_33__idx_3933,CIFAR100_resnet_medium,fix_nonmask,False,0,0.0039,1024,0.2785904109477997,"[0, 0, 31, 31]",3072,0,3072,100.0,random
resnet_medium__label_33__idx_5659,CIFAR100_resnet_medium,global,True,-1,0.0039,1024,,,3072,0,3072,100.0,random
resnet_medium__label_33__idx_5659,CIFAR100_resnet_medium,fix_mask,False,0,0.0039,1024,0.4322151839733124,"[0, 0, 31, 31]",495,2577,3072,16.11328125,random
resnet_medium__label_33__idx_5659,CIFAR100_resnet_medium,fix_nonmask,False,0,0.0039,1024,0.4322151839733124,"[0, 0, 31, 31]",2577,495,3072,83.88671875,random
resnet_medium__label_34__idx_3617,CIFAR100_resnet_medium,global,True,-1,0.0039,1024,,,3072,0,3072,100.0,random
resnet_medium__label_34__idx_3617,CIFAR100_resnet_medium,fix_mask,False,0,0.0039,1024,0.752949059009552,"[0, 0, 31, 31]",597,2475,3072,19.43359375,random
resnet_medium__label_34__idx_3617,CIFAR100_resnet_medium,fix_nonmask,False,0,0.0039,1024,0.752949059009552,"[0, 0, 31, 31]",2475,597,3072,80.56640625,random
resnet_medium__label_37__idx_6343,CIFAR100_resnet_medium,global,True,-1,0.0039,1024,,,3072,0,3072,100.0,random
resnet_medium__label_37__idx_6343,CIFAR100_resnet_medium,fix_mask,False,0,0.0039,1024,0.7623917460441589,"[0, 0, 31, 30]",876,2196,3072,28.515625,random
resnet_medium__label_37__idx_6343,CIFAR100_resnet_medium,fix_nonmask,False,0,0.0039,1024,0.7623917460441589,"[0, 0, 31, 30]",2196,876,3072,71.484375,random
resnet_medium__label_37__idx_7644,CIFAR100_resnet_medium,global,True,-1,0.0039,1024,,,3072,0,3072,100.0,random
resnet_medium__label_37__idx_7644,CIFAR100_resnet_medium,fix_mask,False,0,0.0039,1024,0.522432267665863,"[0, 1, 30, 29]",591,2481,3072,19.23828125,random
resnet_medium__label_37__idx_7644,CIFAR100_resnet_medium,fix_nonmask,False,0,0.0039,1024,0.522432267665863,"[0, 1, 30, 29]",2481,591,3072,80.76171875,random
resnet_medium__label_42__idx_2704,CIFAR100_resnet_medium,global,True,-1,0.0039,1024,,,3072,0,3072,100.0,random
resnet_medium__label_42__idx_2704,CIFAR100_resnet_medium,fix_mask,False,0,0.0039,1024,0.7459325194358826,"[0, 0, 31, 31]",366,2706,3072,11.9140625,random
resnet_medium__label_42__idx_2704,CIFAR100_resnet_medium,fix_nonmask,False,0,0.0039,1024,0.7459325194358826,"[0, 0, 31, 31]",2706,366,3072,88.0859375,random
resnet_medium__label_42__idx_6462,CIFAR100_resnet_medium,global,True,-1,0.0039,1024,,,3072,0,3072,100.0,random
resnet_medium__label_42__idx_6462,CIFAR100_resnet_medium,fix_mask,False,0,0.0039,1024,0.7918928265571594,"[0, 0, 31, 31]",951,2121,3072,30.95703125,random
resnet_medium__label_42__idx_6462,CIFAR100_resnet_medium,fix_nonmask,False,0,0.0039,1024,0.7918928265571594,"[0, 0, 31, 31]",2121,951,3072,69.04296875,random
resnet_medium__label_43__idx_5506,CIFAR100_resnet_medium,global,True,-1,0.0039,1024,,,3072,0,3072,100.0,random
resnet_medium__label_43__idx_5506,CIFAR100_resnet_medium,fix_mask,False,0,0.0039,1024,0.9165579676628113,"[0, 0, 31, 31]",117,2955,3072,3.80859375,random
resnet_medium__label_43__idx_5506,CIFAR100_resnet_medium,fix_nonmask,False,0,0.0039,1024,0.9165579676628113,"[0, 0, 31, 31]",2955,117,3072,96.19140625,random
resnet_medium__label_43__idx_7494,CIFAR100_resnet_medium,global,True,-1,0.0039,1024,,,3072,0,3072,100.0,random
resnet_medium__label_43__idx_7494,CIFAR100_resnet_medium,fix_mask,False,0,0.0039,1024,0.784762978553772,"[0, 0, 31, 31]",771,2301,3072,25.09765625,random
resnet_medium__label_43__idx_7494,CIFAR100_resnet_medium,fix_nonmask,False,0,0.0039,1024,0.784762978553772,"[0, 0, 31, 31]",2301,771,3072,74.90234375,random
resnet_medium__label_43__idx_8824,CIFAR100_resnet_medium,global,True,-1,0.0039,1024,,,3072,0,3072,100.0,random
resnet_medium__label_43__idx_8824,CIFAR100_resnet_medium,fix_mask,False,0,0.0039,1024,0.9356487989425659,"[0, 0, 31, 31]",1083,1989,3072,35.25390625,random
resnet_medium__label_43__idx_8824,CIFAR100_resnet_medium,fix_nonmask,False,0,0.0039,1024,0.9356487989425659,"[0, 0, 31, 31]",1989,1083,3072,64.74609375,random
resnet_medium__label_44__idx_7654,CIFAR100_resnet_medium,global,True,-1,0.0039,1024,,,3072,0,3072,100.0,random
resnet_medium__label_44__idx_7654,CIFAR100_resnet_medium,fix_mask,False,0,0.0039,1024,0.9163036942481995,"[0, 0, 31, 31]",6,3066,3072,0.1953125,random
resnet_medium__label_44__idx_7654,CIFAR100_resnet_medium,fix_nonmask,False,0,0.0039,1024,0.9163036942481995,"[0, 0, 31, 31]",3066,6,3072,99.8046875,random
resnet_medium__label_45__idx_1537,CIFAR100_resnet_medium,global,True,-1,0.0039,1024,,,3072,0,3072,100.0,random
resnet_medium__label_45__idx_1537,CIFAR100_resnet_medium,fix_mask,False,0,0.0039,1024,0.4276328980922699,"[0, 0, 30, 31]",378,2694,3072,12.3046875,random
resnet_medium__label_45__idx_1537,CIFAR100_resnet_medium,fix_nonmask,False,0,0.0039,1024,0.4276328980922699,"[0, 0, 30, 31]",2694,378,3072,87.6953125,random
resnet_medium__label_46__idx_993,CIFAR100_resnet_medium,global,True,-1,0.0039,1024,,,3072,0,3072,100.0,random
resnet_medium__label_46__idx_993,CIFAR100_resnet_medium,fix_mask,False,0,0.0039,1024,0.9174144268035889,"[0, 0, 31, 31]",399,2673,3072,12.98828125,random
resnet_medium__label_46__idx_993,CIFAR100_resnet_medium,fix_nonmask,False,0,0.0039,1024,0.9174144268035889,"[0, 0, 31, 31]",2673,399,3072,87.01171875,random
resnet_medium__label_48__idx_8860,CIFAR100_resnet_medium,global,True,-1,0.0039,1024,,,3072,0,3072,100.0,random
resnet_medium__label_48__idx_8860,CIFAR100_resnet_medium,fix_mask,False,0,0.0039,1024,0.8002830147743225,"[0, 0, 31, 26]",1041,2031,3072,33.88671875,random
resnet_medium__label_48__idx_8860,CIFAR100_resnet_medium,fix_nonmask,False,0,0.0039,1024,0.8002830147743225,"[0, 0, 31, 26]",2031,1041,3072,66.11328125,random
resnet_medium__label_49__idx_3864,CIFAR100_resnet_medium,global,True,-1,0.0039,1024,,,3072,0,3072,100.0,random
resnet_medium__label_49__idx_3864,CIFAR100_resnet_medium,fix_mask,False,0,0.0039,1024,0.7864952683448792,"[0, 0, 30, 31]",705,2367,3072,22.94921875,random
resnet_medium__label_49__idx_3864,CIFAR100_resnet_medium,fix_nonmask,False,0,0.0039,1024,0.7864952683448792,"[0, 0, 30, 31]",2367,705,3072,77.05078125,random
resnet_medium__label_4__idx_6593,CIFAR100_resnet_medium,global,True,-1,0.0039,1024,,,3072,0,3072,100.0,random
resnet_medium__label_4__idx_6593,CIFAR100_resnet_medium,fix_mask,False,0,0.0039,1024,0.7472301125526428,"[0, 0, 31, 31]",240,2832,3072,7.8125,random
resnet_medium__label_4__idx_6593,CIFAR100_resnet_medium,fix_nonmask,False,0,0.0039,1024,0.7472301125526428,"[0, 0, 31, 31]",2832,240,3072,92.1875,random
resnet_medium__label_4__idx_9441,CIFAR100_resnet_medium,global,True,-1,0.0039,1024,,,3072,0,3072,100.0,random
resnet_medium__label_4__idx_9441,CIFAR100_resnet_medium,fix_mask,False,0,0.0039,1024,0.8644443154335022,"[0, 0, 31, 31]",162,2910,3072,5.2734375,random
resnet_medium__label_4__idx_9441,CIFAR100_resnet_medium,fix_nonmask,False,0,0.0039,1024,0.8644443154335022,"[0, 0, 31, 31]",2910,162,3072,94.7265625,random
resnet_medium__label_50__idx_4337,CIFAR100_resnet_medium,global,True,-1,0.0039,1024,,,3072,0,3072,100.0,random
resnet_medium__label_50__idx_4337,CIFAR100_resnet_medium,fix_mask,False,0,0.0039,1024,0.9119396209716797,"[0, 0, 30, 31]",669,2403,3072,21.77734375,random
resnet_medium__label_50__idx_4337,CIFAR100_resnet_medium,fix_nonmask,False,0,0.0039,1024,0.9119396209716797,"[0, 0, 30, 31]",2403,669,3072,78.22265625,random
resnet_medium__label_51__idx_1154,CIFAR100_resnet_medium,global,True,-1,0.0039,1024,,,3072,0,3072,100.0,random
resnet_medium__label_51__idx_1154,CIFAR100_resnet_medium,fix_mask,False,0,0.0039,1024,0.8649608492851257,"[0, 0, 29, 31]",981,2091,3072,31.93359375,random
resnet_medium__label_51__idx_1154,CIFAR100_resnet_medium,fix_nonmask,False,0,0.0039,1024,0.8649608492851257,"[0, 0, 29, 31]",2091,981,3072,68.06640625,random
resnet_medium__label_52__idx_9095,CIFAR100_resnet_medium,global,True,-1,0.0039,1024,,,3072,0,3072,100.0,random
resnet_medium__label_52__idx_9095,CIFAR100_resnet_medium,fix_mask,False,0,0.0039,1024,0.5859458446502686,"[0, 0, 31, 31]",519,2553,3072,16.89453125,random
resnet_medium__label_52__idx_9095,CIFAR100_resnet_medium,fix_nonmask,False,0,0.0039,1024,0.5859458446502686,"[0, 0, 31, 31]",2553,519,3072,83.10546875,random
resnet_medium__label_54__idx_9735,CIFAR100_resnet_medium,global,True,-1,0.0039,1024,,,3072,0,3072,100.0,random
resnet_medium__label_54__idx_9735,CIFAR100_resnet_medium,fix_mask,False,0,0.0039,1024,0.8223602771759033,"[0, 0, 31, 31]",51,3021,3072,1.66015625,random
resnet_medium__label_54__idx_9735,CIFAR100_resnet_medium,fix_nonmask,False,0,0.0039,1024,0.8223602771759033,"[0, 0, 31, 31]",3021,51,3072,98.33984375,random
resnet_medium__label_57__idx_7197,CIFAR100_resnet_medium,global,True,-1,0.0039,1024,,,3072,0,3072,100.0,random
resnet_medium__label_57__idx_7197,CIFAR100_resnet_medium,fix_mask,False,0,0.0039,1024,0.7888506650924683,"[0, 0, 30, 31]",246,2826,3072,8.0078125,random
resnet_medium__label_57__idx_7197,CIFAR100_resnet_medium,fix_nonmask,False,0,0.0039,1024,0.7888506650924683,"[0, 0, 30, 31]",2826,246,3072,91.9921875,random
resnet_medium__label_59__idx_1660,CIFAR100_resnet_medium,global,True,-1,0.0039,1024,,,3072,0,3072,100.0,random
resnet_medium__label_59__idx_1660,CIFAR100_resnet_medium,fix_mask,False,0,0.0039,1024,0.2583567202091217,"[0, 0, 31, 31]",567,2505,3072,18.45703125,random
resnet_medium__label_59__idx_1660,CIFAR100_resnet_medium,fix_nonmask,False,0,0.0039,1024,0.2583567202091217,"[0, 0, 31, 31]",2505,567,3072,81.54296875,random
resnet_medium__label_5__idx_4543,CIFAR100_resnet_medium,global,True,-1,0.0039,1024,,,3072,0,3072,100.0,random
resnet_medium__label_5__idx_4543,CIFAR100_resnet_medium,fix_mask,False,0,0.0039,1024,0.7755047082901001,"[0, 0, 31, 31]",993,2079,3072,32.32421875,random
resnet_medium__label_5__idx_4543,CIFAR100_resnet_medium,fix_nonmask,False,0,0.0039,1024,0.7755047082901001,"[0, 0, 31, 31]",2079,993,3072,67.67578125,random
resnet_medium__label_5__idx_928,CIFAR100_resnet_medium,global,True,-1,0.0039,1024,,,3072,0,3072,100.0,random
resnet_medium__label_5__idx_928,CIFAR100_resnet_medium,fix_mask,False,0,0.0039,1024,0.6787095665931702,"[0, 1, 30, 31]",1170,1902,3072,38.0859375,random
resnet_medium__label_5__idx_928,CIFAR100_resnet_medium,fix_nonmask,False,0,0.0039,1024,0.6787095665931702,"[0, 1, 30, 31]",1902,1170,3072,61.9140625,random
resnet_medium__label_60__idx_4583,CIFAR100_resnet_medium,global,True,-1,0.0039,1024,,,3072,0,3072,100.0,random
resnet_medium__label_60__idx_4583,CIFAR100_resnet_medium,fix_mask,False,0,0.0039,1024,0.19383089244365692,"[0, 0, 31, 31]",0,3072,3072,0.0,random
resnet_medium__label_60__idx_4583,CIFAR100_resnet_medium,fix_nonmask,False,0,0.0039,1024,0.19383089244365692,"[0, 0, 31, 31]",3072,0,3072,100.0,random
resnet_medium__label_63__idx_3374,CIFAR100_resnet_medium,global,True,-1,0.0039,1024,,,3072,0,3072,100.0,random
resnet_medium__label_63__idx_3374,CIFAR100_resnet_medium,fix_mask,False,0,0.0039,1024,0.8457643389701843,"[0, 0, 31, 31]",741,2331,3072,24.12109375,random
resnet_medium__label_63__idx_3374,CIFAR100_resnet_medium,fix_nonmask,False,0,0.0039,1024,0.8457643389701843,"[0, 0, 31, 31]",2331,741,3072,75.87890625,random
resnet_medium__label_66__idx_1902,CIFAR100_resnet_medium,global,True,-1,0.0039,1024,,,3072,0,3072,100.0,random
resnet_medium__label_66__idx_1902,CIFAR100_resnet_medium,fix_mask,False,0,0.0039,1024,0.5658766031265259,"[0, 0, 31, 31]",384,2688,3072,12.5,random
resnet_medium__label_66__idx_1902,CIFAR100_resnet_medium,fix_nonmask,False,0,0.0039,1024,0.5658766031265259,"[0, 0, 31, 31]",2688,384,3072,87.5,random
resnet_medium__label_68__idx_1522,CIFAR100_resnet_medium,global,True,-1,0.0039,1024,,,3072,0,3072,100.0,random
resnet_medium__label_68__idx_1522,CIFAR100_resnet_medium,fix_mask,False,0,0.0039,1024,0.18981701135635376,"[0, 0, 31, 31]",210,2862,3072,6.8359375,random
resnet_medium__label_68__idx_1522,CIFAR100_resnet_medium,fix_nonmask,False,0,0.0039,1024,0.18981701135635376,"[0, 0, 31, 31]",2862,210,3072,93.1640625,random
resnet_medium__label_6__idx_4129,CIFAR100_resnet_medium,global,True,-1,0.0039,1024,,,3072,0,3072,100.0,random
resnet_medium__label_6__idx_4129,CIFAR100_resnet_medium,fix_mask,False,0,0.0039,1024,0.8482606410980225,"[0, 0, 31, 31]",69,3003,3072,2.24609375,random
resnet_medium__label_6__idx_4129,CIFAR100_resnet_medium,fix_nonmask,False,0,0.0039,1024,0.8482606410980225,"[0, 0, 31, 31]",3003,69,3072,97.75390625,random
resnet_medium__label_6__idx_4225,CIFAR100_resnet_medium,global,True,-1,0.0039,1024,,,3072,0,3072,100.0,random
resnet_medium__label_6__idx_4225,CIFAR100_resnet_medium,fix_mask,False,0,0.0039,1024,0.7592034339904785,"[0, 0, 31, 31]",309,2763,3072,10.05859375,random
resnet_medium__label_6__idx_4225,CIFAR100_resnet_medium,fix_nonmask,False,0,0.0039,1024,0.7592034339904785,"[0, 0, 31, 31]",2763,309,3072,89.94140625,random
resnet_medium__label_70__idx_3285,CIFAR100_resnet_medium,global,True,-1,0.0039,1024,,,3072,0,3072,100.0,random
resnet_medium__label_70__idx_3285,CIFAR100_resnet_medium,fix_mask,False,0,0.0039,1024,0.8102315664291382,"[0, 0, 31, 31]",489,2583,3072,15.91796875,random
resnet_medium__label_70__idx_3285,CIFAR100_resnet_medium,fix_nonmask,False,0,0.0039,1024,0.8102315664291382,"[0, 0, 31, 31]",2583,489,3072,84.08203125,random
resnet_medium__label_71__idx_752,CIFAR100_resnet_medium,global,True,-1,0.0039,1024,,,3072,0,3072,100.0,random
resnet_medium__label_71__idx_752,CIFAR100_resnet_medium,fix_mask,False,0,0.0039,1024,0.4793418049812317,"[0, 0, 31, 31]",0,3072,3072,0.0,random
resnet_medium__label_71__idx_752,CIFAR100_resnet_medium,fix_nonmask,False,0,0.0039,1024,0.4793418049812317,"[0, 0, 31, 31]",3072,0,3072,100.0,random
resnet_medium__label_72__idx_792,CIFAR100_resnet_medium,global,True,-1,0.0039,1024,,,3072,0,3072,100.0,random
resnet_medium__label_72__idx_792,CIFAR100_resnet_medium,fix_mask,False,0,0.0039,1024,0.8892199993133545,"[0, 0, 29, 31]",837,2235,3072,27.24609375,random
resnet_medium__label_72__idx_792,CIFAR100_resnet_medium,fix_nonmask,False,0,0.0039,1024,0.8892199993133545,"[0, 0, 29, 31]",2235,837,3072,72.75390625,random
resnet_medium__label_73__idx_1800,CIFAR100_resnet_medium,global,True,-1,0.0039,1024,,,3072,0,3072,100.0,random
resnet_medium__label_73__idx_1800,CIFAR100_resnet_medium,fix_mask,False,0,0.0039,1024,0.6951695084571838,"[0, 0, 31, 31]",24,3048,3072,0.78125,random
resnet_medium__label_73__idx_1800,CIFAR100_resnet_medium,fix_nonmask,False,0,0.0039,1024,0.6951695084571838,"[0, 0, 31, 31]",3048,24,3072,99.21875,random
resnet_medium__label_74__idx_9092,CIFAR100_resnet_medium,global,True,-1,0.0039,1024,,,3072,0,3072,100.0,random
resnet_medium__label_74__idx_9092,CIFAR100_resnet_medium,fix_mask,False,0,0.0039,1024,0.7732676267623901,"[2, 0, 31, 31]",381,2691,3072,12.40234375,random
resnet_medium__label_74__idx_9092,CIFAR100_resnet_medium,fix_nonmask,False,0,0.0039,1024,0.7732676267623901,"[2, 0, 31, 31]",2691,381,3072,87.59765625,random
resnet_medium__label_75__idx_4400,CIFAR100_resnet_medium,global,True,-1,0.0039,1024,,,3072,0,3072,100.0,random
resnet_medium__label_75__idx_4400,CIFAR100_resnet_medium,fix_mask,False,0,0.0039,1024,0.658602774143219,"[0, 0, 31, 31]",483,2589,3072,15.72265625,random
resnet_medium__label_75__idx_4400,CIFAR100_resnet_medium,fix_nonmask,False,0,0.0039,1024,0.658602774143219,"[0, 0, 31, 31]",2589,483,3072,84.27734375,random
resnet_medium__label_76__idx_1471,CIFAR100_resnet_medium,global,True,-1,0.0039,1024,,,3072,0,3072,100.0,random
resnet_medium__label_76__idx_1471,CIFAR100_resnet_medium,fix_mask,False,0,0.0039,1024,0.5127723217010498,"[0, 0, 31, 31]",336,2736,3072,10.9375,random
resnet_medium__label_76__idx_1471,CIFAR100_resnet_medium,fix_nonmask,False,0,0.0039,1024,0.5127723217010498,"[0, 0, 31, 31]",2736,336,3072,89.0625,random
resnet_medium__label_79__idx_3741,CIFAR100_resnet_medium,global,True,-1,0.0039,1024,,,3072,0,3072,100.0,random
resnet_medium__label_79__idx_3741,CIFAR100_resnet_medium,fix_mask,False,0,0.0039,1024,0.8252575993537903,"[0, 0, 29, 31]",576,2496,3072,18.75,random
resnet_medium__label_79__idx_3741,CIFAR100_resnet_medium,fix_nonmask,False,0,0.0039,1024,0.8252575993537903,"[0, 0, 29, 31]",2496,576,3072,81.25,random
resnet_medium__label_79__idx_5430,CIFAR100_resnet_medium,global,True,-1,0.0039,1024,,,3072,0,3072,100.0,random
resnet_medium__label_79__idx_5430,CIFAR100_resnet_medium,fix_mask,False,0,0.0039,1024,0.7288994193077087,"[0, 0, 31, 31]",414,2658,3072,13.4765625,random
resnet_medium__label_79__idx_5430,CIFAR100_resnet_medium,fix_nonmask,False,0,0.0039,1024,0.7288994193077087,"[0, 0, 31, 31]",2658,414,3072,86.5234375,random
resnet_medium__label_7__idx_1605,CIFAR100_resnet_medium,global,True,-1,0.0039,1024,,,3072,0,3072,100.0,random
resnet_medium__label_7__idx_1605,CIFAR100_resnet_medium,fix_mask,False,0,0.0039,1024,0.5656781196594238,"[0, 0, 31, 31]",180,2892,3072,5.859375,random
resnet_medium__label_7__idx_1605,CIFAR100_resnet_medium,fix_nonmask,False,0,0.0039,1024,0.5656781196594238,"[0, 0, 31, 31]",2892,180,3072,94.140625,random
resnet_medium__label_80__idx_1690,CIFAR100_resnet_medium,global,True,-1,0.0039,1024,,,3072,0,3072,100.0,random
resnet_medium__label_80__idx_1690,CIFAR100_resnet_medium,fix_mask,False,0,0.0039,1024,0.7390722036361694,"[0, 0, 31, 31]",60,3012,3072,1.953125,random
resnet_medium__label_80__idx_1690,CIFAR100_resnet_medium,fix_nonmask,False,0,0.0039,1024,0.7390722036361694,"[0, 0, 31, 31]",3012,60,3072,98.046875,random
resnet_medium__label_80__idx_3620,CIFAR100_resnet_medium,global,True,-1,0.0039,1024,,,3072,0,3072,100.0,random
resnet_medium__label_80__idx_3620,CIFAR100_resnet_medium,fix_mask,False,0,0.0039,1024,0.7725549340248108,"[0, 0, 31, 31]",585,2487,3072,19.04296875,random
resnet_medium__label_80__idx_3620,CIFAR100_resnet_medium,fix_nonmask,False,0,0.0039,1024,0.7725549340248108,"[0, 0, 31, 31]",2487,585,3072,80.95703125,random
resnet_medium__label_80__idx_9109,CIFAR100_resnet_medium,global,True,-1,0.0039,1024,,,3072,0,3072,100.0,random
resnet_medium__label_80__idx_9109,CIFAR100_resnet_medium,fix_mask,False,0,0.0039,1024,0.8558412194252014,"[0, 0, 30, 31]",852,2220,3072,27.734375,random
resnet_medium__label_80__idx_9109,CIFAR100_resnet_medium,fix_nonmask,False,0,0.0039,1024,0.8558412194252014,"[0, 0, 30, 31]",2220,852,3072,72.265625,random
resnet_medium__label_81__idx_6695,CIFAR100_resnet_medium,global,True,-1,0.0039,1024,,,3072,0,3072,100.0,random
resnet_medium__label_81__idx_6695,CIFAR100_resnet_medium,fix_mask,False,0,0.0039,1024,0.5336470603942871,"[0, 0, 31, 31]",633,2439,3072,20.60546875,random
resnet_medium__label_81__idx_6695,CIFAR100_resnet_medium,fix_nonmask,False,0,0.0039,1024,0.5336470603942871,"[0, 0, 31, 31]",2439,633,3072,79.39453125,random
resnet_medium__label_83__idx_5815,CIFAR100_resnet_medium,global,True,-1,0.0039,1024,,,3072,0,3072,100.0,random
resnet_medium__label_83__idx_5815,CIFAR100_resnet_medium,fix_mask,False,0,0.0039,1024,0.5346613526344299,"[0, 0, 30, 31]",1017,2055,3072,33.10546875,random
resnet_medium__label_83__idx_5815,CIFAR100_resnet_medium,fix_nonmask,False,0,0.0039,1024,0.5346613526344299,"[0, 0, 30, 31]",2055,1017,3072,66.89453125,random
resnet_medium__label_84__idx_8846,CIFAR100_resnet_medium,global,True,-1,0.0039,1024,,,3072,0,3072,100.0,random
resnet_medium__label_84__idx_8846,CIFAR100_resnet_medium,fix_mask,False,0,0.0039,1024,0.73501056432724,"[0, 0, 31, 31]",396,2676,3072,12.890625,random
resnet_medium__label_84__idx_8846,CIFAR100_resnet_medium,fix_nonmask,False,0,0.0039,1024,0.73501056432724,"[0, 0, 31, 31]",2676,396,3072,87.109375,random
resnet_medium__label_85__idx_2810,CIFAR100_resnet_medium,global,True,-1,0.0039,1024,,,3072,0,3072,100.0,random
resnet_medium__label_85__idx_2810,CIFAR100_resnet_medium,fix_mask,False,0,0.0039,1024,0.5551390647888184,"[0, 0, 31, 31]",864,2208,3072,28.125,random
resnet_medium__label_85__idx_2810,CIFAR100_resnet_medium,fix_nonmask,False,0,0.0039,1024,0.5551390647888184,"[0, 0, 31, 31]",2208,864,3072,71.875,random
resnet_medium__label_85__idx_9936,CIFAR100_resnet_medium,global,True,-1,0.0039,1024,,,3072,0,3072,100.0,random
resnet_medium__label_85__idx_9936,CIFAR100_resnet_medium,fix_mask,False,0,0.0039,1024,0.5917245745658875,"[0, 0, 31, 31]",582,2490,3072,18.9453125,random
resnet_medium__label_85__idx_9936,CIFAR100_resnet_medium,fix_nonmask,False,0,0.0039,1024,0.5917245745658875,"[0, 0, 31, 31]",2490,582,3072,81.0546875,random
resnet_medium__label_88__idx_4719,CIFAR100_resnet_medium,global,True,-1,0.0039,1024,,,3072,0,3072,100.0,random
resnet_medium__label_88__idx_4719,CIFAR100_resnet_medium,fix_mask,False,0,0.0039,1024,0.8555042743682861,"[0, 0, 31, 31]",156,2916,3072,5.078125,random
resnet_medium__label_88__idx_4719,CIFAR100_resnet_medium,fix_nonmask,False,0,0.0039,1024,0.8555042743682861,"[0, 0, 31, 31]",2916,156,3072,94.921875,random
resnet_medium__label_88__idx_533,CIFAR100_resnet_medium,global,True,-1,0.0039,1024,,,3072,0,3072,100.0,random
resnet_medium__label_88__idx_533,CIFAR100_resnet_medium,fix_mask,False,0,0.0039,1024,0.8875133991241455,"[0, 0, 31, 31]",822,2250,3072,26.7578125,random
resnet_medium__label_88__idx_533,CIFAR100_resnet_medium,fix_nonmask,False,0,0.0039,1024,0.8875133991241455,"[0, 0, 31, 31]",2250,822,3072,73.2421875,random
resnet_medium__label_88__idx_6654,CIFAR100_resnet_medium,global,True,-1,0.0039,1024,,,3072,0,3072,100.0,random
resnet_medium__label_88__idx_6654,CIFAR100_resnet_medium,fix_mask,False,0,0.0039,1024,0.8095889091491699,"[0, 0, 31, 31]",726,2346,3072,23.6328125,random
resnet_medium__label_88__idx_6654,CIFAR100_resnet_medium,fix_nonmask,False,0,0.0039,1024,0.8095889091491699,"[0, 0, 31, 31]",2346,726,3072,76.3671875,random
resnet_medium__label_89__idx_3301,CIFAR100_resnet_medium,global,True,-1,0.0039,1024,,,3072,0,3072,100.0,random
resnet_medium__label_89__idx_3301,CIFAR100_resnet_medium,fix_mask,False,0,0.0039,1024,0.6719496846199036,"[0, 0, 31, 31]",738,2334,3072,24.0234375,random
resnet_medium__label_89__idx_3301,CIFAR100_resnet_medium,fix_nonmask,False,0,0.0039,1024,0.6719496846199036,"[0, 0, 31, 31]",2334,738,3072,75.9765625,random
resnet_medium__label_89__idx_7265,CIFAR100_resnet_medium,global,True,-1,0.0039,1024,,,3072,0,3072,100.0,random
resnet_medium__label_89__idx_7265,CIFAR100_resnet_medium,fix_mask,False,0,0.0039,1024,0.5140146017074585,"[0, 0, 31, 31]",555,2517,3072,18.06640625,random
resnet_medium__label_89__idx_7265,CIFAR100_resnet_medium,fix_nonmask,False,0,0.0039,1024,0.5140146017074585,"[0, 0, 31, 31]",2517,555,3072,81.93359375,random
resnet_medium__label_8__idx_1540,CIFAR100_resnet_medium,global,True,-1,0.0039,1024,,,3072,0,3072,100.0,random
resnet_medium__label_8__idx_1540,CIFAR100_resnet_medium,fix_mask,False,0,0.0039,1024,0.8141963481903076,"[0, 0, 31, 31]",1263,1809,3072,41.11328125,random
resnet_medium__label_8__idx_1540,CIFAR100_resnet_medium,fix_nonmask,False,0,0.0039,1024,0.8141963481903076,"[0, 0, 31, 31]",1809,1263,3072,58.88671875,random
resnet_medium__label_90__idx_2721,CIFAR100_resnet_medium,global,True,-1,0.0039,1024,,,3072,0,3072,100.0,random
resnet_medium__label_90__idx_2721,CIFAR100_resnet_medium,fix_mask,False,0,0.0039,1024,0.7578432559967041,"[0, 0, 31, 31]",576,2496,3072,18.75,random
resnet_medium__label_90__idx_2721,CIFAR100_resnet_medium,fix_nonmask,False,0,0.0039,1024,0.7578432559967041,"[0, 0, 31, 31]",2496,576,3072,81.25,random
resnet_medium__label_91__idx_200,CIFAR100_resnet_medium,global,True,-1,0.0039,1024,,,3072,0,3072,100.0,random
resnet_medium__label_91__idx_200,CIFAR100_resnet_medium,fix_mask,False,0,0.0039,1024,0.8057619333267212,"[0, 0, 31, 31]",381,2691,3072,12.40234375,random
resnet_medium__label_91__idx_200,CIFAR100_resnet_medium,fix_nonmask,False,0,0.0039,1024,0.8057619333267212,"[0, 0, 31, 31]",2691,381,3072,87.59765625,random
resnet_medium__label_92__idx_1041,CIFAR100_resnet_medium,global,True,-1,0.0039,1024,,,3072,0,3072,100.0,random
resnet_medium__label_92__idx_1041,CIFAR100_resnet_medium,fix_mask,False,0,0.0039,1024,0.5664612650871277,"[0, 1, 31, 31]",894,2178,3072,29.1015625,random
resnet_medium__label_92__idx_1041,CIFAR100_resnet_medium,fix_nonmask,False,0,0.0039,1024,0.5664612650871277,"[0, 1, 31, 31]",2178,894,3072,70.8984375,random
resnet_medium__label_92__idx_6225,CIFAR100_resnet_medium,global,True,-1,0.0039,1024,,,3072,0,3072,100.0,random
resnet_medium__label_92__idx_6225,CIFAR100_resnet_medium,fix_mask,False,0,0.0039,1024,0.41990548372268677,"[0, 0, 31, 31]",1560,1512,3072,50.78125,random
resnet_medium__label_92__idx_6225,CIFAR100_resnet_medium,fix_nonmask,False,0,0.0039,1024,0.41990548372268677,"[0, 0, 31, 31]",1512,1560,3072,49.21875,random
resnet_medium__label_92__idx_7841,CIFAR100_resnet_medium,global,True,-1,0.0039,1024,,,3072,0,3072,100.0,random
resnet_medium__label_92__idx_7841,CIFAR100_resnet_medium,fix_mask,False,0,0.0039,1024,0.6613807082176208,"[0, 0, 29, 31]",1233,1839,3072,40.13671875,random
resnet_medium__label_92__idx_7841,CIFAR100_resnet_medium,fix_nonmask,False,0,0.0039,1024,0.6613807082176208,"[0, 0, 29, 31]",1839,1233,3072,59.86328125,random
resnet_medium__label_93__idx_6196,CIFAR100_resnet_medium,global,True,-1,0.0039,1024,,,3072,0,3072,100.0,random
resnet_medium__label_93__idx_6196,CIFAR100_resnet_medium,fix_mask,False,0,0.0039,1024,0.8155847191810608,"[0, 0, 30, 31]",690,2382,3072,22.4609375,random
resnet_medium__label_93__idx_6196,CIFAR100_resnet_medium,fix_nonmask,False,0,0.0039,1024,0.8155847191810608,"[0, 0, 30, 31]",2382,690,3072,77.5390625,random
resnet_medium__label_96__idx_3701,CIFAR100_resnet_medium,global,True,-1,0.0039,1024,,,3072,0,3072,100.0,random
resnet_medium__label_96__idx_3701,CIFAR100_resnet_medium,fix_mask,False,0,0.0039,1024,0.8700971007347107,"[0, 0, 30, 31]",291,2781,3072,9.47265625,random
resnet_medium__label_96__idx_3701,CIFAR100_resnet_medium,fix_nonmask,False,0,0.0039,1024,0.8700971007347107,"[0, 0, 30, 31]",2781,291,3072,90.52734375,random
resnet_medium__label_96__idx_5577,CIFAR100_resnet_medium,global,True,-1,0.0039,1024,,,3072,0,3072,100.0,random
resnet_medium__label_96__idx_5577,CIFAR100_resnet_medium,fix_mask,False,0,0.0039,1024,0.34157392382621765,"[0, 0, 31, 30]",411,2661,3072,13.37890625,random
resnet_medium__label_96__idx_5577,CIFAR100_resnet_medium,fix_nonmask,False,0,0.0039,1024,0.34157392382621765,"[0, 0, 31, 30]",2661,411,3072,86.62109375,random
resnet_medium__label_96__idx_9183,CIFAR100_resnet_medium,global,True,-1,0.0039,1024,,,3072,0,3072,100.0,random
resnet_medium__label_96__idx_9183,CIFAR100_resnet_medium,fix_mask,False,0,0.0039,1024,0.5355387330055237,"[0, 0, 31, 31]",669,2403,3072,21.77734375,random
resnet_medium__label_96__idx_9183,CIFAR100_resnet_medium,fix_nonmask,False,0,0.0039,1024,0.5355387330055237,"[0, 0, 31, 31]",2403,669,3072,78.22265625,random
resnet_medium__label_98__idx_40,CIFAR100_resnet_medium,global,True,-1,0.0039,1024,,,3072,0,3072,100.0,random
resnet_medium__label_98__idx_40,CIFAR100_resnet_medium,fix_mask,False,0,0.0039,1024,0.7708793878555298,"[0, 0, 31, 31]",63,3009,3072,2.05078125,random
resnet_medium__label_98__idx_40,CIFAR100_resnet_medium,fix_nonmask,False,0,0.0039,1024,0.7708793878555298,"[0, 0, 31, 31]",3009,63,3072,97.94921875,random
resnet_medium__label_99__idx_3584,CIFAR100_resnet_medium,global,True,-1,0.0039,1024,,,3072,0,3072,100.0,random
resnet_medium__label_99__idx_3584,CIFAR100_resnet_medium,fix_mask,False,0,0.0039,1024,0.8602873682975769,"[0, 0, 31, 31]",0,3072,3072,0.0,random
resnet_medium__label_99__idx_3584,CIFAR100_resnet_medium,fix_nonmask,False,0,0.0039,1024,0.8602873682975769,"[0, 0, 31, 31]",3072,0,3072,100.0,random
resnet_medium__label_9__idx_4461,CIFAR100_resnet_medium,global,True,-1,0.0039,1024,,,3072,0,3072,100.0,random
resnet_medium__label_9__idx_4461,CIFAR100_resnet_medium,fix_mask,False,0,0.0039,1024,0.8504783511161804,"[0, 0, 30, 31]",660,2412,3072,21.484375,random
resnet_medium__label_9__idx_4461,CIFAR100_resnet_medium,fix_nonmask,False,0,0.0039,1024,0.8504783511161804,"[0, 0, 30, 31]",2412,660,3072,78.515625,random
resnet_medium__label_9__idx_6416,CIFAR100_resnet_medium,global,True,-1,0.0039,1024,,,3072,0,3072,100.0,random
resnet_medium__label_9__idx_6416,CIFAR100_resnet_medium,fix_mask,False,0,0.0039,1024,0.4968852698802948,"[0, 0, 30, 31]",249,2823,3072,8.10546875,random
resnet_medium__label_9__idx_6416,CIFAR100_resnet_medium,fix_nonmask,False,0,0.0039,1024,0.4968852698802948,"[0, 0, 30, 31]",2823,249,3072,91.89453125,random
resnet_medium__label_9__idx_7593,CIFAR100_resnet_medium,global,True,-1,0.0039,1024,,,3072,0,3072,100.0,random
resnet_medium__label_9__idx_7593,CIFAR100_resnet_medium,fix_mask,False,0,0.0039,1024,0.8502874970436096,"[0, 0, 31, 31]",42,3030,3072,1.3671875,random
resnet_medium__label_9__idx_7593,CIFAR100_resnet_medium,fix_nonmask,False,0,0.0039,1024,0.8502874970436096,"[0, 0, 31, 31]",3030,42,3072,98.6328125,random
