image,k,eps,segment_index,model,onnx,fix_mask_row_index,fix_nonmask_row_index,fix_mask_old_result,fix_mask_new_result,fix_nonmask_old_result,fix_nonmask_new_result,result_differed,fix_mask_old_bab_time,fix_mask_new_bab_time,fix_nonmask_old_bab_time,fix_nonmask_new_bab_time,bab_time_differed,fix_mask_old_all_time,fix_mask_new_all_time,fix_nonmask_old_all_time,fix_nonmask_new_all_time,all_time_differed,any_swapped_value_changed
n01518878_ostrich,1568.0,0.0001,0.0,vgg16-7,onnx/vgg16-7.onnx,19,20,sat False,sat False,sat False,sat False,False,1.810232162475586,1.2871761322021484,1.2871761322021484,1.810232162475586,True,7.003755807876587,6.444829940795898,6.444829940795898,7.003755807876587,True,True
n01518878_ostrich,3136.0,0.0001,0.0,vgg16-7,onnx/vgg16-7.onnx,67,68,sat False,sat False,sat False,sat False,False,2.0233912467956543,2.141563653945923,2.141563653945923,2.0233912467956543,True,7.233953475952148,7.375757455825806,7.375757455825806,7.233953475952148,True,True
n01518878_ostrich,6272.0,0.0001,0.0,vgg16-7,onnx/vgg16-7.onnx,139,140,sat False,sat True,sat True,sat False,True,0.8710827827453613,,,0.8710827827453613,True,5.859720945358276,5.491369962692261,5.491369962692261,5.859720945358276,True,True
n01518878_ostrich,12544.0,0.0001,0.0,vgg16-7,onnx/vgg16-7.onnx,43,44,sat False,sat True,sat True,sat False,True,1.477886199951172,,,1.477886199951172,True,6.626713752746582,5.483930349349976,5.483930349349976,6.626713752746582,True,True
n01518878_ostrich,25088.0,0.0001,0.0,vgg16-7,onnx/vgg16-7.onnx,91,92,sat True,sat True,sat True,sat True,False,,,,,False,5.37790846824646,5.618869781494141,5.618869781494141,5.37790846824646,True,True
n01518878_ostrich,50176.0,0.0001,0.0,vgg16-7,onnx/vgg16-7.onnx,115,116,sat True,sat True,sat True,sat True,False,,,,,False,5.510357856750488,5.507107257843018,5.507107257843018,5.510357856750488,True,True
n01531178_goldfinch,1568.0,0.0001,0.0,vgg16-7,onnx/vgg16-7.onnx,2017,2018,sat False,sat False,sat False,sat False,False,1.9882421493530271,1.7659668922424316,1.7659668922424316,1.9882421493530271,True,7.546809434890747,7.223196506500244,7.223196506500244,7.546809434890747,True,True
n01531178_goldfinch,3136.0,0.0001,0.0,vgg16-7,onnx/vgg16-7.onnx,1956,1957,sat False,sat False,sat False,sat False,False,1.9837653636932373,1.9462511539459229,1.9462511539459229,1.9837653636932373,True,7.512181043624878,7.475342273712158,7.475342273712158,7.512181043624878,True,True
n01531178_goldfinch,6272.0,0.0001,0.0,vgg16-7,onnx/vgg16-7.onnx,1926,1927,sat False,sat True,sat True,sat False,True,2.288175582885742,,,2.288175582885742,True,7.63649845123291,5.659579515457153,5.659579515457153,7.63649845123291,True,True
n01531178_goldfinch,12544.0,0.0001,0.0,vgg16-7,onnx/vgg16-7.onnx,1896,1897,sat False,sat True,sat True,sat False,True,2.0194573402404785,,,2.0194573402404785,True,7.378084897994995,5.697653770446777,5.697653770446777,7.378084897994995,True,True
n01531178_goldfinch,25088.0,0.0001,0.0,vgg16-7,onnx/vgg16-7.onnx,2046,2047,sat True,sat True,sat True,sat True,False,,,,,False,5.933544874191284,5.499202728271484,5.499202728271484,5.933544874191284,True,True
n01531178_goldfinch,50176.0,0.0001,0.0,vgg16-7,onnx/vgg16-7.onnx,1986,1987,sat True,sat True,sat True,sat True,False,,,,,False,5.767087459564209,5.632990121841431,5.632990121841431,5.767087459564209,True,True
n01532829_house_finch,1568.0,0.0001,0.0,vgg16-7,onnx/vgg16-7.onnx,2020,2021,unsat False,unsat False,unsat False,unsat False,False,628.9671947956085,656.4953064918518,656.4953064918518,628.9671947956085,True,634.2215113639832,661.6844034194946,661.6844034194946,634.2215113639832,True,True
n01532829_house_finch,3136.0,0.0001,0.0,vgg16-7,onnx/vgg16-7.onnx,1959,1960,unsat False,unsat False,unsat False,unsat False,False,640.7620334625244,694.0682461261749,694.0682461261749,640.7620334625244,True,646.0925545692444,699.7518124580383,699.7518124580383,646.0925545692444,True,True
n01532829_house_finch,6272.0,0.0001,0.0,vgg16-7,onnx/vgg16-7.onnx,1929,1930,unsat False,unsat False,unsat False,unsat False,False,676.2190892696381,720.1377599239349,720.1377599239349,676.2190892696381,True,681.5289514064789,733.3756356239319,733.3756356239319,681.5289514064789,True,True
n01532829_house_finch,12544.0,0.0001,0.0,vgg16-7,onnx/vgg16-7.onnx,1899,1900,unsat False,unsat False,unsat False,unsat False,False,702.8163509368896,750.789555311203,750.789555311203,702.8163509368896,True,716.0041184425354,763.9817464351654,763.9817464351654,716.0041184425354,True,True
n01532829_house_finch,25088.0,0.0001,0.0,vgg16-7,onnx/vgg16-7.onnx,2049,2050,unsat False,unsat False,unsat False,unsat False,False,736.978630065918,803.4071755409241,803.4071755409241,736.978630065918,True,750.2294178009033,816.8670241832733,816.8670241832733,750.2294178009033,True,True
n01532829_house_finch,50176.0,0.0001,0.0,vgg16-7,onnx/vgg16-7.onnx,1989,1990,unsat False,timeout False,timeout False,unsat False,True,791.1375708580017,3314.7267594337463,3314.7267594337463,791.1375708580017,True,804.3687837123871,3327.983526706696,3327.983526706696,804.3687837123871,True,True
n01537544_indigo_bunting,1568.0,0.0001,0.0,vgg16-7,onnx/vgg16-7.onnx,2026,2027,unsat False,unsat False,unsat False,unsat False,False,641.853698015213,642.9839084148407,642.9839084148407,641.853698015213,True,647.5572054386139,648.1666100025177,648.1666100025177,647.5572054386139,True,True
n01537544_indigo_bunting,3136.0,0.0001,0.0,vgg16-7,onnx/vgg16-7.onnx,1965,1966,unsat False,unsat False,unsat False,unsat False,False,621.2129085063934,687.900130033493,687.900130033493,621.2129085063934,True,626.712682723999,692.988353729248,692.988353729248,626.712682723999,True,True
n01537544_indigo_bunting,6272.0,0.0001,0.0,vgg16-7,onnx/vgg16-7.onnx,1935,1936,unsat False,unsat False,unsat False,unsat False,False,648.9524862766266,711.1015481948853,711.1015481948853,648.9524862766266,True,654.3178081512451,724.3118250370026,724.3118250370026,654.3178081512451,True,True
n01537544_indigo_bunting,12544.0,0.0001,0.0,vgg16-7,onnx/vgg16-7.onnx,1905,1906,unsat False,unsat False,unsat False,unsat False,False,691.4251410961151,731.9096357822418,731.9096357822418,691.4251410961151,True,696.9391367435455,745.3496861457825,745.3496861457825,696.9391367435455,True,True
n01537544_indigo_bunting,25088.0,0.0001,0.0,vgg16-7,onnx/vgg16-7.onnx,2054,2055,unsat False,timeout False,timeout False,unsat False,True,704.1046245098114,3051.07508635521,3051.07508635521,704.1046245098114,True,717.5799927711487,3064.5033071041107,3064.5033071041107,717.5799927711487,True,True
n01537544_indigo_bunting,50176.0,0.0001,0.0,vgg16-7,onnx/vgg16-7.onnx,1994,1995,unsat False,timeout False,timeout False,unsat False,True,740.4823081493378,3051.362909078598,3051.362909078598,740.4823081493378,True,753.8922603130341,3064.606032371521,3064.606032371521,753.8922603130341,True,True
n01558993_robin,1568.0,0.0001,0.0,vgg16-7,onnx/vgg16-7.onnx,2029,2030,unsat False,unsat False,unsat False,unsat False,False,584.7440695762634,587.346301317215,587.346301317215,584.7440695762634,True,591.4696214199066,592.7068574428558,592.7068574428558,591.4696214199066,True,True
n01558993_robin,3136.0,0.0001,0.0,vgg16-7,onnx/vgg16-7.onnx,1968,1969,unsat False,unsat False,unsat False,unsat False,False,605.895352602005,619.56432056427,619.56432056427,605.895352602005,True,612.6508936882019,624.9147164821625,624.9147164821625,612.6508936882019,True,True
n01558993_robin,6272.0,0.0001,0.0,vgg16-7,onnx/vgg16-7.onnx,1938,1939,unsat False,unsat False,unsat False,unsat False,False,638.1433284282684,664.5731899738312,664.5731899738312,638.1433284282684,True,643.5122923851013,677.7560994625092,677.7560994625092,643.5122923851013,True,True
n01558993_robin,12544.0,0.0001,0.0,vgg16-7,onnx/vgg16-7.onnx,1908,1909,unsat False,unsat False,unsat False,unsat False,False,658.0637540817261,674.571300983429,674.571300983429,658.0637540817261,True,670.9910984039307,687.8010046482086,687.8010046482086,670.9910984039307,True,True
n01558993_robin,25088.0,0.0001,0.0,vgg16-7,onnx/vgg16-7.onnx,2058,2059,unsat False,unsat False,unsat False,unsat False,False,680.3367245197296,704.406359910965,704.406359910965,680.3367245197296,True,693.231107711792,717.6245169639587,717.6245169639587,693.231107711792,True,True
n01558993_robin,50176.0,0.0001,0.0,vgg16-7,onnx/vgg16-7.onnx,1998,1999,timeout False,timeout False,timeout False,timeout False,False,2146.871659040451,2241.825859308243,2241.825859308243,2146.871659040451,True,2159.7969975471497,2256.83276629448,2256.83276629448,2159.7969975471497,True,True
n01560419_bulbul,1568.0,0.0001,0.0,vgg16-7,onnx/vgg16-7.onnx,2036,2037,unsat False,unsat False,unsat False,unsat False,False,618.9273569583893,592.9695518016815,592.9695518016815,618.9273569583893,True,622.8522515296936,597.2478098869324,597.2478098869324,622.8522515296936,True,True
n01560419_bulbul,3136.0,0.0001,0.0,vgg16-7,onnx/vgg16-7.onnx,1971,1977,unsat False,unsat False,unsat False,unsat False,False,547.2588970661163,594.4155440330505,594.4155440330505,547.2588970661163,True,552.8088731765747,598.7851622104645,598.7851622104645,552.8088731765747,True,True
n01560419_bulbul,6272.0,0.0001,0.0,vgg16-7,onnx/vgg16-7.onnx,1941,1947,unsat False,unsat False,unsat False,unsat False,False,570.0251550674438,647.4367706775665,647.4367706775665,570.0251550674438,True,575.6569945812225,659.7364885807037,659.7364885807037,575.6569945812225,True,True
n01560419_bulbul,12544.0,0.0001,0.0,vgg16-7,onnx/vgg16-7.onnx,1911,1917,unsat False,unsat False,unsat False,unsat False,False,619.3090674877167,670.2902240753174,670.2902240753174,619.3090674877167,True,633.110767364502,682.4104812145233,682.4104812145233,633.110767364502,True,True
n01560419_bulbul,25088.0,0.0001,0.0,vgg16-7,onnx/vgg16-7.onnx,2061,2067,unsat False,unsat False,unsat False,unsat False,False,643.0446698665619,698.5218670368195,698.5218670368195,643.0446698665619,True,655.8716907501221,710.4485766887665,710.4485766887665,655.8716907501221,True,True
n01560419_bulbul,50176.0,0.0001,0.0,vgg16-7,onnx/vgg16-7.onnx,2001,2007,unsat False,unsat False,unsat False,unsat False,False,662.4849622249603,734.6046755313873,734.6046755313873,662.4849622249603,True,675.2166385650635,746.4372336864471,746.4372336864471,675.2166385650635,True,True
n01580077_jay,1568.0,0.0001,0.0,vgg16-7,onnx/vgg16-7.onnx,2039,2032,sat False,sat False,sat False,sat False,False,1.7513086795806885,1.7037208080291748,1.7037208080291748,1.7513086795806885,True,5.750699996948242,7.1418421268463135,7.1418421268463135,5.750699996948242,True,True
n01580077_jay,3136.0,0.0001,0.0,vgg16-7,onnx/vgg16-7.onnx,1979,1972,sat False,sat False,sat False,sat False,False,1.7927632331848145,1.1989457607269287,1.1989457607269287,1.7927632331848145,True,5.701122045516968,6.6308557987213135,6.6308557987213135,5.701122045516968,True,True
n01580077_jay,6272.0,0.0001,0.0,vgg16-7,onnx/vgg16-7.onnx,1949,1942,sat False,sat True,sat True,sat False,True,2.261630058288574,,,2.261630058288574,True,6.378659009933472,5.638402462005615,5.638402462005615,6.378659009933472,True,True
n01580077_jay,12544.0,0.0001,0.0,vgg16-7,onnx/vgg16-7.onnx,1919,1912,sat False,sat True,sat True,sat False,True,2.175456285476685,,,2.175456285476685,True,6.256426572799683,5.638405084609985,5.638405084609985,6.256426572799683,True,True
n01580077_jay,25088.0,0.0001,0.0,vgg16-7,onnx/vgg16-7.onnx,2069,2062,sat True,sat True,sat True,sat True,False,,,,,False,4.261873960494995,5.784434080123901,5.784434080123901,4.261873960494995,True,True
n01580077_jay,50176.0,0.0001,0.0,vgg16-7,onnx/vgg16-7.onnx,2009,2002,sat True,sat True,sat True,sat True,False,,,,,False,4.627449989318848,5.706465721130371,5.706465721130371,4.627449989318848,True,True
n01582220_magpie,1568.0,0.0001,0.0,vgg16-7,onnx/vgg16-7.onnx,2034,2035,unsat False,unsat False,unsat False,unsat False,False,645.4306783676147,652.9368238449097,652.9368238449097,645.4306783676147,True,653.2785708904266,660.501678943634,660.501678943634,653.2785708904266,True,True
n01582220_magpie,3136.0,0.0001,0.0,vgg16-7,onnx/vgg16-7.onnx,1974,1975,unsat False,unsat False,unsat False,unsat False,False,607.533087015152,681.4182178974152,681.4182178974152,607.533087015152,True,615.0876865386963,688.9299623966217,688.9299623966217,615.0876865386963,True,True
n01582220_magpie,6272.0,0.0001,0.0,vgg16-7,onnx/vgg16-7.onnx,1944,1945,unsat False,unsat False,unsat False,unsat False,False,644.2057609558105,699.309014081955,699.309014081955,644.2057609558105,True,652.1524090766907,712.9929659366608,712.9929659366608,652.1524090766907,True,True
n01582220_magpie,12544.0,0.0001,0.0,vgg16-7,onnx/vgg16-7.onnx,1914,1915,unsat False,unsat False,unsat False,unsat False,False,685.5938622951508,734.8878281116486,734.8878281116486,685.5938622951508,True,691.2778298854828,750.3445675373077,750.3445675373077,691.2778298854828,True,True
n01582220_magpie,25088.0,0.0001,0.0,vgg16-7,onnx/vgg16-7.onnx,2064,2065,unsat False,unsat False,unsat False,unsat False,False,683.0939874649048,825.4644811153412,825.4644811153412,683.0939874649048,True,696.0914933681488,840.5221915245056,840.5221915245056,696.0914933681488,True,True
n01582220_magpie,50176.0,0.0001,0.0,vgg16-7,onnx/vgg16-7.onnx,2004,2005,unsat False,timeout False,timeout False,unsat False,True,732.0687773227692,2940.4309055805206,2940.4309055805206,732.0687773227692,True,744.9759788513184,2955.8710765838623,2955.8710765838623,744.9759788513184,True,True
n01592084_chickadee,1568.0,0.0001,0.0,vgg16-7,onnx/vgg16-7.onnx,2011,2012,unsat False,unsat False,unsat False,unsat False,False,609.4124610424042,615.7068581581116,615.7068581581116,609.4124610424042,True,614.6872282028198,620.8600342273712,620.8600342273712,614.6872282028198,True,True
n01592084_chickadee,3136.0,0.0001,0.0,vgg16-7,onnx/vgg16-7.onnx,1950,1951,unsat False,unsat False,unsat False,unsat False,False,623.7167534828186,658.9463067054749,658.9463067054749,623.7167534828186,True,628.8824505805969,664.1454169750214,664.1454169750214,628.8824505805969,True,True
n01592084_chickadee,6272.0,0.0001,0.0,vgg16-7,onnx/vgg16-7.onnx,1920,1921,unsat False,unsat False,unsat False,unsat False,False,651.8582739830017,694.6233687400818,694.6233687400818,651.8582739830017,True,657.5921366214752,707.8412752151489,707.8412752151489,657.5921366214752,True,True
n01592084_chickadee,12544.0,0.0001,0.0,vgg16-7,onnx/vgg16-7.onnx,1890,1891,unsat False,unsat False,unsat False,unsat False,False,704.4486875534058,736.0753378868103,736.0753378868103,704.4486875534058,True,719.2139973640442,749.4284977912903,749.4284977912903,719.2139973640442,True,True
n01592084_chickadee,25088.0,0.0001,0.0,vgg16-7,onnx/vgg16-7.onnx,2040,2041,unsat False,unsat False,unsat False,unsat False,False,752.3392808437347,760.9221742153168,760.9221742153168,752.3392808437347,True,765.7872083187103,774.094776391983,774.094776391983,765.7872083187103,True,True
n01592084_chickadee,50176.0,0.0001,0.0,vgg16-7,onnx/vgg16-7.onnx,1981,1982,unsat False,timeout False,timeout False,unsat False,True,776.7354643344879,2658.209468126297,2658.209468126297,776.7354643344879,True,790.131511926651,2671.4047091007237,2671.4047091007237,790.131511926651,True,True
n01601694_water_ouzel,1568.0,0.0001,0.0,vgg16-7,onnx/vgg16-7.onnx,2014,2015,sat False,sat False,sat False,sat False,False,1.2642581462860107,0.8938257694244385,0.8938257694244385,1.2642581462860107,True,6.612001180648804,5.993468523025513,5.993468523025513,6.612001180648804,True,True
n01601694_water_ouzel,3136.0,0.0001,0.0,vgg16-7,onnx/vgg16-7.onnx,1953,1954,sat False,sat False,sat False,sat False,False,1.7404396533966064,0.9117145538330078,0.9117145538330078,1.7404396533966064,True,7.009194850921631,6.283998012542725,6.283998012542725,7.009194850921631,True,True
n01601694_water_ouzel,6272.0,0.0001,0.0,vgg16-7,onnx/vgg16-7.onnx,1923,1924,sat False,sat True,sat True,sat False,True,1.979299783706665,,,1.979299783706665,True,7.338235378265381,5.64095950126648,5.64095950126648,7.338235378265381,True,True
n01601694_water_ouzel,12544.0,0.0001,0.0,vgg16-7,onnx/vgg16-7.onnx,1893,1894,sat True,sat True,sat True,sat True,False,,,,,False,5.443689346313477,5.78180193901062,5.78180193901062,5.443689346313477,True,True
n01601694_water_ouzel,25088.0,0.0001,0.0,vgg16-7,onnx/vgg16-7.onnx,2043,2044,sat True,sat True,sat True,sat True,False,,,,,False,5.483647584915161,5.627808094024658,5.627808094024658,5.483647584915161,True,True
n01601694_water_ouzel,50176.0,0.0001,0.0,vgg16-7,onnx/vgg16-7.onnx,1984,1985,sat True,sat True,sat True,sat True,False,,,,,False,5.557185173034668,5.497887134552002,5.497887134552002,5.557185173034668,True,True
n01629819_European_fire_salamander,1568.0,0.0001,0.0,vgg16-7,onnx/vgg16-7.onnx,1879,1880,sat False,sat False,sat False,sat False,False,1.1693365573883057,2.009626626968384,2.009626626968384,1.1693365573883057,True,6.43955135345459,7.256384134292603,7.256384134292603,6.43955135345459,True,True
n01629819_European_fire_salamander,3136.0,0.0001,0.0,vgg16-7,onnx/vgg16-7.onnx,1843,1844,sat False,sat False,sat False,sat False,False,1.7831037044525146,1.2589027881622314,1.2589027881622314,1.7831037044525146,True,7.1171555519104,6.648482084274292,6.648482084274292,7.1171555519104,True,True
n01629819_European_fire_salamander,6272.0,0.0001,0.0,vgg16-7,onnx/vgg16-7.onnx,1789,1790,sat False,sat True,sat True,sat False,True,1.802290439605713,,,1.802290439605713,True,7.141428709030151,5.597857475280762,5.597857475280762,7.141428709030151,True,True
n01629819_European_fire_salamander,12544.0,0.0001,0.0,vgg16-7,onnx/vgg16-7.onnx,1825,1826,sat True,sat True,sat True,sat True,False,,,,,False,5.517526388168335,5.414797306060791,5.414797306060791,5.517526388168335,True,True
n01629819_European_fire_salamander,25088.0,0.0001,0.0,vgg16-7,onnx/vgg16-7.onnx,1861,1862,sat True,sat True,sat True,sat True,False,,,,,False,5.519138336181641,5.665360450744629,5.665360450744629,5.519138336181641,True,True
n01629819_European_fire_salamander,50176.0,0.0001,0.0,vgg16-7,onnx/vgg16-7.onnx,1807,1808,sat True,sat True,sat True,sat True,False,,,,,False,5.385877370834351,5.5476720333099365,5.5476720333099365,5.385877370834351,True,True
n01632458_spotted_salamander,1568.0,0.0001,0.0,vgg16-7,onnx/vgg16-7.onnx,1885,1886,sat False,sat False,sat False,sat False,False,1.82320237159729,2.1925666332244877,2.1925666332244877,1.82320237159729,True,7.032163858413696,7.407870531082153,7.407870531082153,7.032163858413696,True,True
n01632458_spotted_salamander,3136.0,0.0001,0.0,vgg16-7,onnx/vgg16-7.onnx,1849,1850,sat False,sat False,sat False,sat False,False,0.919001579284668,1.174576997756958,1.174576997756958,0.919001579284668,True,6.193359136581421,6.2974913120269775,6.2974913120269775,6.193359136581421,True,True
n01632458_spotted_salamander,6272.0,0.0001,0.0,vgg16-7,onnx/vgg16-7.onnx,1795,1796,sat False,sat True,sat True,sat False,True,1.925498485565185,,,1.925498485565185,True,7.213739395141602,5.423556327819824,5.423556327819824,7.213739395141602,True,True
n01632458_spotted_salamander,12544.0,0.0001,0.0,vgg16-7,onnx/vgg16-7.onnx,1831,1832,sat True,sat True,sat True,sat True,False,,,,,False,5.549942255020142,5.559710502624512,5.559710502624512,5.549942255020142,True,True
n01632458_spotted_salamander,25088.0,0.0001,0.0,vgg16-7,onnx/vgg16-7.onnx,1867,1868,sat True,sat True,sat True,sat True,False,,,,,False,5.478105068206787,5.444252252578735,5.444252252578735,5.478105068206787,True,True
n01632458_spotted_salamander,50176.0,0.0001,0.0,vgg16-7,onnx/vgg16-7.onnx,1813,1814,sat True,sat True,sat True,sat True,False,,,,,False,5.5715172290802,5.4339988231658936,5.4339988231658936,5.5715172290802,True,True
n01665541_leatherback_turtle,1568.0,0.0001,0.0,vgg16-7,onnx/vgg16-7.onnx,2980,2981,unsat False,unsat False,unsat False,unsat False,False,637.8791666030884,643.3069279193878,643.3069279193878,637.8791666030884,True,643.1495451927185,648.5547540187836,648.5547540187836,643.1495451927185,True,True
n01665541_leatherback_turtle,3136.0,0.0001,0.0,vgg16-7,onnx/vgg16-7.onnx,3034,3035,unsat False,unsat False,unsat False,unsat False,False,631.2003552913666,673.3319551944733,673.3319551944733,631.2003552913666,True,636.4163107872009,678.5594322681427,678.5594322681427,636.4163107872009,True,True
n01665541_leatherback_turtle,6272.0,0.0001,0.0,vgg16-7,onnx/vgg16-7.onnx,3115,3116,unsat False,unsat False,unsat False,unsat False,False,632.5093033313751,699.6599736213684,699.6599736213684,632.5093033313751,True,637.7642815113068,713.1837735176086,713.1837735176086,637.7642815113068,True,True
n01665541_leatherback_turtle,12544.0,0.0001,0.0,vgg16-7,onnx/vgg16-7.onnx,3007,3008,unsat False,unsat False,unsat False,unsat False,False,663.3811058998108,722.2036027908325,722.2036027908325,663.3811058998108,True,668.54065990448,735.5558969974518,735.5558969974518,668.54065990448,True,True
n01665541_leatherback_turtle,25088.0,0.0001,0.0,vgg16-7,onnx/vgg16-7.onnx,3061,3062,unsat False,unsat False,unsat False,unsat False,False,712.9731576442719,772.6840343475342,772.6840343475342,712.9731576442719,True,726.2487473487854,786.058358669281,786.058358669281,726.2487473487854,True,True
n01665541_leatherback_turtle,50176.0,0.0001,0.0,vgg16-7,onnx/vgg16-7.onnx,3088,3089,unsat False,timeout False,timeout False,unsat False,True,716.7797358036041,2643.35164475441,2643.35164475441,716.7797358036041,True,730.0880372524261,2656.8093757629395,2656.8093757629395,730.0880372524261,True,True
n01675722_banded_gecko,1568.0,0.0001,0.0,vgg16-7,onnx/vgg16-7.onnx,2991,2992,unsat False,unsat False,unsat False,unsat False,False,615.6985967159271,689.1781759262085,689.1781759262085,615.6985967159271,True,620.8107342720032,694.4871025085449,694.4871025085449,620.8107342720032,True,True
n01675722_banded_gecko,3136.0,0.0001,0.0,vgg16-7,onnx/vgg16-7.onnx,3045,3046,unsat False,unsat False,unsat False,unsat False,False,626.8302111625671,711.5301082134247,711.5301082134247,626.8302111625671,True,631.9123318195343,716.8183834552765,716.8183834552765,631.9123318195343,True,True
n01675722_banded_gecko,6272.0,0.0001,0.0,vgg16-7,onnx/vgg16-7.onnx,3126,3127,unsat False,unsat False,unsat False,unsat False,False,623.3698987960815,709.0025560855865,709.0025560855865,623.3698987960815,True,628.5970091819763,722.0020377635956,722.0020377635956,628.5970091819763,True,True
n01675722_banded_gecko,12544.0,0.0001,0.0,vgg16-7,onnx/vgg16-7.onnx,3021,3018,unsat False,unsat False,unsat False,unsat False,False,628.4906516075134,771.9086232185364,771.9086232185364,628.4906516075134,True,632.6572930812836,785.1068484783173,785.1068484783173,632.6572930812836,True,True
n01675722_banded_gecko,25088.0,0.0001,0.0,vgg16-7,onnx/vgg16-7.onnx,3075,3073,unsat False,unsat False,unsat False,unsat False,False,625.1383731365204,831.7602405548096,831.7602405548096,625.1383731365204,True,629.4895915985107,844.975129365921,844.975129365921,629.4895915985107,True,True
n01675722_banded_gecko,50176.0,0.0001,0.0,vgg16-7,onnx/vgg16-7.onnx,3102,3100,unsat False,timeout False,timeout False,unsat False,True,655.2802469730377,3429.942162513733,3429.942162513733,655.2802469730377,True,669.1990807056427,3443.32159614563,3443.32159614563,669.1990807056427,True,True
n01695060_Komodo_dragon,1568.0,0.0001,0.0,vgg16-7,onnx/vgg16-7.onnx,3256,3257,sat False,sat False,sat False,sat False,False,2.1860251426696777,1.8786108493804927,1.8786108493804927,2.1860251426696777,True,7.502214908599853,7.229068040847778,7.229068040847778,7.502214908599853,True,True
n01695060_Komodo_dragon,3136.0,0.0001,0.0,vgg16-7,onnx/vgg16-7.onnx,3214,3215,sat False,sat False,sat False,sat False,False,3.444234848022461,2.5949063301086426,2.5949063301086426,3.444234848022461,True,8.667856931686401,7.919982433319092,7.919982433319092,8.667856931686401,True,True
n01695060_Komodo_dragon,6272.0,0.0001,0.0,vgg16-7,onnx/vgg16-7.onnx,3151,3152,sat False,sat True,sat True,sat False,True,2.2751870155334477,,,2.2751870155334477,True,7.571003437042236,5.639695644378662,5.639695644378662,7.571003437042236,True,True
n01695060_Komodo_dragon,12544.0,0.0001,0.0,vgg16-7,onnx/vgg16-7.onnx,3193,3194,sat True,sat True,sat True,sat True,False,,,,,False,5.587707757949829,5.580584764480591,5.580584764480591,5.587707757949829,True,True
n01695060_Komodo_dragon,25088.0,0.0001,0.0,vgg16-7,onnx/vgg16-7.onnx,3235,3236,sat True,sat True,sat True,sat True,False,,,,,False,5.661221027374268,5.564612150192261,5.564612150192261,5.661221027374268,True,True
n01695060_Komodo_dragon,50176.0,0.0001,0.0,vgg16-7,onnx/vgg16-7.onnx,3172,3173,sat True,sat True,sat True,sat True,False,,,,,False,5.625733852386475,5.641792297363281,5.641792297363281,5.625733852386475,True,True
n01728920_ringneck_snake,1568.0,0.0001,0.0,vgg16-7,onnx/vgg16-7.onnx,337,338,unsat False,unsat False,unsat False,unsat False,False,662.3407292366028,684.7951781749725,684.7951781749725,662.3407292366028,True,667.626336812973,689.7917461395264,689.7917461395264,667.626336812973,True,True
n01728920_ringneck_snake,3136.0,0.0001,0.0,vgg16-7,onnx/vgg16-7.onnx,322,323,unsat False,unsat False,unsat False,unsat False,False,689.109165430069,707.5252873897552,707.5252873897552,689.109165430069,True,694.3206739425659,712.7494258880615,712.7494258880615,694.3206739425659,True,True
n01728920_ringneck_snake,6272.0,0.0001,0.0,vgg16-7,onnx/vgg16-7.onnx,352,353,unsat False,unsat False,unsat False,unsat False,False,714.540132522583,729.5542192459106,729.5542192459106,714.540132522583,True,719.7233688831329,742.7748982906342,742.7748982906342,719.7233688831329,True,True
n01728920_ringneck_snake,12544.0,0.0001,0.0,vgg16-7,onnx/vgg16-7.onnx,307,308,unsat False,unsat False,unsat False,unsat False,False,733.1684505939484,779.487256526947,779.487256526947,733.1684505939484,True,746.2324845790863,792.7252018451691,792.7252018451691,746.2324845790863,True,True
n01728920_ringneck_snake,25088.0,0.0001,0.0,vgg16-7,onnx/vgg16-7.onnx,292,293,unsat False,unsat False,unsat False,unsat False,False,799.5275657176971,802.9820294380188,802.9820294380188,799.5275657176971,True,812.820006608963,816.1493253707886,816.1493253707886,812.820006608963,True,True
n01728920_ringneck_snake,50176.0,0.0001,0.0,vgg16-7,onnx/vgg16-7.onnx,367,368,unsat False,timeout False,timeout False,unsat False,True,828.0147004127502,2848.8998413085938,2848.8998413085938,828.0147004127502,True,841.0718927383423,2861.904150724411,2861.904150724411,841.0718927383423,True,True
n01737021_water_snake,1568.0,0.0001,0.0,vgg16-7,onnx/vgg16-7.onnx,343,344,unsat False,unsat False,unsat False,unsat False,False,597.0347101688385,682.7196497917175,682.7196497917175,597.0347101688385,True,602.1417739391327,688.0170111656189,688.0170111656189,602.1417739391327,True,True
n01737021_water_snake,3136.0,0.0001,0.0,vgg16-7,onnx/vgg16-7.onnx,328,329,unsat False,unsat False,unsat False,unsat False,False,613.5583026409149,705.1590962409973,705.1590962409973,613.5583026409149,True,619.9894878864288,710.20476770401,710.20476770401,619.9894878864288,True,True
n01737021_water_snake,6272.0,0.0001,0.0,vgg16-7,onnx/vgg16-7.onnx,358,359,unsat False,unsat False,unsat False,unsat False,False,604.9247298240662,728.4957671165466,728.4957671165466,604.9247298240662,True,610.0878767967224,741.5615570545197,741.5615570545197,610.0878767967224,True,True
n01737021_water_snake,12544.0,0.0001,0.0,vgg16-7,onnx/vgg16-7.onnx,313,314,unsat False,unsat False,unsat False,unsat False,False,637.6294746398926,767.4442183971405,767.4442183971405,637.6294746398926,True,641.5402796268463,780.6690900325775,780.6690900325775,641.5402796268463,True,True
n01737021_water_snake,25088.0,0.0001,0.0,vgg16-7,onnx/vgg16-7.onnx,298,299,unsat False,unsat False,unsat False,unsat False,False,655.0333368778229,809.9000895023346,809.9000895023346,655.0333368778229,True,663.2088046073914,822.9102299213409,822.9102299213409,663.2088046073914,True,True
n01737021_water_snake,50176.0,0.0001,0.0,vgg16-7,onnx/vgg16-7.onnx,373,374,unsat False,timeout False,timeout False,unsat False,True,668.0969316959381,4037.995038986206,4037.995038986206,668.0969316959381,True,681.1872224807739,4051.135989427567,4051.135989427567,681.1872224807739,True,True
n01770393_scorpion,1568.0,0.0001,0.0,vgg16-7,onnx/vgg16-7.onnx,1621,1622,sat False,sat False,sat False,sat False,False,1.713613986968994,0.922825574874878,0.922825574874878,1.713613986968994,True,7.013993740081787,6.1786394119262695,6.1786394119262695,7.013993740081787,True,True
n01770393_scorpion,3136.0,0.0001,0.0,vgg16-7,onnx/vgg16-7.onnx,1675,1676,sat False,sat False,sat False,sat False,False,0.845858097076416,1.4174787998199463,1.4174787998199463,0.845858097076416,True,5.889287948608398,6.782757520675659,6.782757520675659,5.889287948608398,True,True
n01770393_scorpion,6272.0,0.0001,0.0,vgg16-7,onnx/vgg16-7.onnx,1756,1757,sat True,sat True,sat True,sat True,False,,,,,False,5.823896884918213,5.509036779403687,5.509036779403687,5.823896884918213,True,True
n01770393_scorpion,12544.0,0.0001,0.0,vgg16-7,onnx/vgg16-7.onnx,1648,1649,sat True,sat True,sat True,sat True,False,,,,,False,5.874565124511719,5.638407945632935,5.638407945632935,5.874565124511719,True,True
n01770393_scorpion,25088.0,0.0001,0.0,vgg16-7,onnx/vgg16-7.onnx,1702,1703,sat True,sat True,sat True,sat True,False,,,,,False,5.492586135864258,5.5099711418151855,5.5099711418151855,5.492586135864258,True,True
n01770393_scorpion,50176.0,0.0001,0.0,vgg16-7,onnx/vgg16-7.onnx,1729,1730,sat True,sat True,sat True,sat True,False,,,,,False,5.460262060165405,5.56960916519165,5.56960916519165,5.460262060165405,True,True
n01773797_garden_spider,1568.0,0.0001,0.0,vgg16-7,onnx/vgg16-7.onnx,1627,1628,unsat False,unsat False,unsat False,unsat False,False,673.25155210495,636.7290287017822,636.7290287017822,673.25155210495,True,678.5082676410675,646.0038249492645,646.0038249492645,678.5082676410675,True,True
n01773797_garden_spider,3136.0,0.0001,0.0,vgg16-7,onnx/vgg16-7.onnx,1681,1682,unsat False,unsat False,unsat False,unsat False,False,691.9487104415894,706.536562204361,706.536562204361,691.9487104415894,True,697.2610611915588,714.7426006793976,714.7426006793976,697.2610611915588,True,True
n01773797_garden_spider,6272.0,0.0001,0.0,vgg16-7,onnx/vgg16-7.onnx,1762,1763,unsat False,unsat False,unsat False,unsat False,False,682.9940769672394,704.0011024475098,704.0011024475098,682.9940769672394,True,695.9555630683899,717.2221429347992,717.2221429347992,695.9555630683899,True,True
n01773797_garden_spider,12544.0,0.0001,0.0,vgg16-7,onnx/vgg16-7.onnx,1654,1655,unsat False,unsat False,unsat False,unsat False,False,678.2259356975555,715.0680150985718,715.0680150985718,678.2259356975555,True,691.2994680404663,728.3458683490753,728.3458683490753,691.2994680404663,True,True
n01773797_garden_spider,25088.0,0.0001,0.0,vgg16-7,onnx/vgg16-7.onnx,1708,1709,unsat False,unsat False,unsat False,unsat False,False,687.5760564804077,777.2914555072784,777.2914555072784,687.5760564804077,True,700.633142709732,790.3214311599731,790.3214311599731,700.633142709732,True,True
n01773797_garden_spider,50176.0,0.0001,0.0,vgg16-7,onnx/vgg16-7.onnx,1735,1736,unsat False,timeout False,timeout False,unsat False,True,688.6783385276794,2595.686622619629,2595.686622619629,688.6783385276794,True,701.8246326446533,2608.8694202899933,2608.8694202899933,701.8246326446533,True,True
n01774384_black_widow,1568.0,0.0001,0.0,vgg16-7,onnx/vgg16-7.onnx,1630,1631,unsat False,unsat False,unsat False,unsat False,False,704.7623755931854,724.4230535030365,724.4230535030365,704.7623755931854,True,709.9486992359161,729.9582171440125,729.9582171440125,709.9486992359161,True,True
n01774384_black_widow,3136.0,0.0001,0.0,vgg16-7,onnx/vgg16-7.onnx,1684,1685,unsat False,unsat False,unsat False,unsat False,False,770.9055347442627,778.7322766780853,778.7322766780853,770.9055347442627,True,776.0671696662903,784.2883183956146,784.2883183956146,776.0671696662903,True,True
n01774384_black_widow,6272.0,0.0001,0.0,vgg16-7,onnx/vgg16-7.onnx,1765,1766,unsat False,unsat False,unsat False,unsat False,False,771.3804798126221,781.6388742923737,781.6388742923737,771.3804798126221,True,776.688854932785,795.0808215141296,795.0808215141296,776.688854932785,True,True
n01774384_black_widow,12544.0,0.0001,0.0,vgg16-7,onnx/vgg16-7.onnx,1657,1658,unsat False,unsat False,unsat False,unsat False,False,771.9433879852295,871.5611231327057,871.5611231327057,771.9433879852295,True,775.954288482666,884.8004810810089,884.8004810810089,775.954288482666,True,True
n01774384_black_widow,25088.0,0.0001,0.0,vgg16-7,onnx/vgg16-7.onnx,1711,1712,unsat False,timeout False,timeout False,unsat False,True,771.4254515171051,2637.641221523285,2637.641221523285,771.4254515171051,True,776.839203119278,2650.9065024852757,2650.9065024852757,776.839203119278,True,True
n01774384_black_widow,50176.0,0.0001,0.0,vgg16-7,onnx/vgg16-7.onnx,1738,1739,unsat False,timeout False,timeout False,unsat False,True,774.9719030857086,3662.6369709968567,3662.6369709968567,774.9719030857086,True,780.3826377391815,3676.448668479919,3676.448668479919,780.3826377391815,True,True
n01784675_centipede,1568.0,0.0001,0.0,vgg16-7,onnx/vgg16-7.onnx,1642,1643,unsat False,unsat False,unsat False,unsat False,False,604.50248503685,609.5021970272064,609.5021970272064,604.50248503685,True,609.8694546222687,614.645717382431,614.645717382431,609.8694546222687,True,True
n01784675_centipede,3136.0,0.0001,0.0,vgg16-7,onnx/vgg16-7.onnx,1696,1697,unsat False,unsat False,unsat False,unsat False,False,640.6672234535217,653.8829829692841,653.8829829692841,640.6672234535217,True,646.1345462799072,659.1827046871185,659.1827046871185,646.1345462799072,True,True
n01784675_centipede,6272.0,0.0001,0.0,vgg16-7,onnx/vgg16-7.onnx,1777,1778,unsat False,unsat False,unsat False,unsat False,False,696.931624174118,685.634804725647,685.634804725647,696.931624174118,True,710.1816976070404,698.8356928825378,698.8356928825378,710.1816976070404,True,True
n01784675_centipede,12544.0,0.0001,0.0,vgg16-7,onnx/vgg16-7.onnx,1669,1670,unsat False,unsat False,unsat False,unsat False,False,716.042158126831,716.9895567893982,716.9895567893982,716.042158126831,True,729.4318473339081,730.2873334884644,730.2873334884644,729.4318473339081,True,True
n01784675_centipede,25088.0,0.0001,0.0,vgg16-7,onnx/vgg16-7.onnx,1723,1724,unsat False,unsat False,unsat False,unsat False,False,717.3721506595612,777.0848958492279,777.0848958492279,717.3721506595612,True,730.6452970504761,790.7643442153931,790.7643442153931,730.6452970504761,True,True
n01784675_centipede,50176.0,0.0001,0.0,vgg16-7,onnx/vgg16-7.onnx,1750,1751,unsat False,unsat False,unsat False,unsat False,False,717.4458065032959,798.6536746025085,798.6536746025085,717.4458065032959,True,730.7261128425598,811.9682767391205,811.9682767391205,730.7261128425598,True,True
n01795545_black_grouse,1568.0,0.0001,0.0,vgg16-7,onnx/vgg16-7.onnx,1645,1646,unsat False,unsat False,unsat False,unsat False,False,689.3722240924835,669.2685968875885,669.2685968875885,689.3722240924835,True,694.7071626186371,674.4631297588348,674.4631297588348,694.7071626186371,True,True
n01795545_black_grouse,3136.0,0.0001,0.0,vgg16-7,onnx/vgg16-7.onnx,1699,1700,unsat False,unsat False,unsat False,unsat False,False,707.056102514267,716.8174571990967,716.8174571990967,707.056102514267,True,712.389830827713,722.2360081672668,722.2360081672668,712.389830827713,True,True
n01795545_black_grouse,6272.0,0.0001,0.0,vgg16-7,onnx/vgg16-7.onnx,1780,1781,unsat False,unsat False,unsat False,unsat False,False,715.2695300579071,716.2927083969116,716.2927083969116,715.2695300579071,True,728.5658731460571,729.628664970398,729.628664970398,728.5658731460571,True,True
n01795545_black_grouse,12544.0,0.0001,0.0,vgg16-7,onnx/vgg16-7.onnx,1672,1673,unsat False,unsat False,unsat False,unsat False,False,715.8885159492493,791.272554397583,791.272554397583,715.8885159492493,True,729.0844027996063,804.529394865036,804.529394865036,729.0844027996063,True,True
n01795545_black_grouse,25088.0,0.0001,0.0,vgg16-7,onnx/vgg16-7.onnx,1726,1727,unsat False,unsat False,unsat False,unsat False,False,714.3688592910767,838.943229675293,838.943229675293,714.3688592910767,True,727.6422765254974,852.1440563201904,852.1440563201904,727.6422765254974,True,True
n01795545_black_grouse,50176.0,0.0001,0.0,vgg16-7,onnx/vgg16-7.onnx,1753,1754,unsat False,timeout False,timeout False,unsat False,True,715.2964673042297,3679.981165647506,3679.981165647506,715.2964673042297,True,728.6059935092926,3692.0385930538177,3692.0385930538177,728.6059935092926,True,True
n01796340_ptarmigan,1568.0,0.0001,0.0,vgg16-7,onnx/vgg16-7.onnx,1459,1460,sat False,sat False,sat False,sat False,False,1.8928301334381104,1.8586385250091555,1.8586385250091555,1.8928301334381104,True,8.313651084899902,7.219594478607178,7.219594478607178,8.313651084899902,True,True
n01796340_ptarmigan,3136.0,0.0001,0.0,vgg16-7,onnx/vgg16-7.onnx,1513,1514,sat False,sat False,sat False,sat False,False,0.8516099452972412,2.104787349700928,2.104787349700928,0.8516099452972412,True,6.664562225341797,7.838359832763672,7.838359832763672,6.664562225341797,True,True
n01796340_ptarmigan,6272.0,0.0001,0.0,vgg16-7,onnx/vgg16-7.onnx,1594,1595,sat True,sat True,sat True,sat True,False,,,,,False,6.405208349227905,5.985949754714966,5.985949754714966,6.405208349227905,True,True
n01796340_ptarmigan,12544.0,0.0001,0.0,vgg16-7,onnx/vgg16-7.onnx,1486,1487,sat True,sat True,sat True,sat True,False,,,,,False,5.8677818775177,5.834611654281616,5.834611654281616,5.8677818775177,True,True
n01796340_ptarmigan,25088.0,0.0001,0.0,vgg16-7,onnx/vgg16-7.onnx,1540,1541,sat True,sat True,sat True,sat True,False,,,,,False,6.300607681274414,6.168114423751831,6.168114423751831,6.300607681274414,True,True
n01796340_ptarmigan,50176.0,0.0001,0.0,vgg16-7,onnx/vgg16-7.onnx,1567,1568,sat True,sat True,sat True,sat True,False,,,,,False,5.721957921981812,6.592387437820435,6.592387437820435,5.721957921981812,True,True
n01797886_ruffed_grouse,1568.0,0.0001,0.0,vgg16-7,onnx/vgg16-7.onnx,1462,1463,sat False,sat False,sat False,sat False,False,0.8059773445129395,0.8274483680725098,0.8274483680725098,0.8059773445129395,True,6.524702548980713,6.597889423370361,6.597889423370361,6.524702548980713,True,True
n01797886_ruffed_grouse,3136.0,0.0001,0.0,vgg16-7,onnx/vgg16-7.onnx,1516,1517,sat False,sat False,sat False,sat False,False,1.387099027633667,0.8173494338989258,0.8173494338989258,1.387099027633667,True,7.158068895339966,6.567847967147827,6.567847967147827,7.158068895339966,True,True
n01797886_ruffed_grouse,6272.0,0.0001,0.0,vgg16-7,onnx/vgg16-7.onnx,1597,1598,sat True,sat True,sat True,sat True,False,,,,,False,5.960892915725708,6.021040678024292,6.021040678024292,5.960892915725708,True,True
n01797886_ruffed_grouse,12544.0,0.0001,0.0,vgg16-7,onnx/vgg16-7.onnx,1489,1490,sat True,sat True,sat True,sat True,False,,,,,False,5.876533269882202,6.080259799957275,6.080259799957275,5.876533269882202,True,True
n01797886_ruffed_grouse,25088.0,0.0001,0.0,vgg16-7,onnx/vgg16-7.onnx,1543,1544,sat True,sat True,sat True,sat True,False,,,,,False,5.921928405761719,5.936359882354736,5.936359882354736,5.921928405761719,True,True
n01797886_ruffed_grouse,50176.0,0.0001,0.0,vgg16-7,onnx/vgg16-7.onnx,1570,1571,sat True,sat True,sat True,sat True,False,,,,,False,6.023904800415039,6.059703350067139,6.059703350067139,6.023904800415039,True,True
n01806567_quail,1568.0,0.0001,0.0,vgg16-7,onnx/vgg16-7.onnx,1468,1469,unsat False,unsat False,unsat False,unsat False,False,639.0250144004822,691.9413268566132,691.9413268566132,639.0250144004822,True,644.8084154129028,697.2966568470001,697.2966568470001,644.8084154129028,True,True
n01806567_quail,3136.0,0.0001,0.0,vgg16-7,onnx/vgg16-7.onnx,1522,1523,unsat False,unsat False,unsat False,unsat False,False,649.9863419532776,702.1930568218231,702.1930568218231,649.9863419532776,True,655.6627116203308,707.466451883316,707.466451883316,655.6627116203308,True,True
n01806567_quail,6272.0,0.0001,0.0,vgg16-7,onnx/vgg16-7.onnx,1603,1604,unsat False,unsat False,unsat False,unsat False,False,677.1628649234772,752.0152888298035,752.0152888298035,677.1628649234772,True,690.4888546466827,767.6068563461304,767.6068563461304,690.4888546466827,True,True
n01806567_quail,12544.0,0.0001,0.0,vgg16-7,onnx/vgg16-7.onnx,1495,1496,unsat False,unsat False,unsat False,unsat False,False,705.7899925708771,826.9744620323181,826.9744620323181,705.7899925708771,True,719.0355887413025,840.2228918075562,840.2228918075562,719.0355887413025,True,True
n01806567_quail,25088.0,0.0001,0.0,vgg16-7,onnx/vgg16-7.onnx,1549,1550,unsat False,timeout False,timeout False,unsat False,True,705.9107222557068,2898.207391738892,2898.207391738892,705.9107222557068,True,719.2071077823639,2911.6734189987183,2911.6734189987183,719.2071077823639,True,True
n01806567_quail,50176.0,0.0001,0.0,vgg16-7,onnx/vgg16-7.onnx,1576,1577,unsat False,timeout False,timeout False,unsat False,True,713.4623720645905,3835.91402554512,3835.91402554512,713.4623720645905,True,726.9692106246948,3853.968428850174,3853.968428850174,726.9692106246948,True,True
n01819313_sulphur-crested_cockatoo,1568.0,0.0001,0.0,vgg16-7,onnx/vgg16-7.onnx,1480,1481,sat False,sat False,sat False,sat False,False,1.7718174457550049,3.179344415664673,3.179344415664673,1.7718174457550049,True,7.109225034713745,8.525289297103882,8.525289297103882,7.109225034713745,True,True
n01819313_sulphur-crested_cockatoo,3136.0,0.0001,0.0,vgg16-7,onnx/vgg16-7.onnx,1534,1535,sat False,sat False,sat False,sat False,False,1.3903262615203855,3.439411163330078,3.439411163330078,1.3903262615203855,True,6.669057130813599,8.802117586135864,8.802117586135864,6.669057130813599,True,True
n01819313_sulphur-crested_cockatoo,6272.0,0.0001,0.0,vgg16-7,onnx/vgg16-7.onnx,1615,1616,sat True,sat True,sat True,sat True,False,,,,,False,5.635220766067505,5.504461526870728,5.504461526870728,5.635220766067505,True,True
n01819313_sulphur-crested_cockatoo,12544.0,0.0001,0.0,vgg16-7,onnx/vgg16-7.onnx,1507,1508,sat True,sat True,sat True,sat True,False,,,,,False,5.631770372390747,5.660034418106079,5.660034418106079,5.631770372390747,True,True
n01819313_sulphur-crested_cockatoo,25088.0,0.0001,0.0,vgg16-7,onnx/vgg16-7.onnx,1561,1562,sat True,sat True,sat True,sat True,False,,,,,False,5.587562561035156,5.600331544876099,5.600331544876099,5.587562561035156,True,True
n01819313_sulphur-crested_cockatoo,50176.0,0.0001,0.0,vgg16-7,onnx/vgg16-7.onnx,1588,1589,sat True,sat True,sat True,sat True,False,,,,,False,5.658007383346558,5.661935091018677,5.661935091018677,5.658007383346558,True,True
n01824575_coucal,1568.0,0.0001,0.0,vgg16-7,onnx/vgg16-7.onnx,1057,1058,sat False,sat False,sat False,sat False,False,1.5454339981079102,0.857391357421875,0.857391357421875,1.5454339981079102,True,7.137850046157837,6.214734315872192,6.214734315872192,7.137850046157837,True,True
n01824575_coucal,3136.0,0.0001,0.0,vgg16-7,onnx/vgg16-7.onnx,997,998,sat False,sat False,sat False,sat False,False,1.833338022232056,1.2346668243408203,1.2346668243408203,1.833338022232056,True,7.615781784057617,6.798694133758545,6.798694133758545,7.615781784057617,True,True
n01824575_coucal,6272.0,0.0001,0.0,vgg16-7,onnx/vgg16-7.onnx,967,968,sat True,sat True,sat True,sat True,False,,,,,False,5.979558706283569,5.590815305709839,5.590815305709839,5.979558706283569,True,True
n01824575_coucal,12544.0,0.0001,0.0,vgg16-7,onnx/vgg16-7.onnx,937,938,sat True,sat True,sat True,sat True,False,,,,,False,5.8849146366119385,5.576313257217407,5.576313257217407,5.8849146366119385,True,True
n01824575_coucal,25088.0,0.0001,0.0,vgg16-7,onnx/vgg16-7.onnx,1087,1088,sat True,sat True,sat True,sat True,False,,,,,False,5.818843126296997,5.561927318572998,5.561927318572998,5.818843126296997,True,True
n01824575_coucal,50176.0,0.0001,0.0,vgg16-7,onnx/vgg16-7.onnx,1027,1028,sat True,sat True,sat True,sat True,False,,,,,False,5.836315155029297,5.999822616577148,5.999822616577148,5.836315155029297,True,True
n01833805_hummingbird,1568.0,0.0001,0.0,vgg16-7,onnx/vgg16-7.onnx,1066,1067,unsat False,unsat False,unsat False,unsat False,False,677.1512579917908,672.0816357135773,672.0816357135773,677.1512579917908,True,685.0618331432343,677.4069504737854,677.4069504737854,685.0618331432343,True,True
n01833805_hummingbird,3136.0,0.0001,0.0,vgg16-7,onnx/vgg16-7.onnx,1006,1007,unsat False,unsat False,unsat False,unsat False,False,685.6353282928467,706.1830337047577,706.1830337047577,685.6353282928467,True,693.5787143707275,711.5324165821075,711.5324165821075,693.5787143707275,True,True
n01833805_hummingbird,6272.0,0.0001,0.0,vgg16-7,onnx/vgg16-7.onnx,976,977,unsat False,unsat False,unsat False,unsat False,False,745.4933412075043,757.9799158573151,757.9799158573151,745.4933412075043,True,759.1390278339386,771.2268106937408,771.2268106937408,759.1390278339386,True,True
n01833805_hummingbird,12544.0,0.0001,0.0,vgg16-7,onnx/vgg16-7.onnx,946,947,unsat False,unsat False,unsat False,unsat False,False,785.1189541816711,791.7460834980011,791.7460834980011,785.1189541816711,True,798.8115241527557,804.9618616104126,804.9618616104126,798.8115241527557,True,True
n01833805_hummingbird,25088.0,0.0001,0.0,vgg16-7,onnx/vgg16-7.onnx,1096,1097,unsat False,unsat False,unsat False,unsat False,False,785.4057252407074,818.5218298435211,818.5218298435211,785.4057252407074,True,799.1881313323975,831.5501906871796,831.5501906871796,799.1881313323975,True,True
n01833805_hummingbird,50176.0,0.0001,0.0,vgg16-7,onnx/vgg16-7.onnx,1036,1037,unsat False,unsat False,unsat False,unsat False,False,785.7911365032196,861.5644080638885,861.5644080638885,785.7911365032196,True,799.6171555519104,874.7796330451965,874.7796330451965,799.6171555519104,True,True
n01843065_jacamar,1568.0,0.0001,0.0,vgg16-7,onnx/vgg16-7.onnx,1069,1070,sat False,sat False,sat False,sat False,False,3.290473699569702,3.442875623703003,3.442875623703003,3.290473699569702,True,8.734821796417236,8.795073747634888,8.795073747634888,8.734821796417236,True,True
n01843065_jacamar,3136.0,0.0001,0.0,vgg16-7,onnx/vgg16-7.onnx,1009,1010,sat False,sat False,sat False,sat False,False,2.359892606735229,3.425243616104126,3.425243616104126,2.359892606735229,True,8.954315185546875,8.768007278442383,8.768007278442383,8.954315185546875,True,True
n01843065_jacamar,6272.0,0.0001,0.0,vgg16-7,onnx/vgg16-7.onnx,979,980,sat True,sat True,sat True,sat True,False,,,,,False,5.605376720428467,5.665761709213257,5.665761709213257,5.605376720428467,True,True
n01843065_jacamar,12544.0,0.0001,0.0,vgg16-7,onnx/vgg16-7.onnx,949,950,sat True,sat True,sat True,sat True,False,,,,,False,5.622785329818726,5.612247943878174,5.612247943878174,5.622785329818726,True,True
n01843065_jacamar,25088.0,0.0001,0.0,vgg16-7,onnx/vgg16-7.onnx,1099,1100,sat True,sat True,sat True,sat True,False,,,,,False,5.64923095703125,5.607625246047974,5.607625246047974,5.64923095703125,True,True
n01843065_jacamar,50176.0,0.0001,0.0,vgg16-7,onnx/vgg16-7.onnx,1039,1040,sat True,sat True,sat True,sat True,False,,,,,False,5.564781904220581,5.511385202407837,5.511385202407837,5.564781904220581,True,True
n01847000_drake,1568.0,0.0001,0.0,vgg16-7,onnx/vgg16-7.onnx,1075,1076,sat False,sat False,sat False,sat False,False,1.774397611618042,1.779688596725464,1.779688596725464,1.774397611618042,True,35.722973108291626,35.62876486778259,35.62876486778259,35.722973108291626,True,True
n01847000_drake,3136.0,0.0001,0.0,vgg16-7,onnx/vgg16-7.onnx,1015,1016,sat False,sat False,sat False,sat False,False,2.019508600234986,1.7697179317474363,1.7697179317474363,2.019508600234986,True,37.26818490028381,35.94090747833252,35.94090747833252,37.26818490028381,True,True
n01847000_drake,6272.0,0.0001,0.0,vgg16-7,onnx/vgg16-7.onnx,985,986,sat True,sat True,sat True,sat True,False,,,,,False,33.5800359249115,33.59349036216736,33.59349036216736,33.5800359249115,True,True
n01847000_drake,12544.0,0.0001,0.0,vgg16-7,onnx/vgg16-7.onnx,955,956,sat True,sat True,sat True,sat True,False,,,,,False,33.93118858337402,33.7430579662323,33.7430579662323,33.93118858337402,True,True
n01847000_drake,25088.0,0.0001,0.0,vgg16-7,onnx/vgg16-7.onnx,1105,1106,sat True,sat True,sat True,sat True,False,,,,,False,35.333070039749146,34.59360408782959,34.59360408782959,35.333070039749146,True,True
n01847000_drake,50176.0,0.0001,0.0,vgg16-7,onnx/vgg16-7.onnx,1045,1046,sat True,sat True,sat True,sat True,False,,,,,False,32.880948066711426,34.13067603111267,34.13067603111267,32.880948066711426,True,True
n01860187_black_swan,1568.0,0.0001,0.0,vgg16-7,onnx/vgg16-7.onnx,1084,1085,unsat False,unsat False,unsat False,unsat False,False,533.4081518650055,521.0411524772644,521.0411524772644,533.4081518650055,True,568.0632996559143,555.1004638671875,555.1004638671875,568.0632996559143,True,True
n01860187_black_swan,3136.0,0.0001,0.0,vgg16-7,onnx/vgg16-7.onnx,1024,1025,unsat False,unsat False,unsat False,unsat False,False,532.4933977127075,529.2147192955017,529.2147192955017,532.4933977127075,True,567.9999701976776,565.1805415153503,565.1805415153503,567.9999701976776,True,True
n01860187_black_swan,6272.0,0.0001,0.0,vgg16-7,onnx/vgg16-7.onnx,994,995,unsat False,unsat False,unsat False,unsat False,False,544.6321296691895,533.9901983737946,533.9901983737946,544.6321296691895,True,589.3942446708679,577.0876197814941,577.0876197814941,589.3942446708679,True,True
n01860187_black_swan,12544.0,0.0001,0.0,vgg16-7,onnx/vgg16-7.onnx,964,965,unsat False,unsat False,unsat False,unsat False,False,576.6776914596558,587.6819381713867,587.6819381713867,576.6776914596558,True,619.2660603523254,633.4401187896729,633.4401187896729,619.2660603523254,True,True
n01860187_black_swan,25088.0,0.0001,0.0,vgg16-7,onnx/vgg16-7.onnx,1114,1115,unsat False,unsat False,unsat False,unsat False,False,586.6177606582642,619.4599468708038,619.4599468708038,586.6177606582642,True,629.2132172584534,662.9428925514221,662.9428925514221,629.2132172584534,True,True
n01860187_black_swan,50176.0,0.0001,0.0,vgg16-7,onnx/vgg16-7.onnx,1054,1055,unsat False,unsat False,unsat False,unsat False,False,586.150652885437,641.1533718109131,641.1533718109131,586.150652885437,True,630.8251345157623,686.4965188503265,686.4965188503265,630.8251345157623,True,True
n01945685_slug,1568.0,0.0001,0.0,vgg16-7,onnx/vgg16-7.onnx,415,416,sat False,sat False,sat False,sat False,False,1.004953145980835,1.7164905071258545,1.7164905071258545,1.004953145980835,True,41.60216212272644,40.169514656066895,40.169514656066895,41.60216212272644,True,True
n01945685_slug,3136.0,0.0001,0.0,vgg16-7,onnx/vgg16-7.onnx,787,788,sat False,sat False,sat False,sat False,False,0.8837723731994629,1.7039146423339844,1.7039146423339844,0.8837723731994629,True,40.58530235290527,38.12824773788452,38.12824773788452,40.58530235290527,True,True
n01945685_slug,6272.0,0.0001,0.0,vgg16-7,onnx/vgg16-7.onnx,694,695,sat True,sat True,sat True,sat True,False,,,,,False,36.882158041000366,38.587339639663696,38.587339639663696,36.882158041000366,True,True
n01945685_slug,12544.0,0.0001,0.0,vgg16-7,onnx/vgg16-7.onnx,601,602,sat True,sat True,sat True,sat True,False,,,,,False,42.0036199092865,40.21929883956909,40.21929883956909,42.0036199092865,True,True
n01945685_slug,25088.0,0.0001,0.0,vgg16-7,onnx/vgg16-7.onnx,508,509,sat True,sat True,sat True,sat True,False,,,,,False,42.89148831367493,38.01337814331055,38.01337814331055,42.89148831367493,True,True
n01945685_slug,50176.0,0.0001,0.0,vgg16-7,onnx/vgg16-7.onnx,880,881,sat True,sat True,sat True,sat True,False,,,,,False,39.80207681655884,41.5997154712677,41.5997154712677,39.80207681655884,True,True
n01980166_fiddler_crab,1568.0,0.0001,0.0,vgg16-7,onnx/vgg16-7.onnx,430,431,unsat False,unsat False,unsat False,unsat False,False,595.878054857254,586.3839299678802,586.3839299678802,595.878054857254,True,632.9566519260406,626.2381639480591,626.2381639480591,632.9566519260406,True,True
n01980166_fiddler_crab,3136.0,0.0001,0.0,vgg16-7,onnx/vgg16-7.onnx,802,803,unsat False,unsat False,unsat False,unsat False,False,598.8727102279663,613.7129170894623,613.7129170894623,598.8727102279663,True,635.8875842094421,652.6141059398651,652.6141059398651,635.8875842094421,True,True
n01980166_fiddler_crab,6272.0,0.0001,0.0,vgg16-7,onnx/vgg16-7.onnx,709,710,unsat False,unsat False,unsat False,unsat False,False,657.2230215072632,648.8961260318756,648.8961260318756,657.2230215072632,True,705.0147018432617,694.7845435142517,694.7845435142517,705.0147018432617,True,True
n01980166_fiddler_crab,12544.0,0.0001,0.0,vgg16-7,onnx/vgg16-7.onnx,616,617,unsat False,unsat False,unsat False,unsat False,False,682.4815535545349,676.3069777488708,676.3069777488708,682.4815535545349,True,725.9499623775482,720.8583354949951,720.8583354949951,725.9499623775482,True,True
n01980166_fiddler_crab,25088.0,0.0001,0.0,vgg16-7,onnx/vgg16-7.onnx,523,524,unsat False,unsat False,unsat False,unsat False,False,682.8632168769836,740.0142979621887,740.0142979621887,682.8632168769836,True,727.7272942066193,786.8497188091278,786.8497188091278,727.7272942066193,True,True
n01980166_fiddler_crab,50176.0,0.0001,0.0,vgg16-7,onnx/vgg16-7.onnx,895,896,unsat False,timeout False,timeout False,unsat False,True,682.2310612201691,2372.317236661911,2372.317236661911,682.2310612201691,True,731.2189152240753,2421.8057017326355,2421.8057017326355,731.2189152240753,True,True
n01983481_American_lobster,1568.0,0.0001,0.0,vgg16-7,onnx/vgg16-7.onnx,436,437,sat False,sat False,sat False,sat False,False,1.737663745880127,0.8820779323577881,0.8820779323577881,1.737663745880127,True,37.76425528526306,36.907440423965454,36.907440423965454,37.76425528526306,True,True
n01983481_American_lobster,3136.0,0.0001,0.0,vgg16-7,onnx/vgg16-7.onnx,808,809,sat False,sat False,sat False,sat False,False,1.0856733322143557,1.034545660018921,1.034545660018921,1.0856733322143557,True,36.81319427490234,35.860875844955444,35.860875844955444,36.81319427490234,True,True
n01983481_American_lobster,6272.0,0.0001,0.0,vgg16-7,onnx/vgg16-7.onnx,715,716,sat True,sat True,sat True,sat True,False,,,,,False,35.1666944026947,35.58001971244812,35.58001971244812,35.1666944026947,True,True
n01983481_American_lobster,12544.0,0.0001,0.0,vgg16-7,onnx/vgg16-7.onnx,622,623,sat True,sat True,sat True,sat True,False,,,,,False,37.73712158203125,35.26574110984802,35.26574110984802,37.73712158203125,True,True
n01983481_American_lobster,25088.0,0.0001,0.0,vgg16-7,onnx/vgg16-7.onnx,529,530,sat True,sat True,sat True,sat True,False,,,,,False,38.04974603652954,36.05162239074707,36.05162239074707,38.04974603652954,True,True
n01983481_American_lobster,50176.0,0.0001,0.0,vgg16-7,onnx/vgg16-7.onnx,901,902,sat True,sat True,sat True,sat True,False,,,,,False,38.23481822013855,40.56278991699219,40.56278991699219,38.23481822013855,True,True
n01986214_hermit_crab,1568.0,0.0001,0.0,vgg16-7,onnx/vgg16-7.onnx,442,443,sat False,sat False,sat False,sat False,False,1.5650219917297363,1.737706184387207,1.737706184387207,1.5650219917297363,True,36.610034227371216,42.43668007850647,42.43668007850647,36.610034227371216,True,True
n01986214_hermit_crab,3136.0,0.0001,0.0,vgg16-7,onnx/vgg16-7.onnx,814,815,sat False,sat False,sat False,sat False,False,1.50561785697937,1.6880316734313965,1.6880316734313965,1.50561785697937,True,39.472912073135376,35.87611508369446,35.87611508369446,39.472912073135376,True,True
n01986214_hermit_crab,6272.0,0.0001,0.0,vgg16-7,onnx/vgg16-7.onnx,721,722,sat True,sat True,sat True,sat True,False,,,,,False,37.97689414024353,35.99950194358826,35.99950194358826,37.97689414024353,True,True
n01986214_hermit_crab,12544.0,0.0001,0.0,vgg16-7,onnx/vgg16-7.onnx,628,629,sat True,sat True,sat True,sat True,False,,,,,False,35.60675382614136,40.36404848098755,40.36404848098755,35.60675382614136,True,True
n01986214_hermit_crab,25088.0,0.0001,0.0,vgg16-7,onnx/vgg16-7.onnx,535,536,sat True,sat True,sat True,sat True,False,,,,,False,36.8080940246582,36.77348971366882,36.77348971366882,36.8080940246582,True,True
n01986214_hermit_crab,50176.0,0.0001,0.0,vgg16-7,onnx/vgg16-7.onnx,907,908,sat True,sat True,sat True,sat True,False,,,,,False,36.4487566947937,37.6217188835144,37.6217188835144,36.4487566947937,True,True
n02002556_white_stork,1568.0,0.0001,0.0,vgg16-7,onnx/vgg16-7.onnx,448,449,sat False,sat False,sat False,sat False,False,1.268641233444214,1.6016523838043213,1.6016523838043213,1.268641233444214,True,37.55486011505127,36.80462884902954,36.80462884902954,37.55486011505127,True,True
n02002556_white_stork,3136.0,0.0001,0.0,vgg16-7,onnx/vgg16-7.onnx,820,821,sat False,sat False,sat False,sat False,False,0.902456760406494,0.9413235187530518,0.9413235187530518,0.902456760406494,True,36.71017003059387,36.89162850379944,36.89162850379944,36.71017003059387,True,True
n02002556_white_stork,6272.0,0.0001,0.0,vgg16-7,onnx/vgg16-7.onnx,727,728,sat True,sat True,sat True,sat True,False,,,,,False,35.81146788597107,35.11282157897949,35.11282157897949,35.81146788597107,True,True
n02002556_white_stork,12544.0,0.0001,0.0,vgg16-7,onnx/vgg16-7.onnx,634,635,sat True,sat True,sat True,sat True,False,,,,,False,38.56361413002014,36.64264488220215,36.64264488220215,38.56361413002014,True,True
n02002556_white_stork,25088.0,0.0001,0.0,vgg16-7,onnx/vgg16-7.onnx,541,542,sat True,sat True,sat True,sat True,False,,,,,False,35.89191246032715,36.862136125564575,36.862136125564575,35.89191246032715,True,True
n02002556_white_stork,50176.0,0.0001,0.0,vgg16-7,onnx/vgg16-7.onnx,913,914,sat True,sat True,sat True,sat True,False,,,,,False,35.21250104904175,34.63114595413208,34.63114595413208,35.21250104904175,True,True
n02002724_black_stork,1568.0,0.0001,0.0,vgg16-7,onnx/vgg16-7.onnx,451,452,unsat False,unsat False,unsat False,unsat False,False,581.0339760780334,593.1684670448303,593.1684670448303,581.0339760780334,True,617.3683831691742,627.5608048439026,627.5608048439026,617.3683831691742,True,True
n02002724_black_stork,3136.0,0.0001,0.0,vgg16-7,onnx/vgg16-7.onnx,823,824,unsat False,unsat False,unsat False,unsat False,False,617.0098299980164,618.3239424228668,618.3239424228668,617.0098299980164,True,652.5351564884186,653.9808962345123,653.9808962345123,652.5351564884186,True,True
n02002724_black_stork,6272.0,0.0001,0.0,vgg16-7,onnx/vgg16-7.onnx,730,731,unsat False,unsat False,unsat False,unsat False,False,645.1641800403595,646.0745596885681,646.0745596885681,645.1641800403595,True,688.5934858322144,689.1748704910278,689.1748704910278,688.5934858322144,True,True
n02002724_black_stork,12544.0,0.0001,0.0,vgg16-7,onnx/vgg16-7.onnx,637,638,unsat False,unsat False,unsat False,unsat False,False,678.9724767208099,686.9557688236237,686.9557688236237,678.9724767208099,True,721.8134303092957,730.2613198757172,730.2613198757172,721.8134303092957,True,True
n02002724_black_stork,25088.0,0.0001,0.0,vgg16-7,onnx/vgg16-7.onnx,544,545,unsat False,unsat False,unsat False,unsat False,False,676.2884030342102,743.2762231826782,743.2762231826782,676.2884030342102,True,720.405962228775,786.4764461517334,786.4764461517334,720.405962228775,True,True
n02002724_black_stork,50176.0,0.0001,0.0,vgg16-7,onnx/vgg16-7.onnx,916,917,unsat False,timeout False,timeout False,unsat False,True,679.4715085029602,2769.2399888038635,2769.2399888038635,679.4715085029602,True,721.9357612133026,2814.414493083954,2814.414493083954,721.9357612133026,True,True
n02007558_flamingo,1568.0,0.0001,0.0,vgg16-7,onnx/vgg16-7.onnx,457,458,sat False,sat False,sat False,sat False,False,1.7255351543426514,1.7269837856292725,1.7269837856292725,1.7255351543426514,True,37.2261438369751,38.86849522590637,38.86849522590637,37.2261438369751,True,True
n02007558_flamingo,3136.0,0.0001,0.0,vgg16-7,onnx/vgg16-7.onnx,829,830,sat False,sat False,sat False,sat False,False,1.7205185890197754,1.7842791080474854,1.7842791080474854,1.7205185890197754,True,37.57827711105347,37.522106647491455,37.522106647491455,37.57827711105347,True,True
n02007558_flamingo,6272.0,0.0001,0.0,vgg16-7,onnx/vgg16-7.onnx,736,737,sat True,sat True,sat True,sat True,False,,,,,False,34.68407702445984,35.33721995353699,35.33721995353699,34.68407702445984,True,True
n02007558_flamingo,12544.0,0.0001,0.0,vgg16-7,onnx/vgg16-7.onnx,643,644,sat True,sat True,sat True,sat True,False,,,,,False,35.73916220664978,35.20174503326416,35.20174503326416,35.73916220664978,True,True
n02007558_flamingo,25088.0,0.0001,0.0,vgg16-7,onnx/vgg16-7.onnx,550,551,sat True,sat True,sat True,sat True,False,,,,,False,34.940789222717285,35.84143590927124,35.84143590927124,34.940789222717285,True,True
n02007558_flamingo,50176.0,0.0001,0.0,vgg16-7,onnx/vgg16-7.onnx,922,923,sat True,sat True,sat True,sat True,False,,,,,False,34.67327094078064,35.55108428001404,35.55108428001404,34.67327094078064,True,True
n02009229_little_blue_heron,1568.0,0.0001,0.0,vgg16-7,onnx/vgg16-7.onnx,460,461,sat False,sat False,sat False,sat False,False,1.7225806713104248,1.5243926048278809,1.5243926048278809,1.7225806713104248,True,36.77037596702576,36.78510284423828,36.78510284423828,36.77037596702576,True,True
n02009229_little_blue_heron,3136.0,0.0001,0.0,vgg16-7,onnx/vgg16-7.onnx,832,833,sat False,sat False,sat False,sat False,False,1.8283302783966064,1.8426380157470703,1.8426380157470703,1.8283302783966064,True,38.10952591896057,36.67324924468994,36.67324924468994,38.10952591896057,True,True
n02009229_little_blue_heron,6272.0,0.0001,0.0,vgg16-7,onnx/vgg16-7.onnx,739,740,sat True,sat True,sat True,sat True,False,,,,,False,35.288341999053955,35.736870527267456,35.736870527267456,35.288341999053955,True,True
n02009229_little_blue_heron,12544.0,0.0001,0.0,vgg16-7,onnx/vgg16-7.onnx,646,647,sat True,sat True,sat True,sat True,False,,,,,False,35.85691857337952,34.78341007232666,34.78341007232666,35.85691857337952,True,True
n02009229_little_blue_heron,25088.0,0.0001,0.0,vgg16-7,onnx/vgg16-7.onnx,553,554,sat True,sat True,sat True,sat True,False,,,,,False,34.931150913238525,34.938068151474,34.938068151474,34.931150913238525,True,True
n02009229_little_blue_heron,50176.0,0.0001,0.0,vgg16-7,onnx/vgg16-7.onnx,925,926,sat True,sat True,sat True,sat True,False,,,,,False,35.22686314582825,37.44005012512207,37.44005012512207,35.22686314582825,True,True
n02012849_crane,1568.0,0.0001,0.0,vgg16-7,onnx/vgg16-7.onnx,469,470,unsat False,unsat False,unsat False,unsat False,False,558.9564392566681,582.7086474895477,582.7086474895477,558.9564392566681,True,595.5962886810303,617.4879891872406,617.4879891872406,595.5962886810303,True,True
n02012849_crane,3136.0,0.0001,0.0,vgg16-7,onnx/vgg16-7.onnx,841,842,unsat False,unsat False,unsat False,unsat False,False,566.8449287414551,582.5172367095947,582.5172367095947,566.8449287414551,True,602.9853389263153,619.3884086608887,619.3884086608887,602.9853389263153,True,True
n02012849_crane,6272.0,0.0001,0.0,vgg16-7,onnx/vgg16-7.onnx,748,749,unsat False,unsat False,unsat False,unsat False,False,613.8778612613678,607.7371695041656,607.7371695041656,613.8778612613678,True,657.560052394867,651.5803830623627,651.5803830623627,657.560052394867,True,True
n02012849_crane,12544.0,0.0001,0.0,vgg16-7,onnx/vgg16-7.onnx,655,656,unsat False,unsat False,unsat False,unsat False,False,635.0131757259369,661.8236582279205,661.8236582279205,635.0131757259369,True,678.6225025653839,708.2222051620483,708.2222051620483,678.6225025653839,True,True
n02012849_crane,25088.0,0.0001,0.0,vgg16-7,onnx/vgg16-7.onnx,562,563,unsat False,timeout False,timeout False,unsat False,True,631.7120108604431,2203.4429602622986,2203.4429602622986,631.7120108604431,True,674.3164336681366,2251.9393060207367,2251.9393060207367,674.3164336681366,True,True
n02012849_crane,50176.0,0.0001,0.0,vgg16-7,onnx/vgg16-7.onnx,934,935,unsat False,timeout False,timeout False,unsat False,True,686.367353439331,2978.0216121673584,2978.0216121673584,686.367353439331,True,740.4424152374268,3020.61243891716,3020.61243891716,740.4424152374268,True,True
n02033041_dowitcher,1568.0,0.0001,0.0,vgg16-7,onnx/vgg16-7.onnx,151,152,unsat False,unsat False,unsat False,unsat False,False,581.235812664032,586.2525534629822,586.2525534629822,581.235812664032,True,588.3928213119507,591.7205045223236,591.7205045223236,588.3928213119507,True,True
n02033041_dowitcher,3136.0,0.0001,0.0,vgg16-7,onnx/vgg16-7.onnx,157,158,unsat False,unsat False,unsat False,unsat False,False,588.2244873046875,632.7014338970184,632.7014338970184,588.2244873046875,True,595.6416518688202,639.9314503669739,639.9314503669739,595.6416518688202,True,True
n02033041_dowitcher,6272.0,0.0001,0.0,vgg16-7,onnx/vgg16-7.onnx,148,149,unsat False,unsat False,unsat False,unsat False,False,588.3335733413696,662.604730129242,662.604730129242,588.3335733413696,True,595.9632279872894,676.6614997386932,676.6614997386932,595.9632279872894,True,True
n02033041_dowitcher,12544.0,0.0001,0.0,vgg16-7,onnx/vgg16-7.onnx,154,155,unsat False,unsat False,unsat False,unsat False,False,612.84375166893,679.7541108131409,679.7541108131409,612.84375166893,True,620.4249527454376,693.7665376663208,693.7665376663208,620.4249527454376,True,True
n02033041_dowitcher,25088.0,0.0001,0.0,vgg16-7,onnx/vgg16-7.onnx,160,161,unsat False,unsat False,unsat False,unsat False,False,648.3748683929443,754.6129653453827,754.6129653453827,648.3748683929443,True,653.6047174930573,768.5647950172424,768.5647950172424,653.6047174930573,True,True
n02033041_dowitcher,50176.0,0.0001,0.0,vgg16-7,onnx/vgg16-7.onnx,145,146,unsat False,timeout False,timeout False,unsat False,True,672.2429432868958,2674.1559026241302,2674.1559026241302,672.2429432868958,True,686.9713325500488,2688.848077774048,2688.848077774048,686.9713325500488,True,True
n02086646_Blenheim_spaniel,1568.0,0.0001,0.0,vgg16-7,onnx/vgg16-7.onnx,2086,2087,unsat False,unsat False,unsat False,unsat False,False,607.1750354766846,602.6657564640045,602.6657564640045,607.1750354766846,True,643.2788324356079,638.1497375965118,638.1497375965118,643.2788324356079,True,True
n02086646_Blenheim_spaniel,3136.0,0.0001,0.0,vgg16-7,onnx/vgg16-7.onnx,2212,2213,unsat False,unsat False,unsat False,unsat False,False,645.5277898311615,628.0983693599701,628.0983693599701,645.5277898311615,True,682.4146840572357,662.4232110977173,662.4232110977173,682.4146840572357,True,True
n02086646_Blenheim_spaniel,6272.0,0.0001,0.0,vgg16-7,onnx/vgg16-7.onnx,2401,2402,unsat False,unsat False,unsat False,unsat False,False,640.4493200778961,634.2431573867798,634.2431573867798,640.4493200778961,True,686.3036158084869,679.4084944725037,679.4084944725037,686.3036158084869,True,True
n02086646_Blenheim_spaniel,12544.0,0.0001,0.0,vgg16-7,onnx/vgg16-7.onnx,2338,2339,unsat False,unsat False,unsat False,unsat False,False,662.5465013980865,651.6785159111023,651.6785159111023,662.5465013980865,True,707.6546249389648,696.8360714912415,696.8360714912415,707.6546249389648,True,True
n02086646_Blenheim_spaniel,25088.0,0.0001,0.0,vgg16-7,onnx/vgg16-7.onnx,2149,2150,unsat False,unsat False,unsat False,unsat False,False,722.781121969223,709.6239335536957,709.6239335536957,722.781121969223,True,768.0669984817505,753.8218302726746,753.8218302726746,768.0669984817505,True,True
n02086646_Blenheim_spaniel,50176.0,0.0001,0.0,vgg16-7,onnx/vgg16-7.onnx,2275,2276,unsat False,unsat False,unsat False,unsat False,False,723.8839700222015,715.2251040935516,715.2251040935516,723.8839700222015,True,768.8471279144287,760.5500140190125,760.5500140190125,768.8471279144287,True,True
n02086910_papillon,1568.0,0.0001,0.0,vgg16-7,onnx/vgg16-7.onnx,2089,2090,sat False,sat False,sat False,sat False,False,1.0058701038360596,1.72802734375,1.72802734375,1.0058701038360596,True,36.1334810256958,36.95300269126892,36.95300269126892,36.1334810256958,True,True
n02086910_papillon,3136.0,0.0001,0.0,vgg16-7,onnx/vgg16-7.onnx,2215,2216,sat False,sat False,sat False,sat False,False,1.7636728286743164,1.6859276294708252,1.6859276294708252,1.7636728286743164,True,36.905165910720825,36.47172045707703,36.47172045707703,36.905165910720825,True,True
n02086910_papillon,6272.0,0.0001,0.0,vgg16-7,onnx/vgg16-7.onnx,2404,2405,sat True,sat True,sat True,sat True,False,,,,,False,35.61794471740723,35.45549845695496,35.45549845695496,35.61794471740723,True,True
n02086910_papillon,12544.0,0.0001,0.0,vgg16-7,onnx/vgg16-7.onnx,2341,2342,sat True,sat True,sat True,sat True,False,,,,,False,35.67154288291931,34.112732887268066,34.112732887268066,35.67154288291931,True,True
n02086910_papillon,25088.0,0.0001,0.0,vgg16-7,onnx/vgg16-7.onnx,2152,2153,sat True,sat True,sat True,sat True,False,,,,,False,37.14893841743469,34.8643753528595,34.8643753528595,37.14893841743469,True,True
n02086910_papillon,50176.0,0.0001,0.0,vgg16-7,onnx/vgg16-7.onnx,2278,2279,sat True,sat True,sat True,sat True,False,,,,,False,35.87223505973816,36.21338176727295,36.21338176727295,35.87223505973816,True,True
n02099267_flat-coated_retriever,1568.0,0.0001,0.0,vgg16-7,onnx/vgg16-7.onnx,2809,2810,sat False,sat False,sat False,sat False,False,1.772035837173462,1.7448945045471191,1.7448945045471191,1.772035837173462,True,36.545629024505615,37.17154359817505,37.17154359817505,36.545629024505615,True,True
n02099267_flat-coated_retriever,3136.0,0.0001,0.0,vgg16-7,onnx/vgg16-7.onnx,2632,2633,sat False,sat False,sat False,sat False,False,1.7863922119140625,1.776994705200195,1.776994705200195,1.7863922119140625,True,38.67367100715637,37.90061688423157,37.90061688423157,38.67367100715637,True,True
n02099267_flat-coated_retriever,6272.0,0.0001,0.0,vgg16-7,onnx/vgg16-7.onnx,2458,2459,sat True,sat True,sat True,sat True,False,,,,,False,36.35151886940002,35.04259276390076,35.04259276390076,36.35151886940002,True,True
n02099267_flat-coated_retriever,12544.0,0.0001,0.0,vgg16-7,onnx/vgg16-7.onnx,2545,2546,sat True,sat True,sat True,sat True,False,,,,,False,36.29109930992127,35.07384157180786,35.07384157180786,36.29109930992127,True,True
n02099267_flat-coated_retriever,25088.0,0.0001,0.0,vgg16-7,onnx/vgg16-7.onnx,2896,2897,sat True,sat True,sat True,sat True,False,,,,,False,35.18652963638306,36.73212146759033,36.73212146759033,35.18652963638306,True,True
n02099267_flat-coated_retriever,50176.0,0.0001,0.0,vgg16-7,onnx/vgg16-7.onnx,2719,2720,sat True,sat True,sat True,sat True,False,,,,,False,37.22166967391968,35.07390260696411,35.07390260696411,37.22166967391968,True,True
n02099601_golden_retriever,1568.0,0.0001,0.0,vgg16-7,onnx/vgg16-7.onnx,2812,2813,sat False,sat False,sat False,sat False,False,1.959930181503296,1.8192851543426511,1.8192851543426511,1.959930181503296,True,39.045103311538696,39.38803839683533,39.38803839683533,39.045103311538696,True,True
n02099601_golden_retriever,3136.0,0.0001,0.0,vgg16-7,onnx/vgg16-7.onnx,2635,2636,sat False,sat False,sat False,sat False,False,0.8729488849639893,1.8029119968414309,1.8029119968414309,0.8729488849639893,True,37.15001964569092,38.61607098579407,38.61607098579407,37.15001964569092,True,True
n02099601_golden_retriever,6272.0,0.0001,0.0,vgg16-7,onnx/vgg16-7.onnx,2461,2462,sat True,sat True,sat True,sat True,False,,,,,False,37.209789752960205,36.86530613899231,36.86530613899231,37.209789752960205,True,True
n02099601_golden_retriever,12544.0,0.0001,0.0,vgg16-7,onnx/vgg16-7.onnx,2548,2549,sat True,sat True,sat True,sat True,False,,,,,False,38.0707745552063,36.17328405380249,36.17328405380249,38.0707745552063,True,True
n02099601_golden_retriever,25088.0,0.0001,0.0,vgg16-7,onnx/vgg16-7.onnx,2899,2900,sat True,sat True,sat True,sat True,False,,,,,False,38.77052974700928,38.709304332733154,38.709304332733154,38.77052974700928,True,True
n02099601_golden_retriever,50176.0,0.0001,0.0,vgg16-7,onnx/vgg16-7.onnx,2722,2723,sat True,sat True,sat True,sat True,False,,,,,False,37.478108644485474,36.42542576789856,36.42542576789856,37.478108644485474,True,True
n02100877_Irish_setter,1568.0,0.0001,0.0,vgg16-7,onnx/vgg16-7.onnx,2830,2831,sat False,sat False,sat False,sat False,False,1.749067783355713,1.829117774963379,1.829117774963379,1.749067783355713,True,36.53485250473023,37.25462913513184,37.25462913513184,36.53485250473023,True,True
n02100877_Irish_setter,3136.0,0.0001,0.0,vgg16-7,onnx/vgg16-7.onnx,2653,2654,sat False,sat False,sat False,sat False,False,1.7161273956298828,1.5168123245239258,1.5168123245239258,1.7161273956298828,True,37.40808820724487,36.84033226966858,36.84033226966858,37.40808820724487,True,True
n02100877_Irish_setter,6272.0,0.0001,0.0,vgg16-7,onnx/vgg16-7.onnx,2479,2480,sat True,sat True,sat True,sat True,False,,,,,False,35.10680675506592,37.09089756011963,37.09089756011963,35.10680675506592,True,True
n02100877_Irish_setter,12544.0,0.0001,0.0,vgg16-7,onnx/vgg16-7.onnx,2566,2567,sat True,sat True,sat True,sat True,False,,,,,False,35.37009286880493,36.08223509788513,36.08223509788513,35.37009286880493,True,True
n02100877_Irish_setter,25088.0,0.0001,0.0,vgg16-7,onnx/vgg16-7.onnx,2917,2918,sat True,sat True,sat True,sat True,False,,,,,False,35.169896602630615,35.329660177230835,35.329660177230835,35.169896602630615,True,True
n02100877_Irish_setter,50176.0,0.0001,0.0,vgg16-7,onnx/vgg16-7.onnx,2740,2741,sat True,sat True,sat True,sat True,False,,,,,False,37.89325141906738,35.07177186012268,35.07177186012268,37.89325141906738,True,True
n02102040_English_springer,1568.0,0.0001,0.0,vgg16-7,onnx/vgg16-7.onnx,2839,2840,sat False,sat False,sat False,sat False,False,0.9492769241333008,0.897219181060791,0.897219181060791,0.9492769241333008,True,34.65788269042969,34.98488020896912,34.98488020896912,34.65788269042969,True,True
n02102040_English_springer,3136.0,0.0001,0.0,vgg16-7,onnx/vgg16-7.onnx,2662,2663,sat False,sat False,sat False,sat False,False,0.9016647338867188,1.198690414428711,1.198690414428711,0.9016647338867188,True,35.17406606674194,35.60820555686951,35.60820555686951,35.17406606674194,True,True
n02102040_English_springer,6272.0,0.0001,0.0,vgg16-7,onnx/vgg16-7.onnx,2488,2489,sat True,sat True,sat True,sat True,False,,,,,False,32.88518691062927,32.34107995033264,32.34107995033264,32.88518691062927,True,True
n02102040_English_springer,12544.0,0.0001,0.0,vgg16-7,onnx/vgg16-7.onnx,2575,2576,sat True,sat True,sat True,sat True,False,,,,,False,33.44926953315735,35.077038526535034,35.077038526535034,33.44926953315735,True,True
n02102040_English_springer,25088.0,0.0001,0.0,vgg16-7,onnx/vgg16-7.onnx,2926,2927,sat True,sat True,sat True,sat True,False,,,,,False,34.74262619018555,36.60756349563599,36.60756349563599,34.74262619018555,True,True
n02102040_English_springer,50176.0,0.0001,0.0,vgg16-7,onnx/vgg16-7.onnx,2749,2750,sat True,sat True,sat True,sat True,False,,,,,False,36.49562382698059,35.50915312767029,35.50915312767029,36.49562382698059,True,True
n02104365_schipperke,1568.0,0.0001,0.0,vgg16-7,onnx/vgg16-7.onnx,2857,2858,unsat False,unsat False,unsat False,unsat False,False,556.1344828605652,563.2138049602509,563.2138049602509,556.1344828605652,True,592.6685080528259,601.7569208145142,601.7569208145142,592.6685080528259,True,True
n02104365_schipperke,3136.0,0.0001,0.0,vgg16-7,onnx/vgg16-7.onnx,2680,2681,unsat False,unsat False,unsat False,unsat False,False,587.8101696968079,575.1800463199615,575.1800463199615,587.8101696968079,True,624.4888951778412,610.8310477733612,610.8310477733612,624.4888951778412,True,True
n02104365_schipperke,6272.0,0.0001,0.0,vgg16-7,onnx/vgg16-7.onnx,2506,2507,unsat False,unsat False,unsat False,unsat False,False,611.0191504955292,617.74964594841,617.74964594841,611.0191504955292,True,653.7790470123291,661.301219701767,661.301219701767,653.7790470123291,True,True
n02104365_schipperke,12544.0,0.0001,0.0,vgg16-7,onnx/vgg16-7.onnx,2593,2594,unsat False,unsat False,unsat False,unsat False,False,619.734964132309,646.1368260383606,646.1368260383606,619.734964132309,True,663.2385709285736,690.8866679668427,690.8866679668427,663.2385709285736,True,True
n02105855_Shetland_sheepdog,1568.0,0.0001,0.0,vgg16-7,onnx/vgg16-7.onnx,2878,2879,sat False,sat False,sat False,sat False,False,1.7495245933532717,1.7859611511230469,1.7859611511230469,1.7495245933532717,True,39.46371102333069,39.190245151519775,39.190245151519775,39.46371102333069,True,True
n02105855_Shetland_sheepdog,3136.0,0.0001,0.0,vgg16-7,onnx/vgg16-7.onnx,2701,2702,sat False,sat False,sat False,sat False,False,1.747772216796875,1.8193533420562744,1.8193533420562744,1.747772216796875,True,38.87331581115723,38.58182239532471,38.58182239532471,38.87331581115723,True,True
n02105855_Shetland_sheepdog,6272.0,0.0001,0.0,vgg16-7,onnx/vgg16-7.onnx,2527,2528,sat True,sat True,sat True,sat True,False,,,,,False,39.20756030082703,38.94525074958801,38.94525074958801,39.20756030082703,True,True
n02105855_Shetland_sheepdog,12544.0,0.0001,0.0,vgg16-7,onnx/vgg16-7.onnx,2614,2615,sat True,sat True,sat True,sat True,False,,,,,False,36.7070369720459,40.18263697624207,40.18263697624207,36.7070369720459,True,True
n02105855_Shetland_sheepdog,25088.0,0.0001,0.0,vgg16-7,onnx/vgg16-7.onnx,2962,2963,sat True,sat True,sat True,sat True,False,,,,,False,37.600228786468506,38.73009443283081,38.73009443283081,37.600228786468506,True,True
n02105855_Shetland_sheepdog,50176.0,0.0001,0.0,vgg16-7,onnx/vgg16-7.onnx,2785,2786,sat True,sat True,sat True,sat True,False,,,,,False,37.93789887428284,40.0879340171814,40.0879340171814,37.93789887428284,True,True
n02110806_basenji,1568.0,0.0001,0.0,vgg16-7,onnx/vgg16-7.onnx,1180,1181,sat False,sat False,sat False,sat False,False,1.8688867092132568,1.795180320739746,1.795180320739746,1.8688867092132568,True,39.00501728057861,38.33153820037842,38.33153820037842,39.00501728057861,True,True
n02110806_basenji,3136.0,0.0001,0.0,vgg16-7,onnx/vgg16-7.onnx,1408,1409,sat False,sat False,sat False,sat False,False,1.8344676494598389,1.7984111309051514,1.7984111309051514,1.8344676494598389,True,39.86413788795471,36.54813551902771,36.54813551902771,39.86413788795471,True,True
n02110806_basenji,6272.0,0.0001,0.0,vgg16-7,onnx/vgg16-7.onnx,1237,1238,sat True,sat True,sat True,sat True,False,,,,,False,35.683021783828735,38.85996603965759,38.85996603965759,35.683021783828735,True,True
n02110806_basenji,12544.0,0.0001,0.0,vgg16-7,onnx/vgg16-7.onnx,1294,1295,sat True,sat True,sat True,sat True,False,,,,,False,37.07400321960449,35.424795389175415,35.424795389175415,37.07400321960449,True,True
n02110806_basenji,25088.0,0.0001,0.0,vgg16-7,onnx/vgg16-7.onnx,1123,1124,sat True,sat True,sat True,sat True,False,,,,,False,38.43274402618408,35.29404401779175,35.29404401779175,38.43274402618408,True,True
n02110806_basenji,50176.0,0.0001,0.0,vgg16-7,onnx/vgg16-7.onnx,1351,1352,sat True,sat True,sat True,sat True,False,,,,,False,36.88282942771912,35.00793027877808,35.00793027877808,36.88282942771912,True,True
n02113023_Pembroke,1568.0,0.0001,0.0,vgg16-7,onnx/vgg16-7.onnx,1204,1205,sat False,sat False,sat False,sat False,False,1.7415966987609863,1.735386610031128,1.735386610031128,1.7415966987609863,True,39.11959719657898,37.75970125198364,37.75970125198364,39.11959719657898,True,True
n02113023_Pembroke,3136.0,0.0001,0.0,vgg16-7,onnx/vgg16-7.onnx,1432,1433,sat False,sat False,sat False,sat False,False,0.916454553604126,0.9222366809844972,0.9222366809844972,0.916454553604126,True,34.60834240913391,37.26267099380493,37.26267099380493,34.60834240913391,True,True
n02113023_Pembroke,6272.0,0.0001,0.0,vgg16-7,onnx/vgg16-7.onnx,1261,1262,sat True,sat True,sat True,sat True,False,,,,,False,35.449806690216064,34.663318395614624,34.663318395614624,35.449806690216064,True,True
n02113023_Pembroke,12544.0,0.0001,0.0,vgg16-7,onnx/vgg16-7.onnx,1318,1319,sat True,sat True,sat True,sat True,False,,,,,False,37.45778512954712,34.562700271606445,34.562700271606445,37.45778512954712,True,True
n02113023_Pembroke,25088.0,0.0001,0.0,vgg16-7,onnx/vgg16-7.onnx,1147,1148,sat True,sat True,sat True,sat True,False,,,,,False,34.727739095687866,37.184268951416016,37.184268951416016,34.727739095687866,True,True
n02113023_Pembroke,50176.0,0.0001,0.0,vgg16-7,onnx/vgg16-7.onnx,1375,1376,sat True,sat True,sat True,sat True,False,,,,,False,36.17852830886841,34.31760573387146,34.31760573387146,36.17852830886841,True,True
n02113186_Cardigan,1568.0,0.0001,0.0,vgg16-7,onnx/vgg16-7.onnx,1207,1208,unsat False,unsat False,unsat False,unsat False,False,503.4382138252258,543.7281827926636,543.7281827926636,503.4382138252258,True,539.4607937335968,587.1492354869843,587.1492354869843,539.4607937335968,True,True
n02113186_Cardigan,3136.0,0.0001,0.0,vgg16-7,onnx/vgg16-7.onnx,1435,1436,unsat False,unsat False,unsat False,unsat False,False,523.1716918945312,558.9579322338104,558.9579322338104,523.1716918945312,True,558.5089046955109,594.7927191257477,594.7927191257477,558.5089046955109,True,True
n02113186_Cardigan,6272.0,0.0001,0.0,vgg16-7,onnx/vgg16-7.onnx,1264,1265,unsat False,unsat False,unsat False,unsat False,False,537.1258609294891,580.7088253498077,580.7088253498077,537.1258609294891,True,583.1122019290924,624.1113669872284,624.1113669872284,583.1122019290924,True,True
n02113186_Cardigan,12544.0,0.0001,0.0,vgg16-7,onnx/vgg16-7.onnx,1321,1322,unsat False,unsat False,unsat False,unsat False,False,544.2654917240143,605.4670495986938,605.4670495986938,544.2654917240143,True,586.5062484741211,646.8423550128937,646.8423550128937,586.5062484741211,True,True
n02113186_Cardigan,25088.0,0.0001,0.0,vgg16-7,onnx/vgg16-7.onnx,1150,1151,unsat False,unsat False,unsat False,unsat False,False,544.4376389980316,643.9098999500275,643.9098999500275,544.4376389980316,True,588.6239156723022,688.6814754009247,688.6814754009247,588.6239156723022,True,True
n02113186_Cardigan,50176.0,0.0001,0.0,vgg16-7,onnx/vgg16-7.onnx,1378,1379,unsat False,timeout False,timeout False,unsat False,True,544.0688915252686,2143.5214762687683,2143.5214762687683,544.0688915252686,True,586.473827123642,2192.6353590488434,2192.6353590488434,586.473827123642,True,True
n02113712_miniature_poodle,1568.0,0.0001,0.0,vgg16-7,onnx/vgg16-7.onnx,1213,1214,unsat False,unsat False,unsat False,unsat False,False,545.4049599170685,544.3111083507538,544.3111083507538,545.4049599170685,True,581.1772933006287,582.537810087204,582.537810087204,581.1772933006287,True,True
n02113712_miniature_poodle,3136.0,0.0001,0.0,vgg16-7,onnx/vgg16-7.onnx,1441,1442,unsat False,unsat False,unsat False,unsat False,False,558.662670135498,568.0910181999207,568.0910181999207,558.662670135498,True,594.0655727386475,606.7340626716614,606.7340626716614,594.0655727386475,True,True
n02113712_miniature_poodle,6272.0,0.0001,0.0,vgg16-7,onnx/vgg16-7.onnx,1270,1271,unsat False,unsat False,unsat False,unsat False,False,608.5588979721069,600.9981248378754,600.9981248378754,608.5588979721069,True,653.3230352401733,647.6077785491943,647.6077785491943,653.3230352401733,True,True
n02113712_miniature_poodle,12544.0,0.0001,0.0,vgg16-7,onnx/vgg16-7.onnx,1327,1328,unsat False,unsat False,unsat False,unsat False,False,638.2836797237396,645.6846811771393,645.6846811771393,638.2836797237396,True,684.8190796375275,690.2145001888275,690.2145001888275,684.8190796375275,True,True
n02113712_miniature_poodle,25088.0,0.0001,0.0,vgg16-7,onnx/vgg16-7.onnx,1171,1172,unsat False,unsat False,unsat False,unsat False,False,638.2836797237396,645.6846811771393,645.6846811771393,638.2836797237396,True,684.8190796375275,690.2145001888275,690.2145001888275,684.8190796375275,True,True
n02113712_miniature_poodle,50176.0,0.0001,0.0,vgg16-7,onnx/vgg16-7.onnx,1384,1385,unsat False,unsat False,unsat False,unsat False,False,687.1113710403442,667.277444601059,667.277444601059,687.1113710403442,True,730.8472356796265,712.032075881958,712.032075881958,730.8472356796265,True,True
n02113799_standard_poodle,1568.0,0.0001,0.0,vgg16-7,onnx/vgg16-7.onnx,1216,1217,unsat False,unsat False,unsat False,unsat False,False,608.3521921634674,600.3414232730865,600.3414232730865,608.3521921634674,True,647.2661900520325,637.8805754184723,637.8805754184723,647.2661900520325,True,True
n02113799_standard_poodle,3136.0,0.0001,0.0,vgg16-7,onnx/vgg16-7.onnx,1444,1445,unsat False,unsat False,unsat False,unsat False,False,624.3553004264832,612.272492647171,612.272492647171,624.3553004264832,True,664.810934305191,650.4544925689697,650.4544925689697,664.810934305191,True,True
n02113799_standard_poodle,6272.0,0.0001,0.0,vgg16-7,onnx/vgg16-7.onnx,1273,1274,unsat False,unsat False,unsat False,unsat False,False,643.2436466217041,657.9786615371704,657.9786615371704,643.2436466217041,True,695.2517488002777,706.1725027561188,706.1725027561188,695.2517488002777,True,True
n02113799_standard_poodle,12544.0,0.0001,0.0,vgg16-7,onnx/vgg16-7.onnx,1330,1331,unsat False,unsat False,unsat False,unsat False,False,685.7392632961273,678.2189545631409,678.2189545631409,685.7392632961273,True,733.7676734924316,727.3384895324707,727.3384895324707,733.7676734924316,True,True
n02113799_standard_poodle,25088.0,0.0001,0.0,vgg16-7,onnx/vgg16-7.onnx,1156,1157,unsat False,unsat False,unsat False,unsat False,False,711.8730340003967,720.7840895652771,720.7840895652771,711.8730340003967,True,760.4419584274292,766.9466152191162,766.9466152191162,760.4419584274292,True,True
n02113799_standard_poodle,50176.0,0.0001,0.0,vgg16-7,onnx/vgg16-7.onnx,1387,1388,unsat False,unsat False,unsat False,unsat False,False,710.4469592571259,727.1032283306122,727.1032283306122,710.4469592571259,True,757.412921667099,774.9732685089111,774.9732685089111,757.412921667099,True,True
