image,imagenet_id,segment_index,tag,mask_path,resolved_mask_path,status,r,lambda,c,outer_frac,flip_score,is_flipped,decision_rule
n01443537_goldfish,1,0,fix_mask,property_masks/n01443537_goldfish_fix_mask_seg0_k50176_eps_0.0001.npz,/Users/zd3504phd/Desktop/XAIV/benchmarks/vggnet16_benchmark2022_segmented_all_imgs/debug_vis/property_masks/n01443537_goldfish_fix_mask_seg0_k50176_eps_0.0001.npz,ok,0.1870017538265306,0.734626452094213,0.2509858254289673,0.4530533944367473,-0.11537354790578702,False,default
n01484850_great_white_shark,2,0,fix_mask,property_masks/n01484850_great_white_shark_fix_mask_seg0_k50176_eps_0.0001.npz,/Users/zd3504phd/Desktop/XAIV/benchmarks/vggnet16_benchmark2022_segmented_all_imgs/debug_vis/property_masks/n01484850_great_white_shark_fix_mask_seg0_k50176_eps_0.0001.npz,ok,0.0977359693877551,0.6117455138662317,0.07259380097879282,0.8715334420880914,0.16022244208809133,True,outer_band_dominant
n01491361_tiger_shark,3,0,fix_mask,property_masks/n01491361_tiger_shark_fix_mask_seg0_k50176_eps_0.0001.npz,/Users/zd3504phd/Desktop/XAIV/benchmarks/vggnet16_benchmark2022_segmented_all_imgs/debug_vis/property_masks/n01491361_tiger_shark_fix_mask_seg0_k50176_eps_0.0001.npz,ok,0.0245336415816326,0.3704305442729488,0.7806661251015434,0.11291632818846466,-0.3773713584183674,False,small_mask_guard
n01496331_electric_ray,5,0,fix_mask,property_masks/n01496331_electric_ray_fix_mask_seg0_k50176_eps_0.0001.npz,/Users/zd3504phd/Desktop/XAIV/benchmarks/vggnet16_benchmark2022_segmented_all_imgs/debug_vis/property_masks/n01496331_electric_ray_fix_mask_seg0_k50176_eps_0.0001.npz,ok,0.0638552295918367,0.33052434456928836,0.02278401997503121,0.9179151061173533,0.20660410611735325,False,small_mask_guard
n01514668_cock,7,0,fix_mask,property_masks/n01514668_cock_fix_mask_seg0_k50176_eps_0.0001.npz,/Users/zd3504phd/Desktop/XAIV/benchmarks/vggnet16_benchmark2022_segmented_all_imgs/debug_vis/property_masks/n01514668_cock_fix_mask_seg0_k50176_eps_0.0001.npz,ok,0.0552056760204081,0.24981949458483754,0.4389891696750903,0.24332129963898916,-0.3466993239795919,False,small_mask_guard
n01514859_hen,8,0,fix_mask,property_masks/n01514859_hen_fix_mask_seg0_k50176_eps_0.0001.npz,/Users/zd3504phd/Desktop/XAIV/benchmarks/vggnet16_benchmark2022_segmented_all_imgs/debug_vis/property_masks/n01514859_hen_fix_mask_seg0_k50176_eps_0.0001.npz,ok,0.3617466517857143,0.5318164288468955,0.12148091014269186,0.6438763704479092,-0.04015834821428571,False,default
n01518878_ostrich,9,0,fix_mask,property_masks/n01518878_ostrich_fix_mask_seg0_k50176_eps_0.0001.npz,/Users/zd3504phd/Desktop/XAIV/benchmarks/vggnet16_benchmark2022_segmented_all_imgs/debug_vis/property_masks/n01518878_ostrich_fix_mask_seg0_k50176_eps_0.0001.npz,ok,0.1711375956632653,0.8865727262140445,0.44800279492255735,0.35111214626761383,-0.12886240433673468,False,default
n01530575_brambling,10,0,fix_mask,property_masks/n01530575_brambling_fix_mask_seg0_k50176_eps_0.0001.npz,/Users/zd3504phd/Desktop/XAIV/benchmarks/vggnet16_benchmark2022_segmented_all_imgs/debug_vis/property_masks/n01530575_brambling_fix_mask_seg0_k50176_eps_0.0001.npz,ok,0.1125837053571428,0.3552841210833776,0.30412462382722605,0.44326429456540983,-0.2680467054345902,False,default
n02033041_dowitcher,142,0,fix_mask,property_masks/n02033041_dowitcher_fix_mask_seg0_k50176_eps_0.0001.npz,/Users/zd3504phd/Desktop/XAIV/benchmarks/vggnet16_benchmark2022_segmented_all_imgs/debug_vis/property_masks/n02033041_dowitcher_fix_mask_seg0_k50176_eps_0.0001.npz,ok,0.1229272959183673,0.6467250324254216,0.643644617380026,0.27675097276264593,-0.15327496757457848,False,default
n01742172_boa_constrictor,61,0,fix_mask,property_masks/n01742172_boa_constrictor_fix_mask_seg0_k50176_eps_0.0001.npz,/Users/zd3504phd/Desktop/XAIV/benchmarks/vggnet16_benchmark2022_segmented_all_imgs/debug_vis/property_masks/n01742172_boa_constrictor_fix_mask_seg0_k50176_eps_0.0001.npz,ok,0.1983219068877551,0.45925032660034165,0.11767661541553613,0.7470605969249322,0.03574959692493218,True,outer_band_dominant
n01744401_rock_python,62,0,fix_mask,property_masks/n01744401_rock_python_fix_mask_seg0_k50176_eps_0.0001.npz,/Users/zd3504phd/Desktop/XAIV/benchmarks/vggnet16_benchmark2022_segmented_all_imgs/debug_vis/property_masks/n01744401_rock_python_fix_mask_seg0_k50176_eps_0.0001.npz,ok,0.4960339604591837,0.2980031339145807,0.13576278677327333,0.5418457953312709,0.09412896045918367,True,large_mask_ratio
n01748264_Indian_cobra,63,0,fix_mask,property_masks/n01748264_Indian_cobra_fix_mask_seg0_k50176_eps_0.0001.npz,/Users/zd3504phd/Desktop/XAIV/benchmarks/vggnet16_benchmark2022_segmented_all_imgs/debug_vis/property_masks/n01748264_Indian_cobra_fix_mask_seg0_k50176_eps_0.0001.npz,ok,0.1277901785714285,0.4650655021834061,0.0031191515907673115,0.9148471615720524,0.20353616157205234,True,outer_band_dominant
n01755581_diamondback,67,0,fix_mask,property_masks/n01755581_diamondback_fix_mask_seg0_k50176_eps_0.0001.npz,/Users/zd3504phd/Desktop/XAIV/benchmarks/vggnet16_benchmark2022_segmented_all_imgs/debug_vis/property_masks/n01755581_diamondback_fix_mask_seg0_k50176_eps_0.0001.npz,ok,0.1075613839285714,0.4561793589030943,0.06614785992217899,0.849360755975542,0.13804975597554192,True,outer_band_dominant
n01756291_sidewinder,68,0,fix_mask,property_masks/n01756291_sidewinder_fix_mask_seg0_k50176_eps_0.0001.npz,/Users/zd3504phd/Desktop/XAIV/benchmarks/vggnet16_benchmark2022_segmented_all_imgs/debug_vis/property_masks/n01756291_sidewinder_fix_mask_seg0_k50176_eps_0.0001.npz,ok,0.220962213010204,0.2278344006494092,0.015874447551186072,0.7804636060250744,0.06915260602507434,True,outer_band_dominant
n01768244_trilobite,69,0,fix_mask,property_masks/n01768244_trilobite_fix_mask_seg0_k50176_eps_0.0001.npz,/Users/zd3504phd/Desktop/XAIV/benchmarks/vggnet16_benchmark2022_segmented_all_imgs/debug_vis/property_masks/n01768244_trilobite_fix_mask_seg0_k50176_eps_0.0001.npz,ok,0.0423708545918367,0.05456255879586077,0.19002822201317027,0.39040451552210725,-0.17566822201317026,False,small_mask_guard
n01770081_harvestman,70,0,fix_mask,property_masks/n01770081_harvestman_fix_mask_seg0_k50176_eps_0.0001.npz,/Users/zd3504phd/Desktop/XAIV/benchmarks/vggnet16_benchmark2022_segmented_all_imgs/debug_vis/property_masks/n01770081_harvestman_fix_mask_seg0_k50176_eps_0.0001.npz,ok,0.1191007653061224,0.3309906291834003,0.2605421686746988,0.571285140562249,-0.14002585943775103,False,default
n01704323_triceratops,51,0,fix_mask,property_masks/n01704323_triceratops_fix_mask_seg0_k50176_eps_0.0001.npz,/Users/zd3504phd/Desktop/XAIV/benchmarks/vggnet16_benchmark2022_segmented_all_imgs/debug_vis/property_masks/n01704323_triceratops_fix_mask_seg0_k50176_eps_0.0001.npz,ok,0.0251116071428571,0.11587301587301588,0.4523809523809524,0.38571428571428573,-0.3255967142857143,False,small_mask_guard
n01728920_ringneck_snake,53,0,fix_mask,property_masks/n01728920_ringneck_snake_fix_mask_seg0_k50176_eps_0.0001.npz,/Users/zd3504phd/Desktop/XAIV/benchmarks/vggnet16_benchmark2022_segmented_all_imgs/debug_vis/property_masks/n01728920_ringneck_snake_fix_mask_seg0_k50176_eps_0.0001.npz,ok,0.4682118941326531,0.39799089090367346,0.27897671646873534,0.5047460945813647,0.06630689413265306,True,large_mask_ratio
n01735189_garter_snake,57,0,fix_mask,property_masks/n01735189_garter_snake_fix_mask_seg0_k50176_eps_0.0001.npz,/Users/zd3504phd/Desktop/XAIV/benchmarks/vggnet16_benchmark2022_segmented_all_imgs/debug_vis/property_masks/n01735189_garter_snake_fix_mask_seg0_k50176_eps_0.0001.npz,ok,0.1040537308673469,0.12353955180999808,0.09251101321585903,0.5629189810381153,-0.07815101321585903,False,default
n01737021_water_snake,58,0,fix_mask,property_masks/n01737021_water_snake_fix_mask_seg0_k50176_eps_0.0001.npz,/Users/zd3504phd/Desktop/XAIV/benchmarks/vggnet16_benchmark2022_segmented_all_imgs/debug_vis/property_masks/n01737021_water_snake_fix_mask_seg0_k50176_eps_0.0001.npz,ok,0.0796595982142857,0.7798348761571179,0.6927695771828871,0.04003002251688766,-0.09034040178571431,False,small_mask_guard
n01739381_vine_snake,59,0,fix_mask,property_masks/n01739381_vine_snake_fix_mask_seg0_k50176_eps_0.0001.npz,/Users/zd3504phd/Desktop/XAIV/benchmarks/vggnet16_benchmark2022_segmented_all_imgs/debug_vis/property_masks/n01739381_vine_snake_fix_mask_seg0_k50176_eps_0.0001.npz,ok,0.4339524872448979,0.5591990447322495,0.11040690732065767,0.6211995958482593,0.032047487244897865,True,large_mask_ratio
n01871265_tusker,101,0,fix_mask,property_masks/n01871265_tusker_fix_mask_seg0_k50176_eps_0.0001.npz,/Users/zd3504phd/Desktop/XAIV/benchmarks/vggnet16_benchmark2022_segmented_all_imgs/debug_vis/property_masks/n01871265_tusker_fix_mask_seg0_k50176_eps_0.0001.npz,ok,0.3886918048469387,0.6701020355842691,0.05881146490283546,0.7154796697943906,0.004168669794390567,True,outer_band_dominant
n01872401_echidna,102,0,fix_mask,property_masks/n01872401_echidna_fix_mask_seg0_k50176_eps_0.0001.npz,/Users/zd3504phd/Desktop/XAIV/benchmarks/vggnet16_benchmark2022_segmented_all_imgs/debug_vis/property_masks/n01872401_echidna_fix_mask_seg0_k50176_eps_0.0001.npz,ok,0.3622648278061224,0.6485118556417451,0.008967376354734005,0.7016009242449249,0.005392623645265994,True,empty_center
n01873310_platypus,103,0,fix_mask,property_masks/n01873310_platypus_fix_mask_seg0_k50176_eps_0.0001.npz,/Users/zd3504phd/Desktop/XAIV/benchmarks/vggnet16_benchmark2022_segmented_all_imgs/debug_vis/property_masks/n01873310_platypus_fix_mask_seg0_k50176_eps_0.0001.npz,ok,0.486507493622449,0.5076399983613945,0.08528941870468232,0.635492196141084,0.08460249362244898,True,large_mask_ratio
n01877812_wallaby,104,0,fix_mask,property_masks/n01877812_wallaby_fix_mask_seg0_k50176_eps_0.0001.npz,/Users/zd3504phd/Desktop/XAIV/benchmarks/vggnet16_benchmark2022_segmented_all_imgs/debug_vis/property_masks/n01877812_wallaby_fix_mask_seg0_k50176_eps_0.0001.npz,ok,0.0665258290816326,0.0859796285200719,0.2474535650089874,0.39484721390053923,-0.2330935650089874,False,small_mask_guard
n01882714_koala,105,0,fix_mask,property_masks/n01882714_koala_fix_mask_seg0_k50176_eps_0.0001.npz,/Users/zd3504phd/Desktop/XAIV/benchmarks/vggnet16_benchmark2022_segmented_all_imgs/debug_vis/property_masks/n01882714_koala_fix_mask_seg0_k50176_eps_0.0001.npz,ok,0.2735969387755102,0.5052447552447552,7.284382284382284e-05,0.9104749417249417,0.19916394172494167,True,outer_band_dominant
n01883070_wombat,106,0,fix_mask,property_masks/n01883070_wombat_fix_mask_seg0_k50176_eps_0.0001.npz,/Users/zd3504phd/Desktop/XAIV/benchmarks/vggnet16_benchmark2022_segmented_all_imgs/debug_vis/property_masks/n01883070_wombat_fix_mask_seg0_k50176_eps_0.0001.npz,ok,0.2683952487244898,0.4110789336897602,0.015742184599391106,0.7777530259152001,0.0664420259152001,True,outer_band_dominant
n01914609_sea_anemone,108,0,fix_mask,property_masks/n01914609_sea_anemone_fix_mask_seg0_k50176_eps_0.0001.npz,/Users/zd3504phd/Desktop/XAIV/benchmarks/vggnet16_benchmark2022_segmented_all_imgs/debug_vis/property_masks/n01914609_sea_anemone_fix_mask_seg0_k50176_eps_0.0001.npz,ok,0.3462213010204081,0.2666359659221736,5.7563895924476166e-05,0.8279415150817407,0.11663051508174072,True,outer_band_dominant
n01917289_brain_coral,109,0,fix_mask,property_masks/n01917289_brain_coral_fix_mask_seg0_k50176_eps_0.0001.npz,/Users/zd3504phd/Desktop/XAIV/benchmarks/vggnet16_benchmark2022_segmented_all_imgs/debug_vis/property_masks/n01917289_brain_coral_fix_mask_seg0_k50176_eps_0.0001.npz,ok,0.1279894770408163,0.47415135471815634,0.12893179694799128,0.7005605730302087,-0.010750426969791338,False,default
n01924916_flatworm,110,0,fix_mask,property_masks/n01924916_flatworm_fix_mask_seg0_k50176_eps_0.0001.npz,/Users/zd3504phd/Desktop/XAIV/benchmarks/vggnet16_benchmark2022_segmented_all_imgs/debug_vis/property_masks/n01924916_flatworm_fix_mask_seg0_k50176_eps_0.0001.npz,ok,0.184829400510204,0.4326072891956006,0.0428078499029545,0.7728056933362087,0.06149469333620872,True,outer_band_dominant
n01930112_nematode,111,0,fix_mask,property_masks/n01930112_nematode_fix_mask_seg0_k50176_eps_0.0001.npz,/Users/zd3504phd/Desktop/XAIV/benchmarks/vggnet16_benchmark2022_segmented_all_imgs/debug_vis/property_masks/n01930112_nematode_fix_mask_seg0_k50176_eps_0.0001.npz,ok,0.011977838010204,0.49417637271214643,0.014975041597337771,0.7237936772046589,0.012482677204658899,False,small_mask_guard
n01943899_conch,112,0,fix_mask,property_masks/n01943899_conch_fix_mask_seg0_k50176_eps_0.0001.npz,/Users/zd3504phd/Desktop/XAIV/benchmarks/vggnet16_benchmark2022_segmented_all_imgs/debug_vis/property_masks/n01943899_conch_fix_mask_seg0_k50176_eps_0.0001.npz,ok,0.1462850765306122,0.7283378746594006,0.033106267029972755,0.8053133514986376,0.09400235149863756,True,outer_band_dominant
n01944390_snail,113,0,fix_mask,property_masks/n01944390_snail_fix_mask_seg0_k50176_eps_0.0001.npz,/Users/zd3504phd/Desktop/XAIV/benchmarks/vggnet16_benchmark2022_segmented_all_imgs/debug_vis/property_masks/n01944390_snail_fix_mask_seg0_k50176_eps_0.0001.npz,ok,0.1212332589285714,0.7575209600526056,0.06279796153213875,0.8822949202696038,0.17098392026960374,True,outer_band_dominant
n01945685_slug,114,0,fix_mask,property_masks/n01945685_slug_fix_mask_seg0_k50176_eps_0.0001.npz,/Users/zd3504phd/Desktop/XAIV/benchmarks/vggnet16_benchmark2022_segmented_all_imgs/debug_vis/property_masks/n01945685_slug_fix_mask_seg0_k50176_eps_0.0001.npz,ok,0.4730548469387755,0.6982642399730368,0.28686383552409844,0.385701044826424,0.07114984693877546,True,large_mask_ratio
n01950731_sea_slug,115,0,fix_mask,property_masks/n01950731_sea_slug_fix_mask_seg0_k50176_eps_0.0001.npz,/Users/zd3504phd/Desktop/XAIV/benchmarks/vggnet16_benchmark2022_segmented_all_imgs/debug_vis/property_masks/n01950731_sea_slug_fix_mask_seg0_k50176_eps_0.0001.npz,ok,0.1019610969387755,0.33014073494917906,0.4102814698983581,0.4302189210320563,-0.28109207896794375,False,default
n01955084_chiton,116,0,fix_mask,property_masks/n01955084_chiton_fix_mask_seg0_k50176_eps_0.0001.npz,/Users/zd3504phd/Desktop/XAIV/benchmarks/vggnet16_benchmark2022_segmented_all_imgs/debug_vis/property_masks/n01955084_chiton_fix_mask_seg0_k50176_eps_0.0001.npz,ok,0.1585618622448979,0.5439919557566616,0.0,0.9994972347913524,0.2881862347913524,True,outer_band_dominant
n01968897_chambered_nautilus,117,0,fix_mask,property_masks/n01968897_chambered_nautilus_fix_mask_seg0_k50176_eps_0.0001.npz,/Users/zd3504phd/Desktop/XAIV/benchmarks/vggnet16_benchmark2022_segmented_all_imgs/debug_vis/property_masks/n01968897_chambered_nautilus_fix_mask_seg0_k50176_eps_0.0001.npz,ok,0.236945950255102,0.41786525359576077,0.03675666582555303,0.8279922617545631,0.11668126175456306,True,outer_band_dominant
n01978455_rock_crab,119,0,fix_mask,property_masks/n01978455_rock_crab_fix_mask_seg0_k50176_eps_0.0001.npz,/Users/zd3504phd/Desktop/XAIV/benchmarks/vggnet16_benchmark2022_segmented_all_imgs/debug_vis/property_masks/n01978455_rock_crab_fix_mask_seg0_k50176_eps_0.0001.npz,ok,0.0255500637755102,0.18174726989079562,0.18174726989079562,0.5475819032761311,-0.16372909672386893,False,small_mask_guard
n01980166_fiddler_crab,120,0,fix_mask,property_masks/n01980166_fiddler_crab_fix_mask_seg0_k50176_eps_0.0001.npz,/Users/zd3504phd/Desktop/XAIV/benchmarks/vggnet16_benchmark2022_segmented_all_imgs/debug_vis/property_masks/n01980166_fiddler_crab_fix_mask_seg0_k50176_eps_0.0001.npz,ok,0.1780333227040816,0.9777230493675138,0.7238329788424941,0.03134445315123699,0.00803332270408158,True,central_compact_object
n01981276_king_crab,121,0,fix_mask,property_masks/n01981276_king_crab_fix_mask_seg0_k50176_eps_0.0001.npz,/Users/zd3504phd/Desktop/XAIV/benchmarks/vggnet16_benchmark2022_segmented_all_imgs/debug_vis/property_masks/n01981276_king_crab_fix_mask_seg0_k50176_eps_0.0001.npz,ok,0.4810666454081632,0.6452895848869004,0.2842820449084431,0.4364901814566244,0.07916164540816317,True,large_mask_ratio
n01983481_American_lobster,122,0,fix_mask,property_masks/n01983481_American_lobster_fix_mask_seg0_k50176_eps_0.0001.npz,/Users/zd3504phd/Desktop/XAIV/benchmarks/vggnet16_benchmark2022_segmented_all_imgs/debug_vis/property_masks/n01983481_American_lobster_fix_mask_seg0_k50176_eps_0.0001.npz,ok,0.4926259566326531,0.7121935431669228,0.3870054211505785,0.3024921110122178,0.09072095663265306,True,large_mask_ratio
n01984695_spiny_lobster,123,0,fix_mask,property_masks/n01984695_spiny_lobster_fix_mask_seg0_k50176_eps_0.0001.npz,/Users/zd3504phd/Desktop/XAIV/benchmarks/vggnet16_benchmark2022_segmented_all_imgs/debug_vis/property_masks/n01984695_spiny_lobster_fix_mask_seg0_k50176_eps_0.0001.npz,ok,0.5961615114795918,0.5489252164610704,0.21612676762611574,0.4796576739210377,0.19425651147959183,True,large_mask_ratio
n01986214_hermit_crab,125,0,fix_mask,property_masks/n01986214_hermit_crab_fix_mask_seg0_k50176_eps_0.0001.npz,/Users/zd3504phd/Desktop/XAIV/benchmarks/vggnet16_benchmark2022_segmented_all_imgs/debug_vis/property_masks/n01986214_hermit_crab_fix_mask_seg0_k50176_eps_0.0001.npz,ok,0.2698301977040816,0.8854420562818525,0.08686018169731885,0.675603811212054,-0.03016980229591837,False,default
n01990800_isopod,126,0,fix_mask,property_masks/n01990800_isopod_fix_mask_seg0_k50176_eps_0.0001.npz,/Users/zd3504phd/Desktop/XAIV/benchmarks/vggnet16_benchmark2022_segmented_all_imgs/debug_vis/property_masks/n01990800_isopod_fix_mask_seg0_k50176_eps_0.0001.npz,ok,0.0277024872448979,0.18273381294964028,0.35251798561151076,0.4014388489208633,-0.30987215107913674,False,small_mask_guard
n02002556_white_stork,127,0,fix_mask,property_masks/n02002556_white_stork_fix_mask_seg0_k50176_eps_0.0001.npz,/Users/zd3504phd/Desktop/XAIV/benchmarks/vggnet16_benchmark2022_segmented_all_imgs/debug_vis/property_masks/n02002556_white_stork_fix_mask_seg0_k50176_eps_0.0001.npz,ok,0.3172233737244898,0.9842306967393353,0.630897782245398,0.12452095244078658,0.025479047559213416,True,central_compact_object
n02002724_black_stork,128,0,fix_mask,property_masks/n02002724_black_stork_fix_mask_seg0_k50176_eps_0.0001.npz,/Users/zd3504phd/Desktop/XAIV/benchmarks/vggnet16_benchmark2022_segmented_all_imgs/debug_vis/property_masks/n02002724_black_stork_fix_mask_seg0_k50176_eps_0.0001.npz,ok,0.2064134247448979,0.8447426861060152,0.582311480158347,0.20643043352322102,-0.056430433523221024,False,default
n02006656_spoonbill,129,0,fix_mask,property_masks/n02006656_spoonbill_fix_mask_seg0_k50176_eps_0.0001.npz,/Users/zd3504phd/Desktop/XAIV/benchmarks/vggnet16_benchmark2022_segmented_all_imgs/debug_vis/property_masks/n02006656_spoonbill_fix_mask_seg0_k50176_eps_0.0001.npz,ok,0.0159239477040816,0.2816020025031289,0.5957446808510638,0.1439299123904881,-0.3859810522959184,False,small_mask_guard
n02007558_flamingo,130,0,fix_mask,property_masks/n02007558_flamingo_fix_mask_seg0_k50176_eps_0.0001.npz,/Users/zd3504phd/Desktop/XAIV/benchmarks/vggnet16_benchmark2022_segmented_all_imgs/debug_vis/property_masks/n02007558_flamingo_fix_mask_seg0_k50176_eps_0.0001.npz,ok,0.3537547831632653,0.8140281690140845,0.18146478873239436,0.5075492957746479,-0.0359718309859155,False,default
n02009229_little_blue_heron,131,0,fix_mask,property_masks/n02009229_little_blue_heron_fix_mask_seg0_k50176_eps_0.0001.npz,/Users/zd3504phd/Desktop/XAIV/benchmarks/vggnet16_benchmark2022_segmented_all_imgs/debug_vis/property_masks/n02009229_little_blue_heron_fix_mask_seg0_k50176_eps_0.0001.npz,ok,0.1548947704081632,0.5337107565620175,0.49935666495110653,0.22876994338651568,-0.2470102295918368,False,default
n02009912_American_egret,132,0,fix_mask,property_masks/n02009912_American_egret_fix_mask_seg0_k50176_eps_0.0001.npz,/Users/zd3504phd/Desktop/XAIV/benchmarks/vggnet16_benchmark2022_segmented_all_imgs/debug_vis/property_masks/n02009912_American_egret_fix_mask_seg0_k50176_eps_0.0001.npz,ok,0.0267657844387755,0.533879374534624,0.12509307520476545,0.41697691734921816,-0.11073307520476545,False,small_mask_guard
n02011460_bittern,133,0,fix_mask,property_masks/n02011460_bittern_fix_mask_seg0_k50176_eps_0.0001.npz,/Users/zd3504phd/Desktop/XAIV/benchmarks/vggnet16_benchmark2022_segmented_all_imgs/debug_vis/property_masks/n02011460_bittern_fix_mask_seg0_k50176_eps_0.0001.npz,ok,0.0711495535714285,0.19747899159663865,0.1030812324929972,0.6420168067226891,-0.0692941932773109,False,small_mask_guard
n02012849_crane,134,0,fix_mask,property_masks/n02012849_crane_fix_mask_seg0_k50176_eps_0.0001.npz,/Users/zd3504phd/Desktop/XAIV/benchmarks/vggnet16_benchmark2022_segmented_all_imgs/debug_vis/property_masks/n02012849_crane_fix_mask_seg0_k50176_eps_0.0001.npz,ok,0.1747050382653061,0.7230207620351358,0.48574036048368696,0.3161076887976272,-0.1269792379648642,False,default
n01824575_coucal,91,0,fix_mask,property_masks/n01824575_coucal_fix_mask_seg0_k50176_eps_0.0001.npz,/Users/zd3504phd/Desktop/XAIV/benchmarks/vggnet16_benchmark2022_segmented_all_imgs/debug_vis/property_masks/n01824575_coucal_fix_mask_seg0_k50176_eps_0.0001.npz,ok,0.7652064732142857,0.46907149368407347,0.20554759734340408,0.4723271259278552,0.3633014732142857,True,large_mask_ratio
n01828970_bee_eater,92,0,fix_mask,property_masks/n01828970_bee_eater_fix_mask_seg0_k50176_eps_0.0001.npz,/Users/zd3504phd/Desktop/XAIV/benchmarks/vggnet16_benchmark2022_segmented_all_imgs/debug_vis/property_masks/n01828970_bee_eater_fix_mask_seg0_k50176_eps_0.0001.npz,ok,0.0761918048469387,0.14935914203505102,0.2312320167407795,0.5545383206905572,-0.15677267930944283,False,small_mask_guard
n01829413_hornbill,93,0,fix_mask,property_masks/n01829413_hornbill_fix_mask_seg0_k50176_eps_0.0001.npz,/Users/zd3504phd/Desktop/XAIV/benchmarks/vggnet16_benchmark2022_segmented_all_imgs/debug_vis/property_masks/n01829413_hornbill_fix_mask_seg0_k50176_eps_0.0001.npz,ok,0.2464126275510204,0.6447751536719508,0.12835651892591393,0.5235360724684568,-0.11399651892591393,False,default
n01833805_hummingbird,94,0,fix_mask,property_masks/n01833805_hummingbird_fix_mask_seg0_k50176_eps_0.0001.npz,/Users/zd3504phd/Desktop/XAIV/benchmarks/vggnet16_benchmark2022_segmented_all_imgs/debug_vis/property_masks/n01833805_hummingbird_fix_mask_seg0_k50176_eps_0.0001.npz,ok,0.2087850765306122,0.8591065292096219,0.5798014509354715,0.18127147766323023,-0.03127147766323024,False,default
n01843065_jacamar,95,0,fix_mask,property_masks/n01843065_jacamar_fix_mask_seg0_k50176_eps_0.0001.npz,/Users/zd3504phd/Desktop/XAIV/benchmarks/vggnet16_benchmark2022_segmented_all_imgs/debug_vis/property_masks/n01843065_jacamar_fix_mask_seg0_k50176_eps_0.0001.npz,ok,0.2956194196428571,0.9661565428436594,0.4134699656172049,0.26387109822692645,-0.004380580357142894,False,default
n01843383_toucan,96,0,fix_mask,property_masks/n01843383_toucan_fix_mask_seg0_k50176_eps_0.0001.npz,/Users/zd3504phd/Desktop/XAIV/benchmarks/vggnet16_benchmark2022_segmented_all_imgs/debug_vis/property_masks/n01843383_toucan_fix_mask_seg0_k50176_eps_0.0001.npz,ok,0.2886838329081632,0.31929582326544703,0.19123230928546772,0.5676907145322748,-0.11322116709183683,False,default
n01847000_drake,97,0,fix_mask,property_masks/n01847000_drake_fix_mask_seg0_k50176_eps_0.0001.npz,/Users/zd3504phd/Desktop/XAIV/benchmarks/vggnet16_benchmark2022_segmented_all_imgs/debug_vis/property_masks/n01847000_drake_fix_mask_seg0_k50176_eps_0.0001.npz,ok,0.1190609056122449,0.9298627385336458,0.711248744559759,0.12838968865082023,-0.05093909438775511,False,default
n01855032_red-breasted_merganser,98,0,fix_mask,property_masks/n01855032_red-breasted_merganser_fix_mask_seg0_k50176_eps_0.0001.npz,/Users/zd3504phd/Desktop/XAIV/benchmarks/vggnet16_benchmark2022_segmented_all_imgs/debug_vis/property_masks/n01855032_red-breasted_merganser_fix_mask_seg0_k50176_eps_0.0001.npz,ok,0.0774473852040816,0.10138960370560988,0.31240349974266596,0.31600617601646935,-0.298043499742666,False,small_mask_guard
n01855672_goose,99,0,fix_mask,property_masks/n01855672_goose_fix_mask_seg0_k50176_eps_0.0001.npz,/Users/zd3504phd/Desktop/XAIV/benchmarks/vggnet16_benchmark2022_segmented_all_imgs/debug_vis/property_masks/n01855672_goose_fix_mask_seg0_k50176_eps_0.0001.npz,ok,0.0567203443877551,0.4645115952213633,0.36191145467322555,0.34855938158819394,-0.33548840477863673,False,small_mask_guard
n01860187_black_swan,100,0,fix_mask,property_masks/n01860187_black_swan_fix_mask_seg0_k50176_eps_0.0001.npz,/Users/zd3504phd/Desktop/XAIV/benchmarks/vggnet16_benchmark2022_segmented_all_imgs/debug_vis/property_masks/n01860187_black_swan_fix_mask_seg0_k50176_eps_0.0001.npz,ok,0.2663823341836734,0.9205446655693551,0.5786323507406853,0.19093221607062696,-0.04093221607062697,False,default
n02110341_dalmatian,251,0,fix_mask,property_masks/n02110341_dalmatian_fix_mask_seg0_k50176_eps_0.0001.npz,/Users/zd3504phd/Desktop/XAIV/benchmarks/vggnet16_benchmark2022_segmented_all_imgs/debug_vis/property_masks/n02110341_dalmatian_fix_mask_seg0_k50176_eps_0.0001.npz,ok,0.4206991390306122,0.6656876213937183,0.05869534321853238,0.6371216068975318,0.018794139030612167,True,large_mask_ratio
n02110627_affenpinscher,252,0,fix_mask,property_masks/n02110627_affenpinscher_fix_mask_seg0_k50176_eps_0.0001.npz,/Users/zd3504phd/Desktop/XAIV/benchmarks/vggnet16_benchmark2022_segmented_all_imgs/debug_vis/property_masks/n02110627_affenpinscher_fix_mask_seg0_k50176_eps_0.0001.npz,ok,0.3880939094387755,0.6240949006316439,0.004570430852975915,0.7647511939608689,0.053440193960868854,True,outer_band_dominant
n02110806_basenji,253,0,fix_mask,property_masks/n02110806_basenji_fix_mask_seg0_k50176_eps_0.0001.npz,/Users/zd3504phd/Desktop/XAIV/benchmarks/vggnet16_benchmark2022_segmented_all_imgs/debug_vis/property_masks/n02110806_basenji_fix_mask_seg0_k50176_eps_0.0001.npz,ok,0.4629105548469387,0.8283463210918328,0.30081370818444053,0.4417703534679468,0.0610055548469387,True,large_mask_ratio
n02110958_pug,254,0,fix_mask,property_masks/n02110958_pug_fix_mask_seg0_k50176_eps_0.0001.npz,/Users/zd3504phd/Desktop/XAIV/benchmarks/vggnet16_benchmark2022_segmented_all_imgs/debug_vis/property_masks/n02110958_pug_fix_mask_seg0_k50176_eps_0.0001.npz,ok,0.3167649872448979,0.8543475525355481,0.0022650056625141564,0.8172266263998993,0.10591562639989927,True,outer_band_dominant
n02111129_Leonberg,255,0,fix_mask,property_masks/n02111129_Leonberg_fix_mask_seg0_k50176_eps_0.0001.npz,/Users/zd3504phd/Desktop/XAIV/benchmarks/vggnet16_benchmark2022_segmented_all_imgs/debug_vis/property_masks/n02111129_Leonberg_fix_mask_seg0_k50176_eps_0.0001.npz,ok,0.5746372767857143,0.9601498283217147,0.22661533659348662,0.45666423889293517,0.1727322767857143,True,large_mask_ratio
n02111277_Newfoundland,256,0,fix_mask,property_masks/n02111277_Newfoundland_fix_mask_seg0_k50176_eps_0.0001.npz,/Users/zd3504phd/Desktop/XAIV/benchmarks/vggnet16_benchmark2022_segmented_all_imgs/debug_vis/property_masks/n02111277_Newfoundland_fix_mask_seg0_k50176_eps_0.0001.npz,ok,0.1862842793367347,0.7615277629185835,0.0,0.9467208730073821,0.23540987300738203,True,outer_band_dominant
n02112018_Pomeranian,259,0,fix_mask,property_masks/n02112018_Pomeranian_fix_mask_seg0_k50176_eps_0.0001.npz,/Users/zd3504phd/Desktop/XAIV/benchmarks/vggnet16_benchmark2022_segmented_all_imgs/debug_vis/property_masks/n02112018_Pomeranian_fix_mask_seg0_k50176_eps_0.0001.npz,ok,0.2453563456632653,0.5144180001624563,0.040451628624807084,0.8528957842579806,0.1415847842579806,True,outer_band_dominant
n02112137_chow,260,0,fix_mask,property_masks/n02112137_chow_fix_mask_seg0_k50176_eps_0.0001.npz,/Users/zd3504phd/Desktop/XAIV/benchmarks/vggnet16_benchmark2022_segmented_all_imgs/debug_vis/property_masks/n02112137_chow_fix_mask_seg0_k50176_eps_0.0001.npz,ok,0.3177415497448979,0.7688013548265696,0.2198457003073449,0.5105061782600514,-0.08119864517343034,False,default
n02112350_keeshond,261,0,fix_mask,property_masks/n02112350_keeshond_fix_mask_seg0_k50176_eps_0.0001.npz,/Users/zd3504phd/Desktop/XAIV/benchmarks/vggnet16_benchmark2022_segmented_all_imgs/debug_vis/property_masks/n02112350_keeshond_fix_mask_seg0_k50176_eps_0.0001.npz,ok,0.1845503826530612,0.9759179265658747,0.0,0.7907127429805616,0.07940174298056157,True,outer_band_dominant
n02112706_Brabancon_griffon,262,0,fix_mask,property_masks/n02112706_Brabancon_griffon_fix_mask_seg0_k50176_eps_0.0001.npz,/Users/zd3504phd/Desktop/XAIV/benchmarks/vggnet16_benchmark2022_segmented_all_imgs/debug_vis/property_masks/n02112706_Brabancon_griffon_fix_mask_seg0_k50176_eps_0.0001.npz,ok,0.2043407206632653,0.6786306446893592,0.0,0.9385545693943236,0.22724356939432355,True,outer_band_dominant
n02113023_Pembroke,263,0,fix_mask,property_masks/n02113023_Pembroke_fix_mask_seg0_k50176_eps_0.0001.npz,/Users/zd3504phd/Desktop/XAIV/benchmarks/vggnet16_benchmark2022_segmented_all_imgs/debug_vis/property_masks/n02113023_Pembroke_fix_mask_seg0_k50176_eps_0.0001.npz,ok,0.4109733737244898,0.6692206973473643,0.13937248436060326,0.6076329954900345,0.009068373724489764,True,large_mask_ratio
n02113186_Cardigan,264,0,fix_mask,property_masks/n02113186_Cardigan_fix_mask_seg0_k50176_eps_0.0001.npz,/Users/zd3504phd/Desktop/XAIV/benchmarks/vggnet16_benchmark2022_segmented_all_imgs/debug_vis/property_masks/n02113186_Cardigan_fix_mask_seg0_k50176_eps_0.0001.npz,ok,0.1686463647959183,0.6247931930985583,0.0,0.8051288111557552,0.09381781115575516,True,outer_band_dominant
n02113624_toy_poodle,265,0,fix_mask,property_masks/n02113624_toy_poodle_fix_mask_seg0_k50176_eps_0.0001.npz,/Users/zd3504phd/Desktop/XAIV/benchmarks/vggnet16_benchmark2022_segmented_all_imgs/debug_vis/property_masks/n02113624_toy_poodle_fix_mask_seg0_k50176_eps_0.0001.npz,ok,0.3934550382653061,0.42989565393577145,0.06331678654644919,0.6657886738932226,-0.008449961734693923,False,default
n02113799_standard_poodle,267,0,fix_mask,property_masks/n02113799_standard_poodle_fix_mask_seg0_k50176_eps_0.0001.npz,/Users/zd3504phd/Desktop/XAIV/benchmarks/vggnet16_benchmark2022_segmented_all_imgs/debug_vis/property_masks/n02113799_standard_poodle_fix_mask_seg0_k50176_eps_0.0001.npz,ok,0.4896364795918367,0.9343047867144253,0.23616085965483555,0.4654428524910453,0.08773147959183669,True,large_mask_ratio
n02113978_Mexican_hairless,268,0,fix_mask,property_masks/n02113978_Mexican_hairless_fix_mask_seg0_k50176_eps_0.0001.npz,/Users/zd3504phd/Desktop/XAIV/benchmarks/vggnet16_benchmark2022_segmented_all_imgs/debug_vis/property_masks/n02113978_Mexican_hairless_fix_mask_seg0_k50176_eps_0.0001.npz,ok,0.1304807079081632,0.3254925920268825,0.1971895524667787,0.2950969909882389,-0.18282955246677868,False,default
n02114367_timber_wolf,269,0,fix_mask,property_masks/n02114367_timber_wolf_fix_mask_seg0_k50176_eps_0.0001.npz,/Users/zd3504phd/Desktop/XAIV/benchmarks/vggnet16_benchmark2022_segmented_all_imgs/debug_vis/property_masks/n02114367_timber_wolf_fix_mask_seg0_k50176_eps_0.0001.npz,ok,0.2716039540816326,0.4484150278837687,0.1587173466392721,0.5501907836806574,-0.1303010459183674,False,default
n02114548_white_wolf,270,0,fix_mask,property_masks/n02114548_white_wolf_fix_mask_seg0_k50176_eps_0.0001.npz,/Users/zd3504phd/Desktop/XAIV/benchmarks/vggnet16_benchmark2022_segmented_all_imgs/debug_vis/property_masks/n02114548_white_wolf_fix_mask_seg0_k50176_eps_0.0001.npz,ok,0.1357820471938775,0.14619110523998238,0.21077352120945253,0.5542345515925436,-0.15707644840745638,False,default
n02114712_red_wolf,271,0,fix_mask,property_masks/n02114712_red_wolf_fix_mask_seg0_k50176_eps_0.0001.npz,/Users/zd3504phd/Desktop/XAIV/benchmarks/vggnet16_benchmark2022_segmented_all_imgs/debug_vis/property_masks/n02114712_red_wolf_fix_mask_seg0_k50176_eps_0.0001.npz,ok,0.1755819515306122,0.436322360953462,0.00011350737797956867,0.9017026106696935,0.19039161066969346,True,outer_band_dominant
n02113712_miniature_poodle,266,0,fix_mask,property_masks/n02113712_miniature_poodle_fix_mask_seg0_k50176_eps_0.0001.npz,/Users/zd3504phd/Desktop/XAIV/benchmarks/vggnet16_benchmark2022_segmented_all_imgs/debug_vis/property_masks/n02113712_miniature_poodle_fix_mask_seg0_k50176_eps_0.0001.npz,ok,0.5339405293367347,0.9268784293232802,0.36624239483408605,0.3604568698443507,0.13203552933673474,True,large_mask_ratio
n01796340_ptarmigan,81,0,fix_mask,property_masks/n01796340_ptarmigan_fix_mask_seg0_k50176_eps_0.0001.npz,/Users/zd3504phd/Desktop/XAIV/benchmarks/vggnet16_benchmark2022_segmented_all_imgs/debug_vis/property_masks/n01796340_ptarmigan_fix_mask_seg0_k50176_eps_0.0001.npz,ok,0.1214724170918367,0.9612797374897457,0.5350287120590648,0.15914684167350288,-0.04852758290816331,False,default
n01797886_ruffed_grouse,82,0,fix_mask,property_masks/n01797886_ruffed_grouse_fix_mask_seg0_k50176_eps_0.0001.npz,/Users/zd3504phd/Desktop/XAIV/benchmarks/vggnet16_benchmark2022_segmented_all_imgs/debug_vis/property_masks/n01797886_ruffed_grouse_fix_mask_seg0_k50176_eps_0.0001.npz,ok,0.1040138711734693,0.6307721785782717,0.52845372676758,0.3719103276489749,-0.21922782142172825,False,default
n01806143_peacock,84,0,fix_mask,property_masks/n01806143_peacock_fix_mask_seg0_k50176_eps_0.0001.npz,/Users/zd3504phd/Desktop/XAIV/benchmarks/vggnet16_benchmark2022_segmented_all_imgs/debug_vis/property_masks/n01806143_peacock_fix_mask_seg0_k50176_eps_0.0001.npz,ok,0.5625398596938775,0.9059732161836604,0.24137320201232906,0.4214199674059378,0.16063485969387753,True,large_mask_ratio
n01806567_quail,85,0,fix_mask,property_masks/n01806567_quail_fix_mask_seg0_k50176_eps_0.0001.npz,/Users/zd3504phd/Desktop/XAIV/benchmarks/vggnet16_benchmark2022_segmented_all_imgs/debug_vis/property_masks/n01806567_quail_fix_mask_seg0_k50176_eps_0.0001.npz,ok,0.1927415497448979,0.433977871988419,0.32871471409368214,0.4840244028538931,-0.2091634502551021,False,default
n01807496_partridge,86,0,fix_mask,property_masks/n01807496_partridge_fix_mask_seg0_k50176_eps_0.0001.npz,/Users/zd3504phd/Desktop/XAIV/benchmarks/vggnet16_benchmark2022_segmented_all_imgs/debug_vis/property_masks/n01807496_partridge_fix_mask_seg0_k50176_eps_0.0001.npz,ok,0.1275908801020408,0.3850359262730397,0.35051546391752575,0.09809434551702594,-0.2743141198979592,False,default
n01817953_African_grey,87,0,fix_mask,property_masks/n01817953_African_grey_fix_mask_seg0_k50176_eps_0.0001.npz,/Users/zd3504phd/Desktop/XAIV/benchmarks/vggnet16_benchmark2022_segmented_all_imgs/debug_vis/property_masks/n01817953_African_grey_fix_mask_seg0_k50176_eps_0.0001.npz,ok,0.3602120535714285,1.0,5.5328095606949206e-05,0.8057983844196083,0.09448738441960824,True,outer_band_dominant
n01818515_macaw,88,0,fix_mask,property_masks/n01818515_macaw_fix_mask_seg0_k50176_eps_0.0001.npz,/Users/zd3504phd/Desktop/XAIV/benchmarks/vggnet16_benchmark2022_segmented_all_imgs/debug_vis/property_masks/n01818515_macaw_fix_mask_seg0_k50176_eps_0.0001.npz,ok,0.6140784438775511,0.416785667921589,0.17535375827599636,0.5285603011813579,0.21217344387755105,True,large_mask_ratio
n01819313_sulphur-crested_cockatoo,89,0,fix_mask,property_masks/n01819313_sulphur-crested_cockatoo_fix_mask_seg0_k50176_eps_0.0001.npz,/Users/zd3504phd/Desktop/XAIV/benchmarks/vggnet16_benchmark2022_segmented_all_imgs/debug_vis/property_masks/n01819313_sulphur-crested_cockatoo_fix_mask_seg0_k50176_eps_0.0001.npz,ok,0.2183713329081632,0.5629278087067628,0.4918317057588756,0.12503422469654102,-0.1835336670918368,False,default
n01820546_lorikeet,90,0,fix_mask,property_masks/n01820546_lorikeet_fix_mask_seg0_k50176_eps_0.0001.npz,/Users/zd3504phd/Desktop/XAIV/benchmarks/vggnet16_benchmark2022_segmented_all_imgs/debug_vis/property_masks/n01820546_lorikeet_fix_mask_seg0_k50176_eps_0.0001.npz,ok,0.308414381377551,0.75437802907916,0.029725363489499192,0.6946688206785138,-0.015365363489499193,False,default
n01770393_scorpion,71,0,fix_mask,property_masks/n01770393_scorpion_fix_mask_seg0_k50176_eps_0.0001.npz,/Users/zd3504phd/Desktop/XAIV/benchmarks/vggnet16_benchmark2022_segmented_all_imgs/debug_vis/property_masks/n01770393_scorpion_fix_mask_seg0_k50176_eps_0.0001.npz,ok,0.1481385522959183,0.9667698103053949,0.7500336337952375,0.09847975245526705,-0.021861447704081716,False,default
n01773157_black_and_gold_garden_spider,72,0,fix_mask,property_masks/n01773157_black_and_gold_garden_spider_fix_mask_seg0_k50176_eps_0.0001.npz,/Users/zd3504phd/Desktop/XAIV/benchmarks/vggnet16_benchmark2022_segmented_all_imgs/debug_vis/property_masks/n01773157_black_and_gold_garden_spider_fix_mask_seg0_k50176_eps_0.0001.npz,ok,0.0854591836734693,0.4944029850746269,0.21665111940298507,0.6492537313432836,-0.06205726865671646,False,default
n01773797_garden_spider,74,0,fix_mask,property_masks/n01773797_garden_spider_fix_mask_seg0_k50176_eps_0.0001.npz,/Users/zd3504phd/Desktop/XAIV/benchmarks/vggnet16_benchmark2022_segmented_all_imgs/debug_vis/property_masks/n01773797_garden_spider_fix_mask_seg0_k50176_eps_0.0001.npz,ok,0.139907525510204,0.8356125356125356,0.6148148148148148,0.17934472934472934,-0.030092474489796017,False,default
n01774384_black_widow,75,0,fix_mask,property_masks/n01774384_black_widow_fix_mask_seg0_k50176_eps_0.0001.npz,/Users/zd3504phd/Desktop/XAIV/benchmarks/vggnet16_benchmark2022_segmented_all_imgs/debug_vis/property_masks/n01774384_black_widow_fix_mask_seg0_k50176_eps_0.0001.npz,ok,0.0563018176020408,0.76,0.6357522123893805,0.037876106194690264,-0.1136981823979592,False,small_mask_guard
n01774750_tarantula,76,0,fix_mask,property_masks/n01774750_tarantula_fix_mask_seg0_k50176_eps_0.0001.npz,/Users/zd3504phd/Desktop/XAIV/benchmarks/vggnet16_benchmark2022_segmented_all_imgs/debug_vis/property_masks/n01774750_tarantula_fix_mask_seg0_k50176_eps_0.0001.npz,ok,0.5164022640306123,0.4998263285863147,0.1471575778626838,0.5031453822700783,0.11449726403061228,True,large_mask_ratio
n01775062_wolf_spider,77,0,fix_mask,property_masks/n01775062_wolf_spider_fix_mask_seg0_k50176_eps_0.0001.npz,/Users/zd3504phd/Desktop/XAIV/benchmarks/vggnet16_benchmark2022_segmented_all_imgs/debug_vis/property_masks/n01775062_wolf_spider_fix_mask_seg0_k50176_eps_0.0001.npz,ok,0.1550542091836734,0.7647814910025706,0.06529562982005141,0.7113110539845758,5.398457580962912e-08,True,outer_band_dominant
n01776313_tick,78,0,fix_mask,property_masks/n01776313_tick_fix_mask_seg0_k50176_eps_0.0001.npz,/Users/zd3504phd/Desktop/XAIV/benchmarks/vggnet16_benchmark2022_segmented_all_imgs/debug_vis/property_masks/n01776313_tick_fix_mask_seg0_k50176_eps_0.0001.npz,ok,0.0954639668367346,0.39791231732776616,0.2997912317327766,0.35720250521920666,-0.2854312317327766,False,default
n01784675_centipede,79,0,fix_mask,property_masks/n01784675_centipede_fix_mask_seg0_k50176_eps_0.0001.npz,/Users/zd3504phd/Desktop/XAIV/benchmarks/vggnet16_benchmark2022_segmented_all_imgs/debug_vis/property_masks/n01784675_centipede_fix_mask_seg0_k50176_eps_0.0001.npz,ok,0.2683155293367347,0.8764019906410161,0.4137265096932333,0.3621035430438981,-0.031684470663265296,False,default
n01795545_black_grouse,80,0,fix_mask,property_masks/n01795545_black_grouse_fix_mask_seg0_k50176_eps_0.0001.npz,/Users/zd3504phd/Desktop/XAIV/benchmarks/vggnet16_benchmark2022_segmented_all_imgs/debug_vis/property_masks/n01795545_black_grouse_fix_mask_seg0_k50176_eps_0.0001.npz,ok,0.0810148278061224,0.8435424354243543,0.9185731857318573,0.05043050430504305,-0.08898517219387761,False,default
n01614925_bald_eagle,22,0,fix_mask,property_masks/n01614925_bald_eagle_fix_mask_seg0_k50176_eps_0.0001.npz,/Users/zd3504phd/Desktop/XAIV/benchmarks/vggnet16_benchmark2022_segmented_all_imgs/debug_vis/property_masks/n01614925_bald_eagle_fix_mask_seg0_k50176_eps_0.0001.npz,ok,0.0099449936224489,0.45090180360721444,0.24849699398797595,0.7094188376753507,-0.0018921623246492825,False,small_mask_guard
n01622779_great_grey_owl,24,0,fix_mask,property_masks/n01622779_great_grey_owl_fix_mask_seg0_k50176_eps_0.0001.npz,/Users/zd3504phd/Desktop/XAIV/benchmarks/vggnet16_benchmark2022_segmented_all_imgs/debug_vis/property_masks/n01622779_great_grey_owl_fix_mask_seg0_k50176_eps_0.0001.npz,ok,0.1775749362244898,0.5079685746352413,0.039057239057239054,0.5982042648709316,-0.024697239057239057,False,default
n01629819_European_fire_salamander,25,0,fix_mask,property_masks/n01629819_European_fire_salamander_fix_mask_seg0_k50176_eps_0.0001.npz,/Users/zd3504phd/Desktop/XAIV/benchmarks/vggnet16_benchmark2022_segmented_all_imgs/debug_vis/property_masks/n01629819_European_fire_salamander_fix_mask_seg0_k50176_eps_0.0001.npz,ok,0.3580795599489796,0.794178215617521,0.38743251516669447,0.36561473813101797,-0.0438254400510204,False,default
n01631663_eft,27,0,fix_mask,property_masks/n01631663_eft_fix_mask_seg0_k50176_eps_0.0001.npz,/Users/zd3504phd/Desktop/XAIV/benchmarks/vggnet16_benchmark2022_segmented_all_imgs/debug_vis/property_masks/n01631663_eft_fix_mask_seg0_k50176_eps_0.0001.npz,ok,0.2877869897959184,0.5637119113573407,0.42721606648199445,0.24542936288088643,-0.11411801020408163,False,default
n01632458_spotted_salamander,28,0,fix_mask,property_masks/n01632458_spotted_salamander_fix_mask_seg0_k50176_eps_0.0001.npz,/Users/zd3504phd/Desktop/XAIV/benchmarks/vggnet16_benchmark2022_segmented_all_imgs/debug_vis/property_masks/n01632458_spotted_salamander_fix_mask_seg0_k50176_eps_0.0001.npz,ok,0.2864915497448979,0.8439652173913044,0.34747826086956524,0.3645913043478261,-0.013508450255102111,False,default
n01641577_bullfrog,30,0,fix_mask,property_masks/n01641577_bullfrog_fix_mask_seg0_k50176_eps_0.0001.npz,/Users/zd3504phd/Desktop/XAIV/benchmarks/vggnet16_benchmark2022_segmented_all_imgs/debug_vis/property_masks/n01641577_bullfrog_fix_mask_seg0_k50176_eps_0.0001.npz,ok,0.1447704081632653,0.38284691629955947,0.03524229074889868,0.7469713656387665,0.03566036563876651,True,outer_band_dominant
n01592084_chickadee,19,0,fix_mask,property_masks/n01592084_chickadee_fix_mask_seg0_k50176_eps_0.0001.npz,/Users/zd3504phd/Desktop/XAIV/benchmarks/vggnet16_benchmark2022_segmented_all_imgs/debug_vis/property_masks/n01592084_chickadee_fix_mask_seg0_k50176_eps_0.0001.npz,ok,0.3360969387755102,0.9898600569259962,0.6190702087286527,0.15921489563567362,-0.009214895635673626,False,default
n01601694_water_ouzel,20,0,fix_mask,property_masks/n01601694_water_ouzel_fix_mask_seg0_k50176_eps_0.0001.npz,/Users/zd3504phd/Desktop/XAIV/benchmarks/vggnet16_benchmark2022_segmented_all_imgs/debug_vis/property_masks/n01601694_water_ouzel_fix_mask_seg0_k50176_eps_0.0001.npz,ok,0.2837412308673469,0.9863735337500878,0.5375430217040107,0.2827140549273021,-0.03754302170401069,False,default
n01531178_goldfinch,11,0,fix_mask,property_masks/n01531178_goldfinch_fix_mask_seg0_k50176_eps_0.0001.npz,/Users/zd3504phd/Desktop/XAIV/benchmarks/vggnet16_benchmark2022_segmented_all_imgs/debug_vis/property_masks/n01531178_goldfinch_fix_mask_seg0_k50176_eps_0.0001.npz,ok,0.2248883928571428,0.43202764976958524,0.38107054236086496,0.24840482098546615,-0.17701660714285722,False,default
n01532829_house_finch,12,0,fix_mask,property_masks/n01532829_house_finch_fix_mask_seg0_k50176_eps_0.0001.npz,/Users/zd3504phd/Desktop/XAIV/benchmarks/vggnet16_benchmark2022_segmented_all_imgs/debug_vis/property_masks/n01532829_house_finch_fix_mask_seg0_k50176_eps_0.0001.npz,ok,0.2951211734693877,0.9998649378714208,0.5296461372231226,0.34163965424095083,-0.029646137223122593,False,default
n01534433_junco,13,0,fix_mask,property_masks/n01534433_junco_fix_mask_seg0_k50176_eps_0.0001.npz,/Users/zd3504phd/Desktop/XAIV/benchmarks/vggnet16_benchmark2022_segmented_all_imgs/debug_vis/property_masks/n01534433_junco_fix_mask_seg0_k50176_eps_0.0001.npz,ok,0.4759646045918367,0.3196549702704966,0.19504229126538816,0.5151159869357675,0.07405960459183669,True,large_mask_ratio
n01537544_indigo_bunting,14,0,fix_mask,property_masks/n01537544_indigo_bunting_fix_mask_seg0_k50176_eps_0.0001.npz,/Users/zd3504phd/Desktop/XAIV/benchmarks/vggnet16_benchmark2022_segmented_all_imgs/debug_vis/property_masks/n01537544_indigo_bunting_fix_mask_seg0_k50176_eps_0.0001.npz,ok,0.231265943877551,0.7286280592899,0.3265253360910031,0.4311444329541537,-0.12137194071009993,False,default
n01558993_robin,15,0,fix_mask,property_masks/n01558993_robin_fix_mask_seg0_k50176_eps_0.0001.npz,/Users/zd3504phd/Desktop/XAIV/benchmarks/vggnet16_benchmark2022_segmented_all_imgs/debug_vis/property_masks/n01558993_robin_fix_mask_seg0_k50176_eps_0.0001.npz,ok,0.4029017857142857,0.9707657301147606,0.4186782746339533,0.2840819153146023,0.0813217253660467,True,large_mask_ratio
n01560419_bulbul,16,0,fix_mask,property_masks/n01560419_bulbul_fix_mask_seg0_k50176_eps_0.0001.npz,/Users/zd3504phd/Desktop/XAIV/benchmarks/vggnet16_benchmark2022_segmented_all_imgs/debug_vis/property_masks/n01560419_bulbul_fix_mask_seg0_k50176_eps_0.0001.npz,ok,0.3503866390306122,0.9133723906489961,0.4480973778510892,0.24566293157385813,0.04566293157385812,True,high_connectivity_midlarge
n01580077_jay,17,0,fix_mask,property_masks/n01580077_jay_fix_mask_seg0_k50176_eps_0.0001.npz,/Users/zd3504phd/Desktop/XAIV/benchmarks/vggnet16_benchmark2022_segmented_all_imgs/debug_vis/property_masks/n01580077_jay_fix_mask_seg0_k50176_eps_0.0001.npz,ok,0.2219587053571428,0.7279339139804256,0.5339858130555805,0.17150040405854358,-0.07206608601957443,False,default
n01582220_magpie,18,0,fix_mask,property_masks/n01582220_magpie_fix_mask_seg0_k50176_eps_0.0001.npz,/Users/zd3504phd/Desktop/XAIV/benchmarks/vggnet16_benchmark2022_segmented_all_imgs/debug_vis/property_masks/n01582220_magpie_fix_mask_seg0_k50176_eps_0.0001.npz,ok,0.1608139349489795,0.3418019581112901,0.2280332135332755,0.42148965175362496,-0.21367321353327548,False,default
n02085620_Chihuahua,151,0,fix_mask,property_masks/n02085620_Chihuahua_fix_mask_seg0_k50176_eps_0.0001.npz,/Users/zd3504phd/Desktop/XAIV/benchmarks/vggnet16_benchmark2022_segmented_all_imgs/debug_vis/property_masks/n02085620_Chihuahua_fix_mask_seg0_k50176_eps_0.0001.npz,ok,0.623046875,0.8663873072740068,0.2807242019064679,0.45659266841532853,0.221141875,True,large_mask_ratio
n02085782_Japanese_spaniel,152,0,fix_mask,property_masks/n02085782_Japanese_spaniel_fix_mask_seg0_k50176_eps_0.0001.npz,/Users/zd3504phd/Desktop/XAIV/benchmarks/vggnet16_benchmark2022_segmented_all_imgs/debug_vis/property_masks/n02085782_Japanese_spaniel_fix_mask_seg0_k50176_eps_0.0001.npz,ok,0.2280771683673469,0.9941454037049983,0.0,0.9017825934987767,0.19047159349877663,True,outer_band_dominant
n02085936_Maltese_dog,153,0,fix_mask,property_masks/n02085936_Maltese_dog_fix_mask_seg0_k50176_eps_0.0001.npz,/Users/zd3504phd/Desktop/XAIV/benchmarks/vggnet16_benchmark2022_segmented_all_imgs/debug_vis/property_masks/n02085936_Maltese_dog_fix_mask_seg0_k50176_eps_0.0001.npz,ok,0.2738958864795918,0.37466346503674597,0.00945936112930219,0.7560212471803828,0.044710247180382745,True,outer_band_dominant
n02086079_Pekinese,154,0,fix_mask,property_masks/n02086079_Pekinese_fix_mask_seg0_k50176_eps_0.0001.npz,/Users/zd3504phd/Desktop/XAIV/benchmarks/vggnet16_benchmark2022_segmented_all_imgs/debug_vis/property_masks/n02086079_Pekinese_fix_mask_seg0_k50176_eps_0.0001.npz,ok,0.1570073341836734,0.5807311500380807,0.0,0.878014724549378,0.16670372454937799,True,outer_band_dominant
n02086240_Shih-Tzu,155,0,fix_mask,property_masks/n02086240_Shih-Tzu_fix_mask_seg0_k50176_eps_0.0001.npz,/Users/zd3504phd/Desktop/XAIV/benchmarks/vggnet16_benchmark2022_segmented_all_imgs/debug_vis/property_masks/n02086240_Shih-Tzu_fix_mask_seg0_k50176_eps_0.0001.npz,ok,0.0888871173469387,0.20919282511210763,0.3836322869955157,0.3031390134529148,-0.3130178826530613,False,default
n02086646_Blenheim_spaniel,156,0,fix_mask,property_masks/n02086646_Blenheim_spaniel_fix_mask_seg0_k50176_eps_0.0001.npz,/Users/zd3504phd/Desktop/XAIV/benchmarks/vggnet16_benchmark2022_segmented_all_imgs/debug_vis/property_masks/n02086646_Blenheim_spaniel_fix_mask_seg0_k50176_eps_0.0001.npz,ok,0.4775191326530612,0.89449081803005,0.3036727879799666,0.46515025041736224,0.07561413265306116,True,large_mask_ratio
n02086910_papillon,157,0,fix_mask,property_masks/n02086910_papillon_fix_mask_seg0_k50176_eps_0.0001.npz,/Users/zd3504phd/Desktop/XAIV/benchmarks/vggnet16_benchmark2022_segmented_all_imgs/debug_vis/property_masks/n02086910_papillon_fix_mask_seg0_k50176_eps_0.0001.npz,ok,0.2439213966836734,0.6349374948933736,0.3410409347168886,0.27788217991665987,-0.1579836033163266,False,default
n02088094_Afghan_hound,160,0,fix_mask,property_masks/n02088094_Afghan_hound_fix_mask_seg0_k50176_eps_0.0001.npz,/Users/zd3504phd/Desktop/XAIV/benchmarks/vggnet16_benchmark2022_segmented_all_imgs/debug_vis/property_masks/n02088094_Afghan_hound_fix_mask_seg0_k50176_eps_0.0001.npz,ok,0.3442482461734694,0.7800034736293637,0.010710357204886238,0.7292884849186592,0.017977484918659137,True,outer_band_dominant
n02088238_basset,161,0,fix_mask,property_masks/n02088238_basset_fix_mask_seg0_k50176_eps_0.0001.npz,/Users/zd3504phd/Desktop/XAIV/benchmarks/vggnet16_benchmark2022_segmented_all_imgs/debug_vis/property_masks/n02088238_basset_fix_mask_seg0_k50176_eps_0.0001.npz,ok,0.4333545918367347,0.5231788079470199,0.0002299484915378955,0.7846762325239146,0.07336523252391458,True,large_mask_ratio
n02088364_beagle,162,0,fix_mask,property_masks/n02088364_beagle_fix_mask_seg0_k50176_eps_0.0001.npz,/Users/zd3504phd/Desktop/XAIV/benchmarks/vggnet16_benchmark2022_segmented_all_imgs/debug_vis/property_masks/n02088364_beagle_fix_mask_seg0_k50176_eps_0.0001.npz,ok,0.1910275829081632,0.5174752217005738,0.00031298904538341156,0.8912884715701617,0.17997747157016164,True,outer_band_dominant
n02088466_bloodhound,163,0,fix_mask,property_masks/n02088466_bloodhound_fix_mask_seg0_k50176_eps_0.0001.npz,/Users/zd3504phd/Desktop/XAIV/benchmarks/vggnet16_benchmark2022_segmented_all_imgs/debug_vis/property_masks/n02088466_bloodhound_fix_mask_seg0_k50176_eps_0.0001.npz,ok,0.5245535714285714,0.6190349544072948,0.05927051671732523,0.6405775075987842,0.12264857142857138,True,large_mask_ratio
n02088632_bluetick,164,0,fix_mask,property_masks/n02088632_bluetick_fix_mask_seg0_k50176_eps_0.0001.npz,/Users/zd3504phd/Desktop/XAIV/benchmarks/vggnet16_benchmark2022_segmented_all_imgs/debug_vis/property_masks/n02088632_bluetick_fix_mask_seg0_k50176_eps_0.0001.npz,ok,0.5293965242346939,0.5800549636712721,0.24888002108195612,0.4158039378082295,0.12749152423469384,True,large_mask_ratio
n02089078_black-and-tan_coonhound,165,0,fix_mask,property_masks/n02089078_black-and-tan_coonhound_fix_mask_seg0_k50176_eps_0.0001.npz,/Users/zd3504phd/Desktop/XAIV/benchmarks/vggnet16_benchmark2022_segmented_all_imgs/debug_vis/property_masks/n02089078_black-and-tan_coonhound_fix_mask_seg0_k50176_eps_0.0001.npz,ok,0.203125,0.6324568288854003,0.016581632653061226,0.7908163265306123,0.07950532653061226,True,outer_band_dominant
n02089867_Walker_hound,166,0,fix_mask,property_masks/n02089867_Walker_hound_fix_mask_seg0_k50176_eps_0.0001.npz,/Users/zd3504phd/Desktop/XAIV/benchmarks/vggnet16_benchmark2022_segmented_all_imgs/debug_vis/property_masks/n02089867_Walker_hound_fix_mask_seg0_k50176_eps_0.0001.npz,ok,0.0699139030612244,0.2927594070695553,0.16077537058152794,0.523945267958951,-0.14641537058152793,False,small_mask_guard
n02089973_English_foxhound,167,0,fix_mask,property_masks/n02089973_English_foxhound_fix_mask_seg0_k50176_eps_0.0001.npz,/Users/zd3504phd/Desktop/XAIV/benchmarks/vggnet16_benchmark2022_segmented_all_imgs/debug_vis/property_masks/n02089973_English_foxhound_fix_mask_seg0_k50176_eps_0.0001.npz,ok,0.3196149553571428,0.5697449647689717,0.10893558645631976,0.5267818170480764,-0.08229004464285722,False,default
n02090379_redbone,168,0,fix_mask,property_masks/n02090379_redbone_fix_mask_seg0_k50176_eps_0.0001.npz,/Users/zd3504phd/Desktop/XAIV/benchmarks/vggnet16_benchmark2022_segmented_all_imgs/debug_vis/property_masks/n02090379_redbone_fix_mask_seg0_k50176_eps_0.0001.npz,ok,0.3714724170918367,0.768549814904233,0.050056333494286176,0.6616771286013198,-0.030432582908163308,False,default
n02090622_borzoi,169,0,fix_mask,property_masks/n02090622_borzoi_fix_mask_seg0_k50176_eps_0.0001.npz,/Users/zd3504phd/Desktop/XAIV/benchmarks/vggnet16_benchmark2022_segmented_all_imgs/debug_vis/property_masks/n02090622_borzoi_fix_mask_seg0_k50176_eps_0.0001.npz,ok,0.1623485331632653,0.3929535968573533,0.02381536950650626,0.7604959489319911,0.0491849489319911,True,outer_band_dominant
n02090721_Irish_wolfhound,170,0,fix_mask,property_masks/n02090721_Irish_wolfhound_fix_mask_seg0_k50176_eps_0.0001.npz,/Users/zd3504phd/Desktop/XAIV/benchmarks/vggnet16_benchmark2022_segmented_all_imgs/debug_vis/property_masks/n02090721_Irish_wolfhound_fix_mask_seg0_k50176_eps_0.0001.npz,ok,0.0846619897959183,0.763653483992467,0.01435969868173258,0.9291431261770244,0.2178321261770244,True,outer_band_dominant
n02091032_Italian_greyhound,171,0,fix_mask,property_masks/n02091032_Italian_greyhound_fix_mask_seg0_k50176_eps_0.0001.npz,/Users/zd3504phd/Desktop/XAIV/benchmarks/vggnet16_benchmark2022_segmented_all_imgs/debug_vis/property_masks/n02091032_Italian_greyhound_fix_mask_seg0_k50176_eps_0.0001.npz,ok,0.4465481505102041,0.8401767383736499,0.21485316433098278,0.4862090511470142,0.044643150510204066,True,large_mask_ratio
n02091134_whippet,172,0,fix_mask,property_masks/n02091134_whippet_fix_mask_seg0_k50176_eps_0.0001.npz,/Users/zd3504phd/Desktop/XAIV/benchmarks/vggnet16_benchmark2022_segmented_all_imgs/debug_vis/property_masks/n02091134_whippet_fix_mask_seg0_k50176_eps_0.0001.npz,ok,0.0164620535714285,0.2845036319612591,0.1585956416464891,0.5217917675544794,-0.14423564164648908,False,small_mask_guard
n02091244_Ibizan_hound,173,0,fix_mask,property_masks/n02091244_Ibizan_hound_fix_mask_seg0_k50176_eps_0.0001.npz,/Users/zd3504phd/Desktop/XAIV/benchmarks/vggnet16_benchmark2022_segmented_all_imgs/debug_vis/property_masks/n02091244_Ibizan_hound_fix_mask_seg0_k50176_eps_0.0001.npz,ok,0.5388632015306123,0.5923515052888527,0.16979806198683334,0.5559582809379392,0.13695820153061228,True,large_mask_ratio
n02097658_silky_terrier,201,0,fix_mask,property_masks/n02097658_silky_terrier_fix_mask_seg0_k50176_eps_0.0001.npz,/Users/zd3504phd/Desktop/XAIV/benchmarks/vggnet16_benchmark2022_segmented_all_imgs/debug_vis/property_masks/n02097658_silky_terrier_fix_mask_seg0_k50176_eps_0.0001.npz,ok,0.4312220982142857,0.9951472015528955,0.014096224060636871,0.7886028562185146,0.1312220982142857,True,large_mask_ratio
n02098105_soft-coated_wheaten_terrier,202,0,fix_mask,property_masks/n02098105_soft-coated_wheaten_terrier_fix_mask_seg0_k50176_eps_0.0001.npz,/Users/zd3504phd/Desktop/XAIV/benchmarks/vggnet16_benchmark2022_segmented_all_imgs/debug_vis/property_masks/n02098105_soft-coated_wheaten_terrier_fix_mask_seg0_k50176_eps_0.0001.npz,ok,0.4019052933673469,0.37682237429336507,0.15144302290984826,0.5838540117028662,2.933673469152076e-07,True,large_mask_ratio
n02098286_West_Highland_white_terrier,203,0,fix_mask,property_masks/n02098286_West_Highland_white_terrier_fix_mask_seg0_k50176_eps_0.0001.npz,/Users/zd3504phd/Desktop/XAIV/benchmarks/vggnet16_benchmark2022_segmented_all_imgs/debug_vis/property_masks/n02098286_West_Highland_white_terrier_fix_mask_seg0_k50176_eps_0.0001.npz,ok,0.4349489795918367,0.9732862903225806,0.17123350439882698,0.6211052052785924,0.12328629032258065,True,large_mask_ratio
n02099267_flat-coated_retriever,205,0,fix_mask,property_masks/n02099267_flat-coated_retriever_fix_mask_seg0_k50176_eps_0.0001.npz,/Users/zd3504phd/Desktop/XAIV/benchmarks/vggnet16_benchmark2022_segmented_all_imgs/debug_vis/property_masks/n02099267_flat-coated_retriever_fix_mask_seg0_k50176_eps_0.0001.npz,ok,0.5313297193877551,0.4711177794448612,0.25060015003750935,0.4451237809452363,0.12942471938775507,True,large_mask_ratio
n02099601_golden_retriever,207,0,fix_mask,property_masks/n02099601_golden_retriever_fix_mask_seg0_k50176_eps_0.0001.npz,/Users/zd3504phd/Desktop/XAIV/benchmarks/vggnet16_benchmark2022_segmented_all_imgs/debug_vis/property_masks/n02099601_golden_retriever_fix_mask_seg0_k50176_eps_0.0001.npz,ok,0.2762476084183674,0.8278623475939687,0.6053675780968184,0.0823894379914869,0.025367578096818444,True,central_compact_object
n02099712_Labrador_retriever,208,0,fix_mask,property_masks/n02099712_Labrador_retriever_fix_mask_seg0_k50176_eps_0.0001.npz,/Users/zd3504phd/Desktop/XAIV/benchmarks/vggnet16_benchmark2022_segmented_all_imgs/debug_vis/property_masks/n02099712_Labrador_retriever_fix_mask_seg0_k50176_eps_0.0001.npz,ok,0.1995176977040816,0.8652482269503546,0.0,0.9578463689941065,0.24653536899410644,True,outer_band_dominant
n02099849_Chesapeake_Bay_retriever,209,0,fix_mask,property_masks/n02099849_Chesapeake_Bay_retriever_fix_mask_seg0_k50176_eps_0.0001.npz,/Users/zd3504phd/Desktop/XAIV/benchmarks/vggnet16_benchmark2022_segmented_all_imgs/debug_vis/property_masks/n02099849_Chesapeake_Bay_retriever_fix_mask_seg0_k50176_eps_0.0001.npz,ok,0.3722696109693877,0.6573157021253815,0.11553081000053536,0.5901814872316505,-0.029635389030612302,False,default
n02100236_German_short-haired_pointer,210,0,fix_mask,property_masks/n02100236_German_short-haired_pointer_fix_mask_seg0_k50176_eps_0.0001.npz,/Users/zd3504phd/Desktop/XAIV/benchmarks/vggnet16_benchmark2022_segmented_all_imgs/debug_vis/property_masks/n02100236_German_short-haired_pointer_fix_mask_seg0_k50176_eps_0.0001.npz,ok,0.5744180484693877,0.9097217403372424,0.1915550621053362,0.5412185136354174,0.1725130484693877,True,large_mask_ratio
n02100583_vizsla,211,0,fix_mask,property_masks/n02100583_vizsla_fix_mask_seg0_k50176_eps_0.0001.npz,/Users/zd3504phd/Desktop/XAIV/benchmarks/vggnet16_benchmark2022_segmented_all_imgs/debug_vis/property_masks/n02100583_vizsla_fix_mask_seg0_k50176_eps_0.0001.npz,ok,0.4883011798469387,0.9580017142157463,0.17129913064772867,0.5039794294110445,0.10800171421574634,True,large_mask_ratio
n02100735_English_setter,212,0,fix_mask,property_masks/n02100735_English_setter_fix_mask_seg0_k50176_eps_0.0001.npz,/Users/zd3504phd/Desktop/XAIV/benchmarks/vggnet16_benchmark2022_segmented_all_imgs/debug_vis/property_masks/n02100735_English_setter_fix_mask_seg0_k50176_eps_0.0001.npz,ok,0.1745256696428571,0.8380723992234783,0.06314948041566747,0.8434395340870161,0.13212853408701608,True,outer_band_dominant
n02100877_Irish_setter,213,0,fix_mask,property_masks/n02100877_Irish_setter_fix_mask_seg0_k50176_eps_0.0001.npz,/Users/zd3504phd/Desktop/XAIV/benchmarks/vggnet16_benchmark2022_segmented_all_imgs/debug_vis/property_masks/n02100877_Irish_setter_fix_mask_seg0_k50176_eps_0.0001.npz,ok,0.4269969706632653,0.5118319719953326,0.34133022170361726,0.47752625437572926,0.025091970663265295,True,large_mask_ratio
n02101006_Gordon_setter,214,0,fix_mask,property_masks/n02101006_Gordon_setter_fix_mask_seg0_k50176_eps_0.0001.npz,/Users/zd3504phd/Desktop/XAIV/benchmarks/vggnet16_benchmark2022_segmented_all_imgs/debug_vis/property_masks/n02101006_Gordon_setter_fix_mask_seg0_k50176_eps_0.0001.npz,ok,0.1146564094387755,0.35268555536241963,0.29115244220406744,0.26577437858508607,-0.27679244220406746,False,default
n02101556_clumber,216,0,fix_mask,property_masks/n02101556_clumber_fix_mask_seg0_k50176_eps_0.0001.npz,/Users/zd3504phd/Desktop/XAIV/benchmarks/vggnet16_benchmark2022_segmented_all_imgs/debug_vis/property_masks/n02101556_clumber_fix_mask_seg0_k50176_eps_0.0001.npz,ok,0.2305683992346938,0.7923761777163109,8.643789437289307e-05,0.7846832051171233,0.07337220511712328,True,outer_band_dominant
n02102040_English_springer,217,0,fix_mask,property_masks/n02102040_English_springer_fix_mask_seg0_k50176_eps_0.0001.npz,/Users/zd3504phd/Desktop/XAIV/benchmarks/vggnet16_benchmark2022_segmented_all_imgs/debug_vis/property_masks/n02102040_English_springer_fix_mask_seg0_k50176_eps_0.0001.npz,ok,0.5628388073979592,0.985198824404235,0.2585956587939521,0.4135830884175489,0.1609338073979592,True,large_mask_ratio
n02102177_Welsh_springer_spaniel,218,0,fix_mask,property_masks/n02102177_Welsh_springer_spaniel_fix_mask_seg0_k50176_eps_0.0001.npz,/Users/zd3504phd/Desktop/XAIV/benchmarks/vggnet16_benchmark2022_segmented_all_imgs/debug_vis/property_masks/n02102177_Welsh_springer_spaniel_fix_mask_seg0_k50176_eps_0.0001.npz,ok,0.1303411989795918,0.45168195718654436,0.1481651376146789,0.6680428134556575,-0.0432681865443425,False,default
n02102318_cocker_spaniel,219,0,fix_mask,property_masks/n02102318_cocker_spaniel_fix_mask_seg0_k50176_eps_0.0001.npz,/Users/zd3504phd/Desktop/XAIV/benchmarks/vggnet16_benchmark2022_segmented_all_imgs/debug_vis/property_masks/n02102318_cocker_spaniel_fix_mask_seg0_k50176_eps_0.0001.npz,ok,0.2857142857142857,0.4346400669642857,0.08670479910714286,0.6065150669642857,-0.07234479910714287,False,default
n02102480_Sussex_spaniel,220,0,fix_mask,property_masks/n02102480_Sussex_spaniel_fix_mask_seg0_k50176_eps_0.0001.npz,/Users/zd3504phd/Desktop/XAIV/benchmarks/vggnet16_benchmark2022_segmented_all_imgs/debug_vis/property_masks/n02102480_Sussex_spaniel_fix_mask_seg0_k50176_eps_0.0001.npz,ok,0.3998525191326531,0.7025370084234661,0.06559338085032149,0.6820515376563824,-0.0020524808673469397,False,default
n02102973_Irish_water_spaniel,221,0,fix_mask,property_masks/n02102973_Irish_water_spaniel_fix_mask_seg0_k50176_eps_0.0001.npz,/Users/zd3504phd/Desktop/XAIV/benchmarks/vggnet16_benchmark2022_segmented_all_imgs/debug_vis/property_masks/n02102973_Irish_water_spaniel_fix_mask_seg0_k50176_eps_0.0001.npz,ok,0.1741470025510204,0.7435339894712749,0.04806591897459373,0.6932936598764019,-0.018017340123598125,False,default
n02104029_kuvasz,222,0,fix_mask,property_masks/n02104029_kuvasz_fix_mask_seg0_k50176_eps_0.0001.npz,/Users/zd3504phd/Desktop/XAIV/benchmarks/vggnet16_benchmark2022_segmented_all_imgs/debug_vis/property_masks/n02104029_kuvasz_fix_mask_seg0_k50176_eps_0.0001.npz,ok,0.1142976721938775,0.2957279860505667,0.18134263295553618,0.4439407149084568,-0.16698263295553617,False,default
n02104365_schipperke,223,0,fix_mask,property_masks/n02104365_schipperke_fix_mask_seg0_k50176_eps_0.0001.npz,/Users/zd3504phd/Desktop/XAIV/benchmarks/vggnet16_benchmark2022_segmented_all_imgs/debug_vis/property_masks/n02104365_schipperke_fix_mask_seg0_k50176_eps_0.0001.npz,ok,0.3879743303571428,0.2884368418349001,0.16273693943596856,0.5069604972517594,-0.013930669642857219,False,default
n02105056_groenendael,224,0,fix_mask,property_masks/n02105056_groenendael_fix_mask_seg0_k50176_eps_0.0001.npz,/Users/zd3504phd/Desktop/XAIV/benchmarks/vggnet16_benchmark2022_segmented_all_imgs/debug_vis/property_masks/n02105056_groenendael_fix_mask_seg0_k50176_eps_0.0001.npz,ok,0.3926578443877551,0.3508273271749061,0.06999289412242411,0.6867323114404629,-0.009247155612244928,False,default
n02105162_malinois,225,0,fix_mask,property_masks/n02105162_malinois_fix_mask_seg0_k50176_eps_0.0001.npz,/Users/zd3504phd/Desktop/XAIV/benchmarks/vggnet16_benchmark2022_segmented_all_imgs/debug_vis/property_masks/n02105162_malinois_fix_mask_seg0_k50176_eps_0.0001.npz,ok,0.1834941007653061,0.6386445096122515,0.10003258390355164,0.6513522319973933,-0.05995876800260669,False,default
n02105251_briard,226,0,fix_mask,property_masks/n02105251_briard_fix_mask_seg0_k50176_eps_0.0001.npz,/Users/zd3504phd/Desktop/XAIV/benchmarks/vggnet16_benchmark2022_segmented_all_imgs/debug_vis/property_masks/n02105251_briard_fix_mask_seg0_k50176_eps_0.0001.npz,ok,0.2433832908163265,0.22617097936455946,0.25483131346216836,0.5984277759580741,-0.11288322404192597,False,default
n02105412_kelpie,227,0,fix_mask,property_masks/n02105412_kelpie_fix_mask_seg0_k50176_eps_0.0001.npz,/Users/zd3504phd/Desktop/XAIV/benchmarks/vggnet16_benchmark2022_segmented_all_imgs/debug_vis/property_masks/n02105412_kelpie_fix_mask_seg0_k50176_eps_0.0001.npz,ok,0.3149513711734694,0.39726634183382903,0.05220527747895969,0.6887299879769664,-0.022581012023033642,False,default
n02105505_komondor,228,0,fix_mask,property_masks/n02105505_komondor_fix_mask_seg0_k50176_eps_0.0001.npz,/Users/zd3504phd/Desktop/XAIV/benchmarks/vggnet16_benchmark2022_segmented_all_imgs/debug_vis/property_masks/n02105505_komondor_fix_mask_seg0_k50176_eps_0.0001.npz,ok,0.0575773278061224,0.2665282104534441,0.0020768431983385254,0.9477327795084804,0.23642177950848042,False,small_mask_guard
n02105641_Old_English_sheepdog,229,0,fix_mask,property_masks/n02105641_Old_English_sheepdog_fix_mask_seg0_k50176_eps_0.0001.npz,/Users/zd3504phd/Desktop/XAIV/benchmarks/vggnet16_benchmark2022_segmented_all_imgs/debug_vis/property_masks/n02105641_Old_English_sheepdog_fix_mask_seg0_k50176_eps_0.0001.npz,ok,0.3201729910714285,0.484593837535014,0.022471210706504825,0.8471833177715531,0.13587231777155306,True,outer_band_dominant
n02105855_Shetland_sheepdog,230,0,fix_mask,property_masks/n02105855_Shetland_sheepdog_fix_mask_seg0_k50176_eps_0.0001.npz,/Users/zd3504phd/Desktop/XAIV/benchmarks/vggnet16_benchmark2022_segmented_all_imgs/debug_vis/property_masks/n02105855_Shetland_sheepdog_fix_mask_seg0_k50176_eps_0.0001.npz,ok,0.2994060905612244,0.5135458962923517,0.3768887705518205,0.41136923384144314,-0.1024989094387756,False,default
n02106166_Border_collie,232,0,fix_mask,property_masks/n02106166_Border_collie_fix_mask_seg0_k50176_eps_0.0001.npz,/Users/zd3504phd/Desktop/XAIV/benchmarks/vggnet16_benchmark2022_segmented_all_imgs/debug_vis/property_masks/n02106166_Border_collie_fix_mask_seg0_k50176_eps_0.0001.npz,ok,0.4070671237244898,0.8868053855569156,0.030893512851897186,0.6209547123623012,0.03680538555691559,True,large_mask_ratio
n02106382_Bouvier_des_Flandres,233,0,fix_mask,property_masks/n02106382_Bouvier_des_Flandres_fix_mask_seg0_k50176_eps_0.0001.npz,/Users/zd3504phd/Desktop/XAIV/benchmarks/vggnet16_benchmark2022_segmented_all_imgs/debug_vis/property_masks/n02106382_Bouvier_des_Flandres_fix_mask_seg0_k50176_eps_0.0001.npz,ok,0.1901506696428571,0.491143486007756,0.07976103133843412,0.8628026412325752,0.1514916412325752,True,outer_band_dominant
n02106550_Rottweiler,234,0,fix_mask,property_masks/n02106550_Rottweiler_fix_mask_seg0_k50176_eps_0.0001.npz,/Users/zd3504phd/Desktop/XAIV/benchmarks/vggnet16_benchmark2022_segmented_all_imgs/debug_vis/property_masks/n02106550_Rottweiler_fix_mask_seg0_k50176_eps_0.0001.npz,ok,0.4848533163265306,0.8223035185794146,0.19865998026964815,0.5177573166721473,0.0829483163265306,True,large_mask_ratio
n01644373_tree_frog,31,0,fix_mask,property_masks/n01644373_tree_frog_fix_mask_seg0_k50176_eps_0.0001.npz,/Users/zd3504phd/Desktop/XAIV/benchmarks/vggnet16_benchmark2022_segmented_all_imgs/debug_vis/property_masks/n01644373_tree_frog_fix_mask_seg0_k50176_eps_0.0001.npz,ok,0.0492067920918367,0.2669096800324018,0.12150668286755771,0.5532604293236127,-0.10714668286755771,False,small_mask_guard
n01644900_tailed_frog,32,0,fix_mask,property_masks/n01644900_tailed_frog_fix_mask_seg0_k50176_eps_0.0001.npz,/Users/zd3504phd/Desktop/XAIV/benchmarks/vggnet16_benchmark2022_segmented_all_imgs/debug_vis/property_masks/n01644900_tailed_frog_fix_mask_seg0_k50176_eps_0.0001.npz,ok,0.4986248405612244,0.5979055917502698,0.049082697150165874,0.6738878452376194,0.0967198405612244,True,large_mask_ratio
n01665541_leatherback_turtle,34,0,fix_mask,property_masks/n01665541_leatherback_turtle_fix_mask_seg0_k50176_eps_0.0001.npz,/Users/zd3504phd/Desktop/XAIV/benchmarks/vggnet16_benchmark2022_segmented_all_imgs/debug_vis/property_masks/n01665541_leatherback_turtle_fix_mask_seg0_k50176_eps_0.0001.npz,ok,0.1853276466836734,0.5741477578234219,0.5605979137541671,0.24529519303150876,-0.2165773533163266,False,default
n01667114_mud_turtle,35,0,fix_mask,property_masks/n01667114_mud_turtle_fix_mask_seg0_k50176_eps_0.0001.npz,/Users/zd3504phd/Desktop/XAIV/benchmarks/vggnet16_benchmark2022_segmented_all_imgs/debug_vis/property_masks/n01667114_mud_turtle_fix_mask_seg0_k50176_eps_0.0001.npz,ok,0.5129344706632653,0.95011073551696,0.10754944243695846,0.534250301122897,0.11102947066326524,True,large_mask_ratio
n01667778_terrapin,36,0,fix_mask,property_masks/n01667778_terrapin_fix_mask_seg0_k50176_eps_0.0001.npz,/Users/zd3504phd/Desktop/XAIV/benchmarks/vggnet16_benchmark2022_segmented_all_imgs/debug_vis/property_masks/n01667778_terrapin_fix_mask_seg0_k50176_eps_0.0001.npz,ok,0.3233219068877551,0.48400419157985575,0.0,0.8894779017444369,0.17816690174443683,True,outer_band_dominant
n01669191_box_turtle,37,0,fix_mask,property_masks/n01669191_box_turtle_fix_mask_seg0_k50176_eps_0.0001.npz,/Users/zd3504phd/Desktop/XAIV/benchmarks/vggnet16_benchmark2022_segmented_all_imgs/debug_vis/property_masks/n01669191_box_turtle_fix_mask_seg0_k50176_eps_0.0001.npz,ok,0.0356345663265306,0.19574944071588368,0.5111856823266219,0.07829977628635347,-0.3662704336734694,False,small_mask_guard
n01675722_banded_gecko,38,0,fix_mask,property_masks/n01675722_banded_gecko_fix_mask_seg0_k50176_eps_0.0001.npz,/Users/zd3504phd/Desktop/XAIV/benchmarks/vggnet16_benchmark2022_segmented_all_imgs/debug_vis/property_masks/n01675722_banded_gecko_fix_mask_seg0_k50176_eps_0.0001.npz,ok,0.0868144132653061,0.8799357208448118,0.533287419651056,0.3071625344352617,-0.1571625344352617,False,default
n01677366_common_iguana,39,0,fix_mask,property_masks/n01677366_common_iguana_fix_mask_seg0_k50176_eps_0.0001.npz,/Users/zd3504phd/Desktop/XAIV/benchmarks/vggnet16_benchmark2022_segmented_all_imgs/debug_vis/property_masks/n01677366_common_iguana_fix_mask_seg0_k50176_eps_0.0001.npz,ok,0.1176658163265306,0.32401761517615174,0.018631436314363144,0.6807249322493225,-0.004271436314363145,False,default
n01682714_American_chameleon,40,0,fix_mask,property_masks/n01682714_American_chameleon_fix_mask_seg0_k50176_eps_0.0001.npz,/Users/zd3504phd/Desktop/XAIV/benchmarks/vggnet16_benchmark2022_segmented_all_imgs/debug_vis/property_masks/n01682714_American_chameleon_fix_mask_seg0_k50176_eps_0.0001.npz,ok,0.0765106823979591,0.26751758270382914,0.18390205782755925,0.612659546756968,-0.09865145324303204,False,small_mask_guard
n01685808_whiptail,41,0,fix_mask,property_masks/n01685808_whiptail_fix_mask_seg0_k50176_eps_0.0001.npz,/Users/zd3504phd/Desktop/XAIV/benchmarks/vggnet16_benchmark2022_segmented_all_imgs/debug_vis/property_masks/n01685808_whiptail_fix_mask_seg0_k50176_eps_0.0001.npz,ok,0.6083386479591837,0.3255798715764644,0.20118595203774078,0.4590158563753112,0.20643364795918367,True,large_mask_ratio
n01687978_agama,42,0,fix_mask,property_masks/n01687978_agama_fix_mask_seg0_k50176_eps_0.0001.npz,/Users/zd3504phd/Desktop/XAIV/benchmarks/vggnet16_benchmark2022_segmented_all_imgs/debug_vis/property_masks/n01687978_agama_fix_mask_seg0_k50176_eps_0.0001.npz,ok,0.0525948660714285,0.2701780977643047,0.39598332701780975,0.2504736642667677,-0.3493101339285715,False,small_mask_guard
n01688243_frilled_lizard,43,0,fix_mask,property_masks/n01688243_frilled_lizard_fix_mask_seg0_k50176_eps_0.0001.npz,/Users/zd3504phd/Desktop/XAIV/benchmarks/vggnet16_benchmark2022_segmented_all_imgs/debug_vis/property_masks/n01688243_frilled_lizard_fix_mask_seg0_k50176_eps_0.0001.npz,ok,0.2349131058673469,0.8993806736234835,0.10604903707474336,0.568592517179944,-0.06508689413265309,False,default
n01692333_Gila_monster,45,0,fix_mask,property_masks/n01692333_Gila_monster_fix_mask_seg0_k50176_eps_0.0001.npz,/Users/zd3504phd/Desktop/XAIV/benchmarks/vggnet16_benchmark2022_segmented_all_imgs/debug_vis/property_masks/n01692333_Gila_monster_fix_mask_seg0_k50176_eps_0.0001.npz,ok,0.2525310905612244,0.2977665535474706,0.19248678083813434,0.510930471154605,-0.1493739094387756,False,default
n01694178_African_chameleon,47,0,fix_mask,property_masks/n01694178_African_chameleon_fix_mask_seg0_k50176_eps_0.0001.npz,/Users/zd3504phd/Desktop/XAIV/benchmarks/vggnet16_benchmark2022_segmented_all_imgs/debug_vis/property_masks/n01694178_African_chameleon_fix_mask_seg0_k50176_eps_0.0001.npz,ok,0.044921875,0.36512866015971607,0.00709849157054126,0.813220940550133,0.10190994055013303,False,small_mask_guard
n01695060_Komodo_dragon,48,0,fix_mask,property_masks/n01695060_Komodo_dragon_fix_mask_seg0_k50176_eps_0.0001.npz,/Users/zd3504phd/Desktop/XAIV/benchmarks/vggnet16_benchmark2022_segmented_all_imgs/debug_vis/property_masks/n01695060_Komodo_dragon_fix_mask_seg0_k50176_eps_0.0001.npz,ok,0.3247369260204081,0.5551736835645023,0.27077451822756843,0.4555050938995949,-0.07716807397959191,False,default
n01697457_African_crocodile,49,0,fix_mask,property_masks/n01697457_African_crocodile_fix_mask_seg0_k50176_eps_0.0001.npz,/Users/zd3504phd/Desktop/XAIV/benchmarks/vggnet16_benchmark2022_segmented_all_imgs/debug_vis/property_masks/n01697457_African_crocodile_fix_mask_seg0_k50176_eps_0.0001.npz,ok,0.3738042091836734,0.41160162081467266,0.03748133930475581,0.6759970142887609,-0.023121339304755816,False,default
