transition,image,eps,k,Global_tag,Object_tag,Background_tag,Global_lb_minus_rhs,Object_lb_minus_rhs,Background_lb_minus_rhs,Global_X,Object_X,Background_X,Global_bnb,Object_bnb,Background_bnb
Safe → Safe,n02100583_vizsla,0.0001,50176.0,n02100583_vizsla_global,n02100583_vizsla_seg0_fixnonmask,n02100583_vizsla_seg0_fixmask,0.0545872449874877,0.2127289175987243,0.2158523499965667,Safe,Safe,Safe,False,False,False
Safe → Safe,n02930766_cab,0.0001,50176.0,n02930766_cab_global,n02930766_cab_seg0_fixnonmask,n02930766_cab_seg0_fixmask,0.1398811787366867,0.5210269093513489,0.5843344330787659,Safe,Safe,Safe,False,False,False
Safe → Safe,n02110627_affenpinscher,0.0001,50176.0,n02110627_affenpinscher_global,n02110627_affenpinscher_seg0_fixnonmask,n02110627_affenpinscher_seg0_fixmask,0.3187037706375122,0.6777253746986389,0.7160714864730835,Safe,Safe,Safe,False,False,False
Safe → Safe,n02088238_basset,0.0001,50176.0,n02088238_basset_global,n02088238_basset_seg0_fixnonmask,n02088238_basset_seg0_fixmask,0.3455032706260681,0.4797242283821106,0.4883005321025848,Safe,Safe,Safe,False,False,False
Safe → Safe,n02667093_abaya,0.0001,50176.0,n02667093_abaya_global,n02667093_abaya_seg0_fixnonmask,n02667093_abaya_seg0_fixmask,0.4716228544712066,0.8406766057014465,0.8659069538116455,Safe,Safe,Safe,False,False,False
Safe → Safe,n07730033_cardoon,0.0001,50176.0,n07730033_cardoon_global,n07730033_cardoon_seg0_fixnonmask,n07730033_cardoon_seg0_fixmask,0.4979511499404907,1.8334660530090332,1.8966970443725584,Safe,Safe,Safe,False,False,False
Safe → Safe,n02500267_indri,0.0001,50176.0,n02500267_indri_global,n02500267_indri_seg0_fixnonmask,n02500267_indri_seg0_fixmask,0.5007297396659851,0.7435163855552673,0.7304832935333252,Safe,Safe,Safe,False,False,False
Safe → Safe,n01943899_conch,0.0001,50176.0,n01943899_conch_global,n01943899_conch_seg0_fixnonmask,n01943899_conch_seg0_fixmask,0.5400180220603943,1.0759748220443726,1.2825570106506348,Safe,Safe,Safe,False,False,False
Safe → Safe,n02892767_brassiere,0.0001,50176.0,n02892767_brassiere_global,n02892767_brassiere_seg0_fixnonmask,n02892767_brassiere_seg0_fixmask,0.5882322788238525,0.9164380431175232,0.993475079536438,Safe,Safe,Safe,False,False,False
Safe → Safe,n02096051_Airedale,0.0001,50176.0,n02096051_Airedale_global,n02096051_Airedale_seg0_fixnonmask,n02096051_Airedale_seg0_fixmask,0.6080179810523987,0.6962660551071167,0.7029501795768738,Safe,Safe,Safe,False,False,False
Safe → Safe,n02088364_beagle,0.0001,50176.0,n02088364_beagle_global,n02088364_beagle_seg0_fixnonmask,n02088364_beagle_seg0_fixmask,0.9371440410614014,1.0292844772338867,1.1061190366744995,Safe,Safe,Safe,False,False,False
Safe → Safe,n03126707_crane,0.0001,50176.0,n03126707_crane_global,n03126707_crane_seg0_fixnonmask,n03126707_crane_seg0_fixmask,1.0368850231170654,1.2342795133590698,1.3562099933624268,Safe,Safe,Safe,False,False,False
Safe → Safe,n01944390_snail,0.0001,50176.0,n01944390_snail_global,n01944390_snail_seg0_fixnonmask,n01944390_snail_seg0_fixmask,1.1211798191070557,1.37520432472229,1.6423637866973877,Safe,Safe,Safe,False,False,False
Safe → Safe,n02085620_Chihuahua,0.0001,50176.0,n02085620_Chihuahua_global,n02085620_Chihuahua_seg0_fixnonmask,n02085620_Chihuahua_seg0_fixmask,1.29932963848114,2.2254199981689453,2.1715846061706543,Safe,Safe,Safe,False,False,False
Safe → Safe,n02104365_schipperke,0.0001,50176.0,n02104365_schipperke_global,n02104365_schipperke_seg0_fixnonmask,n02104365_schipperke_seg0_fixmask,1.4081518650054932,1.514781475067139,1.5331437587738037,Safe,Safe,Safe,False,False,False
Safe → Safe,n04376876_syringe,0.0001,50176.0,n04376876_syringe_global,n04376876_syringe_seg0_fixnonmask,n04376876_syringe_seg0_fixmask,1.482917547225952,1.7224280834197998,1.739445686340332,Safe,Safe,Safe,False,False,False
Unknown (BnB) → Safe,n02443114_polecat,0.0001,50176.0,n02443114_polecat_global,n02443114_polecat_seg0_fixnonmask,n02443114_polecat_seg0_fixmask,-6431.99853515625,0.1244946271181106,0.2092493921518325,Unknown (BnB),Safe,Safe,True,False,False
Unknown (BnB) → Safe,n04009552_projector,0.0001,50176.0,n04009552_projector_global,n04009552_projector_seg0_fixnonmask,n04009552_projector_seg0_fixmask,-4989.67822265625,-423.15435791015625,1.9487965106964111,Unknown (BnB),Unknown (BnB),Safe,True,True,False
Unknown (BnB) → Safe,n02129165_lion,0.0001,50176.0,n02129165_lion_global,n02129165_lion_seg0_fixnonmask,n02129165_lion_seg0_fixmask,-2093.24658203125,-752.9635009765625,0.7555015087127686,Unknown (BnB),Unknown (BnB),Safe,True,True,False
Unknown (BnB) → Safe,n02110063_malamute,0.0001,50176.0,n02110063_malamute_global,n02110063_malamute_seg0_fixnonmask,n02110063_malamute_seg0_fixmask,-914.8093872070312,-318.3642272949219,0.0392239391803741,Unknown (BnB),Unknown (BnB),Safe,True,True,False
Unknown (BnB) → Safe,n04026417_purse,0.0001,50176.0,n04026417_purse_global,n04026417_purse_seg0_fixnonmask,n04026417_purse_seg0_fixmask,-680.5715942382812,-1.2490613460540771,0.1613581180572509,Unknown (BnB),Unknown (BnB),Safe,True,True,False
Unknown (BnB) → Safe,n04389033_tank,0.0001,50176.0,n04389033_tank_global,n04389033_tank_seg0_fixnonmask,n04389033_tank_seg0_fixmask,-626.4382934570312,0.3901703357696533,0.4413527846336365,Unknown (BnB),Safe,Safe,True,False,False
Unknown (BnB) → Safe,n02906734_broom,0.0001,50176.0,n02906734_broom_global,n02906734_broom_seg0_fixnonmask,n02906734_broom_seg0_fixmask,-368.8399353027344,0.5337380766868591,1.1137423515319824,Unknown (BnB),Safe,Safe,True,False,False
Unknown (BnB) → Safe,n02011460_bittern,0.0001,50176.0,n02011460_bittern_global,n02011460_bittern_seg0_fixnonmask,n02011460_bittern_seg0_fixmask,-234.9834899902344,-94.81439971923828,1.8324534893035889,Unknown (BnB),Unknown (BnB),Safe,True,True,False
Unknown (BnB) → Safe,n04033901_quill,0.0001,50176.0,n04033901_quill_global,n04033901_quill_seg0_fixnonmask,n04033901_quill_seg0_fixmask,-218.00762939453125,-167.0196990966797,0.0725980401039123,Unknown (BnB),Unknown (BnB),Safe,True,True,False
Unknown (BnB) → Safe,n02415577_bighorn,0.0001,50176.0,n02415577_bighorn_global,n02415577_bighorn_seg0_fixnonmask,n02415577_bighorn_seg0_fixmask,-168.79290771484375,-7.7461838722229,0.9457647204399108,Unknown (BnB),Unknown (BnB),Safe,True,True,False
Unknown (BnB) → Safe,n02088466_bloodhound,0.0001,50176.0,n02088466_bloodhound_global,n02088466_bloodhound_seg0_fixnonmask,n02088466_bloodhound_seg0_fixmask,-165.3851776123047,0.8270418047904968,0.7576167583465576,Unknown (BnB),Safe,Safe,True,False,False
Unknown (BnB) → Safe,n02086079_Pekinese,0.0001,50176.0,n02086079_Pekinese_global,n02086079_Pekinese_seg0_fixnonmask,n02086079_Pekinese_seg0_fixmask,-152.58961486816406,-51.61612701416016,0.4167237281799316,Unknown (BnB),Unknown (BnB),Safe,True,True,False
Unknown (BnB) → Safe,n02264363_lacewing,0.0001,50176.0,n02264363_lacewing_global,n02264363_lacewing_seg0_fixnonmask,n02264363_lacewing_seg0_fixmask,-127.23059844970705,-4.836242198944092,2.0689001083374023,Unknown (BnB),Unknown (BnB),Safe,True,True,False
Unknown (BnB) → Safe,n02843684_birdhouse,0.0001,50176.0,n02843684_birdhouse_global,n02843684_birdhouse_seg0_fixnonmask,n02843684_birdhouse_seg0_fixmask,-114.86611938476562,0.1220003962516784,0.088566780090332,Unknown (BnB),Safe,Safe,True,False,False
Unknown (BnB) → Safe,n02950826_cannon,0.0001,50176.0,n02950826_cannon_global,n02950826_cannon_seg0_fixnonmask,n02950826_cannon_seg0_fixmask,-105.61298370361328,,0.059220403432846,Unknown (BnB),Unknown (no BnB),Safe,True,False,False
Unknown (BnB) → Safe,n02859443_boathouse,0.0001,50176.0,n02859443_boathouse_global,n02859443_boathouse_seg0_fixnonmask,n02859443_boathouse_seg0_fixmask,-100.02788543701172,2.388875722885132,2.42460560798645,Unknown (BnB),Safe,Safe,True,False,False
Unknown (BnB) → Safe,n02799071_baseball,0.0001,50176.0,n02799071_baseball_global,n02799071_baseball_seg0_fixnonmask,n02799071_baseball_seg0_fixmask,-95.0794906616211,1.0776524543762207,1.2026475667953491,Unknown (BnB),Safe,Safe,True,False,False
Unknown (BnB) → Safe,n03220513_dome,0.0001,50176.0,n03220513_dome_global,n03220513_dome_seg0_fixnonmask,n03220513_dome_seg0_fixmask,-92.60266876220705,-1.983386754989624,0.417193591594696,Unknown (BnB),Unknown (BnB),Safe,True,True,False
Unknown (BnB) → Safe,n02256656_cicada,0.0001,50176.0,n02256656_cicada_global,n02256656_cicada_seg0_fixnonmask,n02256656_cicada_seg0_fixmask,-87.22295379638672,0.3306716084480285,0.6076661348342896,Unknown (BnB),Safe,Safe,True,False,False
Unknown (BnB) → Safe,n01955084_chiton,0.0001,50176.0,n01955084_chiton_global,n01955084_chiton_seg0_fixnonmask,n01955084_chiton_seg0_fixmask,-80.90962219238281,-23.632986068725582,0.6241345405578613,Unknown (BnB),Unknown (BnB),Safe,True,True,False
Unknown (BnB) → Safe,n02219486_ant,0.0001,50176.0,n02219486_ant_global,n02219486_ant_seg0_fixnonmask,n02219486_ant_seg0_fixmask,-78.77165985107422,0.2342636883258819,0.8306871652603149,Unknown (BnB),Safe,Safe,True,False,False
Unknown (BnB) → Safe,n02445715_skunk,0.0001,50176.0,n02445715_skunk_global,n02445715_skunk_seg0_fixnonmask,n02445715_skunk_seg0_fixmask,-69.07341766357422,-12.58599090576172,0.6352419257164001,Unknown (BnB),Unknown (BnB),Safe,True,True,False
Unknown (BnB) → Safe,n02895154_breastplate,0.0001,50176.0,n02895154_breastplate_global,n02895154_breastplate_seg0_fixnonmask,n02895154_breastplate_seg0_fixmask,-68.63072204589844,-0.2125722169876098,0.8618357181549072,Unknown (BnB),Unknown (BnB),Safe,True,True,False
Unknown (BnB) → Safe,n02363005_beaver,0.0001,50176.0,n02363005_beaver_global,n02363005_beaver_seg0_fixnonmask,n02363005_beaver_seg0_fixmask,-66.33112335205078,0.7228014469146729,0.989180862903595,Unknown (BnB),Safe,Safe,True,False,False
Unknown (BnB) → Safe,n02108000_EntleBucher,0.0001,50176.0,n02108000_EntleBucher_global,n02108000_EntleBucher_seg0_fixnonmask,n02108000_EntleBucher_seg0_fixmask,-63.866153717041016,-1.6882416009902954,0.1031165122985839,Unknown (BnB),Unknown (BnB),Safe,True,True,False
Unknown (BnB) → Safe,n02090379_redbone,0.0001,50176.0,n02090379_redbone_global,n02090379_redbone_seg0_fixnonmask,n02090379_redbone_seg0_fixmask,-53.300045013427734,0.950889527797699,1.0211154222488403,Unknown (BnB),Safe,Safe,True,False,False
Unknown (BnB) → Safe,n02804414_bassinet,0.0001,50176.0,n02804414_bassinet_global,n02804414_bassinet_seg0_fixnonmask,n02804414_bassinet_seg0_fixmask,-43.46858978271485,0.4937434494495392,0.5848885774612427,Unknown (BnB),Safe,Safe,True,False,False
Unknown (BnB) → Safe,n02666196_abacus,0.0001,50176.0,n02666196_abacus_global,n02666196_abacus_seg0_fixnonmask,n02666196_abacus_seg0_fixmask,-42.1519775390625,0.9124915599822998,0.7700290679931641,Unknown (BnB),Safe,Safe,True,False,False
Unknown (BnB) → Safe,n03207941_dishwasher,0.0001,50176.0,n03207941_dishwasher_global,n03207941_dishwasher_seg0_fixnonmask,n03207941_dishwasher_seg0_fixmask,-35.78810501098633,3.125049114227295,3.000009536743164,Unknown (BnB),Safe,Safe,True,False,False
Unknown (BnB) → Safe,n02980441_castle,0.0001,50176.0,n02980441_castle_global,n02980441_castle_seg0_fixnonmask,n02980441_castle_seg0_fixmask,-34.61630630493164,0.1210368573665618,0.4447185099124908,Unknown (BnB),Safe,Safe,True,False,False
Unknown (BnB) → Safe,n04372370_switch,0.0001,50176.0,n04372370_switch_global,n04372370_switch_seg0_fixnonmask,n04372370_switch_seg0_fixmask,-30.831701278686523,-3.154294490814209,0.0536820888519287,Unknown (BnB),Unknown (BnB),Safe,True,True,False
Unknown (BnB) → Safe,n03017168_chime,0.0001,50176.0,n03017168_chime_global,n03017168_chime_seg0_fixnonmask,n03017168_chime_seg0_fixmask,-23.39598846435547,1.5245181322097778,1.5535755157470703,Unknown (BnB),Safe,Safe,True,False,False
Unknown (BnB) → Safe,n03291819_envelope,0.0001,50176.0,n03291819_envelope_global,n03291819_envelope_seg0_fixnonmask,n03291819_envelope_seg0_fixmask,-21.147554397583008,-0.1854794025421142,3.7180562019348145,Unknown (BnB),Unknown (BnB),Safe,True,True,False
Unknown (BnB) → Safe,n02112018_Pomeranian,0.0001,50176.0,n02112018_Pomeranian_global,n02112018_Pomeranian_seg0_fixnonmask,n02112018_Pomeranian_seg0_fixmask,-18.311134338378903,-0.6804990768432617,0.5090413093566895,Unknown (BnB),Unknown (BnB),Safe,True,True,False
Unknown (BnB) → Safe,n03014705_chest,0.0001,50176.0,n03014705_chest_global,n03014705_chest_seg0_fixnonmask,n03014705_chest_seg0_fixmask,-13.8977689743042,-0.4548566341400146,0.0940866470336914,Unknown (BnB),Unknown (BnB),Safe,True,True,False
Unknown (BnB) → Safe,n03032252_cinema,0.0001,50176.0,n03032252_cinema_global,n03032252_cinema_seg0_fixnonmask,n03032252_cinema_seg0_fixmask,-13.418208122253418,-1.3077304363250732,0.8319826126098633,Unknown (BnB),Unknown (BnB),Safe,True,True,False
Unknown (BnB) → Safe,n02130308_cheetah,0.0001,50176.0,n02130308_cheetah_global,n02130308_cheetah_seg0_fixnonmask,n02130308_cheetah_seg0_fixmask,-12.65995979309082,-8.424323081970215,0.9796424508094788,Unknown (BnB),Unknown (BnB),Safe,True,True,False
Unknown (BnB) → Safe,n02802426_basketball,0.0001,50176.0,n02802426_basketball_global,n02802426_basketball_seg0_fixnonmask,n02802426_basketball_seg0_fixmask,-9.600500106811523,0.0427599251270294,0.0240939855575561,Unknown (BnB),Safe,Safe,True,False,False
Unknown (BnB) → Safe,n02229544_cricket,0.0001,50176.0,n02229544_cricket_global,n02229544_cricket_seg0_fixnonmask,n02229544_cricket_seg0_fixmask,-9.24732780456543,0.2470254004001617,0.2834260463714599,Unknown (BnB),Safe,Safe,True,False,False
Unknown (BnB) → Safe,n02106550_Rottweiler,0.0001,50176.0,n02106550_Rottweiler_global,n02106550_Rottweiler_seg0_fixnonmask,n02106550_Rottweiler_seg0_fixmask,-6.467585563659668,0.1650682091712951,0.1411476582288742,Unknown (BnB),Safe,Safe,True,False,False
Unknown (BnB) → Safe,n03743016_megalith,0.0001,50176.0,n03743016_megalith_global,n03743016_megalith_seg0_fixnonmask,n03743016_megalith_seg0_fixmask,-5.7148356437683105,0.6733875870704651,0.9188733100891112,Unknown (BnB),Safe,Safe,True,False,False
Unknown (BnB) → Safe,n02105056_groenendael,0.0001,50176.0,n02105056_groenendael_global,n02105056_groenendael_seg0_fixnonmask,n02105056_groenendael_seg0_fixmask,-3.2120580673217773,0.4875686764717102,0.6040438413619995,Unknown (BnB),Safe,Safe,True,False,False
Unknown (BnB) → Safe,n03207743_dishrag,0.0001,50176.0,n03207743_dishrag_global,n03207743_dishrag_seg0_fixnonmask,n03207743_dishrag_seg0_fixmask,-2.6650707721710205,-2.3481366634368896,0.4922137260437011,Unknown (BnB),Unknown (BnB),Safe,True,True,False
Unknown (BnB) → Safe,n02701002_ambulance,0.0001,50176.0,n02701002_ambulance_global,n02701002_ambulance_seg0_fixnonmask,n02701002_ambulance_seg0_fixmask,-2.552746057510376,1.1031047105789185,1.3236509561538696,Unknown (BnB),Safe,Safe,True,False,False
Unknown (BnB) → Safe,n02090622_borzoi,0.0001,50176.0,n02090622_borzoi_global,n02090622_borzoi_seg0_fixnonmask,n02090622_borzoi_seg0_fixmask,-2.212181329727173,-0.0773160010576248,0.2910489737987518,Unknown (BnB),Unknown (BnB),Safe,True,True,False
Unknown (BnB) → Safe,n03131574_crib,0.0001,50176.0,n03131574_crib_global,n03131574_crib_seg0_fixnonmask,n03131574_crib_seg0_fixmask,-2.087961196899414,0.6818901896476746,0.8218951225280762,Unknown (BnB),Safe,Safe,True,False,False
Unknown (BnB) → Safe,n01924916_flatworm,0.0001,50176.0,n01924916_flatworm_global,n01924916_flatworm_seg0_fixnonmask,n01924916_flatworm_seg0_fixmask,-2.068914890289306,0.0847313404083252,0.593565046787262,Unknown (BnB),Safe,Safe,True,False,False
Unknown (BnB) → Safe,n02277742_ringlet,0.0001,50176.0,n02277742_ringlet_global,n02277742_ringlet_seg0_fixnonmask,n02277742_ringlet_seg0_fixmask,-1.926559567451477,0.4374317228794098,0.4330582916736603,Unknown (BnB),Safe,Safe,True,False,False
Unknown (BnB) → Safe,n02110341_dalmatian,0.0001,50176.0,n02110341_dalmatian_global,n02110341_dalmatian_seg0_fixnonmask,n02110341_dalmatian_seg0_fixmask,-1.4643027782440186,0.8383345603942871,0.8681541085243225,Unknown (BnB),Safe,Safe,True,False,False
Unknown (BnB) → Safe,n02910353_buckle,0.0001,50176.0,n02910353_buckle_global,n02910353_buckle_seg0_fixnonmask,n02910353_buckle_seg0_fixmask,-1.1601409912109375,-0.2130332589149475,0.7848668098449707,Unknown (BnB),Unknown (BnB),Safe,True,True,False
Unknown (BnB) → Safe,n02111889_Samoyed,0.0001,50176.0,n02111889_Samoyed_global,n02111889_Samoyed_seg0_fixnonmask,n02111889_Samoyed_seg0_fixmask,-1.137240648269653,0.3128972053527832,0.3087819814682007,Unknown (BnB),Safe,Safe,True,False,False
Unknown (BnB) → Safe,n02092339_Weimaraner,0.0001,50176.0,n02092339_Weimaraner_global,n02092339_Weimaraner_seg0_fixnonmask,n02092339_Weimaraner_seg0_fixmask,-1.0628950595855713,0.1475999355316162,0.1099516451358795,Unknown (BnB),Safe,Safe,True,False,False
Unknown (BnB) → Safe,n02480495_orangutan,0.0001,50176.0,n02480495_orangutan_global,n02480495_orangutan_seg0_fixnonmask,n02480495_orangutan_seg0_fixmask,-1.0374311208724976,0.4461784362792969,0.5139877796173096,Unknown (BnB),Safe,Safe,True,False,False
Unknown (BnB) → Safe,n02112137_chow,0.0001,50176.0,n02112137_chow_global,n02112137_chow_seg0_fixnonmask,n02112137_chow_seg0_fixmask,-0.7510178089141846,0.1355326622724533,0.2072648704051971,Unknown (BnB),Safe,Safe,True,False,False
Unknown (BnB) → Safe,n02403003_ox,0.0001,50176.0,n02403003_ox_global,n02403003_ox_seg0_fixnonmask,n02403003_ox_seg0_fixmask,-0.7267187833786011,0.7139681577682495,1.2600752115249634,Unknown (BnB),Safe,Safe,True,False,False
Unknown (BnB) → Safe,n02817516_bearskin,0.0001,50176.0,n02817516_bearskin_global,n02817516_bearskin_seg0_fixnonmask,n02817516_bearskin_seg0_fixmask,-0.7056084275245667,0.4769388437271118,0.8092672228813171,Unknown (BnB),Safe,Safe,True,False,False
Unknown (BnB) → Safe,n02483362_gibbon,0.0001,50176.0,n02483362_gibbon_global,n02483362_gibbon_seg0_fixnonmask,n02483362_gibbon_seg0_fixmask,-0.630522608757019,0.3979238867759704,0.3939999341964721,Unknown (BnB),Safe,Safe,True,False,False
Unknown (BnB) → Safe,n02110958_pug,0.0001,50176.0,n02110958_pug_global,n02110958_pug_seg0_fixnonmask,n02110958_pug_seg0_fixmask,-0.2758444845676422,0.2554726004600525,0.3272185623645782,Unknown (BnB),Safe,Safe,True,False,False
Unknown (BnB) → Safe,n02782093_balloon,0.0001,50176.0,n02782093_balloon_global,n02782093_balloon_seg0_fixnonmask,n02782093_balloon_seg0_fixmask,-0.0001401901245117,0.10738205909729,0.1311640739440918,Unknown (BnB),Safe,Safe,True,False,False
Unknown (no BnB) → Safe,n02013706_limpkin,0.0001,50176.0,n02013706_limpkin_global,n02013706_limpkin_seg0_fixnonmask,n02013706_limpkin_seg0_fixmask,,0.7713621258735657,0.692095935344696,Unknown (no BnB),Safe,Safe,False,False,False
Unknown (no BnB) → Safe,n02033041_dowitcher,0.0001,50176.0,n02033041_dowitcher_global,n02033041_dowitcher_seg0_fixnonmask,n02033041_dowitcher_seg0_fixmask,,-22.26746940612793,1.3113387823104858,Unknown (no BnB),Unknown (BnB),Safe,False,True,False
Unknown (no BnB) → Safe,n02088632_bluetick,0.0001,50176.0,n02088632_bluetick_global,n02088632_bluetick_seg0_fixnonmask,n02088632_bluetick_seg0_fixmask,,1.1863723993301392,1.1132338047027588,Unknown (no BnB),Safe,Safe,False,False,False
Unknown (no BnB) → Safe,n02108089_boxer,0.0001,50176.0,n02108089_boxer_global,n02108089_boxer_seg0_fixnonmask,n02108089_boxer_seg0_fixmask,,0.8056944608688354,0.9207119345664978,Unknown (no BnB),Safe,Safe,False,False,False
Unknown (no BnB) → Safe,n02113186_Cardigan,0.0001,50176.0,n02113186_Cardigan_global,n02113186_Cardigan_seg0_fixnonmask,n02113186_Cardigan_seg0_fixmask,,-1.672354221343994,0.1334531754255294,Unknown (no BnB),Unknown (BnB),Safe,False,True,False
Unknown (no BnB) → Safe,n02128385_leopard,0.0001,50176.0,n02128385_leopard_global,n02128385_leopard_seg0_fixnonmask,n02128385_leopard_seg0_fixmask,,-250.3443145751953,0.1377850174903869,Unknown (no BnB),Unknown (BnB),Safe,False,True,False
Unknown (no BnB) → Safe,n02138441_meerkat,0.0001,50176.0,n02138441_meerkat_global,n02138441_meerkat_seg0_fixnonmask,n02138441_meerkat_seg0_fixmask,,-49.08347702026367,0.6860029101371765,Unknown (no BnB),Unknown (BnB),Safe,False,True,False
Unknown (no BnB) → Safe,n02165456_ladybug,0.0001,50176.0,n02165456_ladybug_global,n02165456_ladybug_seg0_fixnonmask,n02165456_ladybug_seg0_fixmask,,0.5743469595909119,0.8036296963691711,Unknown (no BnB),Safe,Safe,False,False,False
Unknown (no BnB) → Safe,n02233338_cockroach,0.0001,50176.0,n02233338_cockroach_global,n02233338_cockroach_seg0_fixnonmask,n02233338_cockroach_seg0_fixmask,,1.187859296798706,1.170928120613098,Unknown (no BnB),Safe,Safe,False,False,False
Unknown (no BnB) → Safe,n02279972_monarch,0.0001,50176.0,n02279972_monarch_global,n02279972_monarch_seg0_fixnonmask,n02279972_monarch_seg0_fixmask,,0.7828344106674194,0.6455365419387817,Unknown (no BnB),Safe,Safe,False,False,False
Unknown (no BnB) → Safe,n02328150_Angora,0.0001,50176.0,n02328150_Angora_global,n02328150_Angora_seg0_fixnonmask,n02328150_Angora_seg0_fixmask,,1.1820368766784668,1.3464839458465576,Unknown (no BnB),Safe,Safe,False,False,False
Unknown (no BnB) → Safe,n02641379_gar,0.0001,50176.0,n02641379_gar_global,n02641379_gar_seg0_fixnonmask,n02641379_gar_seg0_fixmask,,-51.61921310424805,0.3135990500450134,Unknown (no BnB),Unknown (BnB),Safe,False,True,False
Unknown (no BnB) → Safe,n02672831_accordion,0.0001,50176.0,n02672831_accordion_global,n02672831_accordion_seg0_fixnonmask,n02672831_accordion_seg0_fixmask,,-4.282191753387451,0.4558310210704803,Unknown (no BnB),Unknown (BnB),Safe,False,True,False
Unknown (no BnB) → Safe,n02727426_apiary,0.0001,50176.0,n02727426_apiary_global,n02727426_apiary_seg0_fixnonmask,n02727426_apiary_seg0_fixmask,,0.3794814944267273,0.7794962525367737,Unknown (no BnB),Safe,Safe,False,False,False
Unknown (no BnB) → Safe,n02787622_banjo,0.0001,50176.0,n02787622_banjo_global,n02787622_banjo_seg0_fixnonmask,n02787622_banjo_seg0_fixmask,,-31.986642837524418,1.2399003505706787,Unknown (no BnB),Unknown (BnB),Safe,False,True,False
Unknown (no BnB) → Safe,n02870880_bookcase,0.0001,50176.0,n02870880_bookcase_global,n02870880_bookcase_seg0_fixnonmask,n02870880_bookcase_seg0_fixmask,,0.2462865114212036,0.5997206568717957,Unknown (no BnB),Safe,Safe,False,False,False
Unknown (no BnB) → Safe,n02892201_brass,0.0001,50176.0,n02892201_brass_global,n02892201_brass_seg0_fixnonmask,n02892201_brass_seg0_fixmask,,-118.79136657714844,0.6123208999633789,Unknown (no BnB),Unknown (BnB),Safe,False,True,False
Unknown (no BnB) → Safe,n02948072_candle,0.0001,50176.0,n02948072_candle_global,n02948072_candle_seg0_fixnonmask,n02948072_candle_seg0_fixmask,,-44.17436981201172,1.2855613231658936,Unknown (no BnB),Unknown (BnB),Safe,False,True,False
Unsafe → Safe,n02492035_capuchin,0.0001,50176.0,n02492035_capuchin_global,n02492035_capuchin_seg0_fixnonmask,n02492035_capuchin_seg0_fixmask,,,0.0264367014169693,Unsafe,Unsafe,Safe,False,False,False
Unsafe → Safe,n02869837_bonnet,0.0001,50176.0,n02869837_bonnet_global,n02869837_bonnet_seg0_fixnonmask,n02869837_bonnet_seg0_fixmask,,,0.0058963745832443,Unsafe,Unsafe,Safe,False,False,False
Unsafe → Unsafe,n01440764_tench,0.0001,50176.0,n01440764_tench_global,n01440764_tench_seg0_fixnonmask,n01440764_tench_seg0_fixmask,,,-inf,Unsafe,Unsafe,Unsafe,False,False,False
Unsafe → Unsafe,n01514668_cock,0.0001,50176.0,n01514668_cock_global,n01514668_cock_seg0_fixnonmask,n01514668_cock_seg0_fixmask,,,-inf,Unsafe,Unsafe,Unsafe,False,False,False
Unsafe → Unsafe,n01514859_hen,0.0001,50176.0,n01514859_hen_global,n01514859_hen_seg0_fixnonmask,n01514859_hen_seg0_fixmask,,,,Unsafe,Unsafe,Unsafe,False,False,False
Unsafe → Unsafe,n01518878_ostrich,0.0001,50176.0,n01518878_ostrich_global,n01518878_ostrich_seg0_fixnonmask,n01518878_ostrich_seg0_fixmask,,,,Unsafe,Unsafe,Unsafe,False,False,False
Unsafe → Unsafe,n01530575_brambling,0.0001,50176.0,n01530575_brambling_global,n01530575_brambling_seg0_fixnonmask,n01530575_brambling_seg0_fixmask,,,,Unsafe,Unsafe,Unsafe,False,False,False
Unsafe → Unsafe,n01531178_goldfinch,0.0001,50176.0,n01531178_goldfinch_global,n01531178_goldfinch_seg0_fixnonmask,n01531178_goldfinch_seg0_fixmask,,,,Unsafe,Unsafe,Unsafe,False,False,False
Unsafe → Unsafe,n01580077_jay,0.0001,50176.0,n01580077_jay_global,n01580077_jay_seg0_fixnonmask,n01580077_jay_seg0_fixmask,,,,Unsafe,Unsafe,Unsafe,False,False,False
Unsafe → Unsafe,n01631663_eft,0.0001,50176.0,n01631663_eft_global,n01631663_eft_seg0_fixnonmask,n01631663_eft_seg0_fixmask,,,,Unsafe,Unsafe,Unsafe,False,False,False
Unsafe → Unsafe,n01641577_bullfrog,0.0001,50176.0,n01641577_bullfrog_global,n01641577_bullfrog_seg0_fixnonmask,n01641577_bullfrog_seg0_fixmask,,,,Unsafe,Unsafe,Unsafe,False,False,False
Unsafe → Unsafe,n01685808_whiptail,0.0001,50176.0,n01685808_whiptail_global,n01685808_whiptail_seg0_fixnonmask,n01685808_whiptail_seg0_fixmask,,,,Unsafe,Unsafe,Unsafe,False,False,False
Unsafe → Unsafe,n01687978_agama,0.0001,50176.0,n01687978_agama_global,n01687978_agama_seg0_fixnonmask,n01687978_agama_seg0_fixmask,,,-inf,Unsafe,Unsafe,Unsafe,False,False,False
Unsafe → Unsafe,n01704323_triceratops,0.0001,50176.0,n01704323_triceratops_global,n01704323_triceratops_seg0_fixnonmask,n01704323_triceratops_seg0_fixmask,,,-inf,Unsafe,Unsafe,Unsafe,False,False,False
Unsafe → Unsafe,n01756291_sidewinder,0.0001,50176.0,n01756291_sidewinder_global,n01756291_sidewinder_seg0_fixnonmask,n01756291_sidewinder_seg0_fixmask,,,,Unsafe,Unsafe,Unsafe,False,False,False
Unsafe → Unsafe,n01768244_trilobite,0.0001,50176.0,n01768244_trilobite_global,n01768244_trilobite_seg0_fixnonmask,n01768244_trilobite_seg0_fixmask,,,-inf,Unsafe,Unsafe,Unsafe,False,False,False
Unsafe → Unsafe,n01770393_scorpion,0.0001,50176.0,n01770393_scorpion_global,n01770393_scorpion_seg0_fixnonmask,n01770393_scorpion_seg0_fixmask,,,,Unsafe,Unsafe,Unsafe,False,False,False
Unsafe → Unsafe,n01774750_tarantula,0.0001,50176.0,n01774750_tarantula_global,n01774750_tarantula_seg0_fixnonmask,n01774750_tarantula_seg0_fixmask,,,,Unsafe,Unsafe,Unsafe,False,False,False
Unsafe → Unsafe,n01796340_ptarmigan,0.0001,50176.0,n01796340_ptarmigan_global,n01796340_ptarmigan_seg0_fixnonmask,n01796340_ptarmigan_seg0_fixmask,,,,Unsafe,Unsafe,Unsafe,False,False,False
Unsafe → Unsafe,n01807496_partridge,0.0001,50176.0,n01807496_partridge_global,n01807496_partridge_seg0_fixnonmask,n01807496_partridge_seg0_fixmask,,,,Unsafe,Unsafe,Unsafe,False,False,False
Unsafe → Unsafe,n01818515_macaw,0.0001,50176.0,n01818515_macaw_global,n01818515_macaw_seg0_fixnonmask,n01818515_macaw_seg0_fixmask,,,,Unsafe,Unsafe,Unsafe,False,False,False
Unsafe → Unsafe,n01820546_lorikeet,0.0001,50176.0,n01820546_lorikeet_global,n01820546_lorikeet_seg0_fixnonmask,n01820546_lorikeet_seg0_fixmask,,,,Unsafe,Unsafe,Unsafe,False,False,False
Unsafe → Unsafe,n01824575_coucal,0.0001,50176.0,n01824575_coucal_global,n01824575_coucal_seg0_fixnonmask,n01824575_coucal_seg0_fixmask,,,,Unsafe,Unsafe,Unsafe,False,False,False
Unsafe → Unsafe,n01829413_hornbill,0.0001,50176.0,n01829413_hornbill_global,n01829413_hornbill_seg0_fixnonmask,n01829413_hornbill_seg0_fixmask,,,,Unsafe,Unsafe,Unsafe,False,False,False
Unsafe → Unsafe,n01843065_jacamar,0.0001,50176.0,n01843065_jacamar_global,n01843065_jacamar_seg0_fixnonmask,n01843065_jacamar_seg0_fixmask,,,,Unsafe,Unsafe,Unsafe,False,False,False
Unsafe → Unsafe,n01847000_drake,0.0001,50176.0,n01847000_drake_global,n01847000_drake_seg0_fixnonmask,n01847000_drake_seg0_fixmask,,,,Unsafe,Unsafe,Unsafe,False,False,False
Unsafe → Unsafe,n01871265_tusker,0.0001,50176.0,n01871265_tusker_global,n01871265_tusker_seg0_fixnonmask,n01871265_tusker_seg0_fixmask,,,,Unsafe,Unsafe,Unsafe,False,False,False
Unsafe → Unsafe,n01872401_echidna,0.0001,50176.0,n01872401_echidna_global,n01872401_echidna_seg0_fixnonmask,n01872401_echidna_seg0_fixmask,,,,Unsafe,Unsafe,Unsafe,False,False,False
Unsafe → Unsafe,n01873310_platypus,0.0001,50176.0,n01873310_platypus_global,n01873310_platypus_seg0_fixnonmask,n01873310_platypus_seg0_fixmask,,,,Unsafe,Unsafe,Unsafe,False,False,False
Unsafe → Unsafe,n01877812_wallaby,0.0001,50176.0,n01877812_wallaby_global,n01877812_wallaby_seg0_fixnonmask,n01877812_wallaby_seg0_fixmask,,,,Unsafe,Unsafe,Unsafe,False,False,False
Unsafe → Unsafe,n01882714_koala,0.0001,50176.0,n01882714_koala_global,n01882714_koala_seg0_fixnonmask,n01882714_koala_seg0_fixmask,,,,Unsafe,Unsafe,Unsafe,False,False,False
Unsafe → Unsafe,n01883070_wombat,0.0001,50176.0,n01883070_wombat_global,n01883070_wombat_seg0_fixnonmask,n01883070_wombat_seg0_fixmask,,,,Unsafe,Unsafe,Unsafe,False,False,False
Unsafe → Unsafe,n01945685_slug,0.0001,50176.0,n01945685_slug_global,n01945685_slug_seg0_fixnonmask,n01945685_slug_seg0_fixmask,,,,Unsafe,Unsafe,Unsafe,False,False,False
Unsafe → Unsafe,n01990800_isopod,0.0001,50176.0,n01990800_isopod_global,n01990800_isopod_seg0_fixnonmask,n01990800_isopod_seg0_fixmask,,,-inf,Unsafe,Unsafe,Unsafe,False,False,False
Unsafe → Unsafe,n02007558_flamingo,0.0001,50176.0,n02007558_flamingo_global,n02007558_flamingo_seg0_fixnonmask,n02007558_flamingo_seg0_fixmask,,,,Unsafe,Unsafe,Unsafe,False,False,False
Unsafe → Unsafe,n02051845_pelican,0.0001,50176.0,n02051845_pelican_global,n02051845_pelican_seg0_fixnonmask,n02051845_pelican_seg0_fixmask,,,,Unsafe,Unsafe,Unsafe,False,False,False
Unsafe → Unsafe,n02058221_albatross,0.0001,50176.0,n02058221_albatross_global,n02058221_albatross_seg0_fixnonmask,n02058221_albatross_seg0_fixmask,,,,Unsafe,Unsafe,Unsafe,False,False,False
Unsafe → Unsafe,n02074367_dugong,0.0001,50176.0,n02074367_dugong_global,n02074367_dugong_seg0_fixnonmask,n02074367_dugong_seg0_fixmask,,,-inf,Unsafe,Unsafe,Unsafe,False,False,False
Unsafe → Unsafe,n02086240_Shih-Tzu,0.0001,50176.0,n02086240_Shih-Tzu_global,n02086240_Shih-Tzu_seg0_fixnonmask,n02086240_Shih-Tzu_seg0_fixmask,,,,Unsafe,Unsafe,Unsafe,False,False,False
Unsafe → Unsafe,n02086910_papillon,0.0001,50176.0,n02086910_papillon_global,n02086910_papillon_seg0_fixnonmask,n02086910_papillon_seg0_fixmask,,,,Unsafe,Unsafe,Unsafe,False,False,False
Unsafe → Unsafe,n02091831_Saluki,0.0001,50176.0,n02091831_Saluki_global,n02091831_Saluki_seg0_fixnonmask,n02091831_Saluki_seg0_fixmask,,,,Unsafe,Unsafe,Unsafe,False,False,False
Unsafe → Unsafe,n02101556_clumber,0.0001,50176.0,n02101556_clumber_global,n02101556_clumber_seg0_fixnonmask,n02101556_clumber_seg0_fixmask,,,,Unsafe,Unsafe,Unsafe,False,False,False
Unsafe → Unsafe,n02104029_kuvasz,0.0001,50176.0,n02104029_kuvasz_global,n02104029_kuvasz_seg0_fixnonmask,n02104029_kuvasz_seg0_fixmask,,,,Unsafe,Unsafe,Unsafe,False,False,False
Unsafe → Unsafe,n02105162_malinois,0.0001,50176.0,n02105162_malinois_global,n02105162_malinois_seg0_fixnonmask,n02105162_malinois_seg0_fixmask,,,,Unsafe,Unsafe,Unsafe,False,False,False
Unsafe → Unsafe,n02105251_briard,0.0001,50176.0,n02105251_briard_global,n02105251_briard_seg0_fixnonmask,n02105251_briard_seg0_fixmask,,,,Unsafe,Unsafe,Unsafe,False,False,False
Unsafe → Unsafe,n02105412_kelpie,0.0001,50176.0,n02105412_kelpie_global,n02105412_kelpie_seg0_fixnonmask,n02105412_kelpie_seg0_fixmask,,,,Unsafe,Unsafe,Unsafe,False,False,False
Unsafe → Unsafe,n02105505_komondor,0.0001,50176.0,n02105505_komondor_global,n02105505_komondor_seg0_fixnonmask,n02105505_komondor_seg0_fixmask,,,-inf,Unsafe,Unsafe,Unsafe,False,False,False
Unsafe → Unsafe,n02107142_Doberman,0.0001,50176.0,n02107142_Doberman_global,n02107142_Doberman_seg0_fixnonmask,n02107142_Doberman_seg0_fixmask,,,,Unsafe,Unsafe,Unsafe,False,False,False
Unsafe → Unsafe,n02110806_basenji,0.0001,50176.0,n02110806_basenji_global,n02110806_basenji_seg0_fixnonmask,n02110806_basenji_seg0_fixmask,,,,Unsafe,Unsafe,Unsafe,False,False,False
Unsafe → Unsafe,n02111129_Leonberg,0.0001,50176.0,n02111129_Leonberg_global,n02111129_Leonberg_seg0_fixnonmask,n02111129_Leonberg_seg0_fixmask,,,,Unsafe,Unsafe,Unsafe,False,False,False
Unsafe → Unsafe,n02111277_Newfoundland,0.0001,50176.0,n02111277_Newfoundland_global,n02111277_Newfoundland_seg0_fixnonmask,n02111277_Newfoundland_seg0_fixmask,,,,Unsafe,Unsafe,Unsafe,False,False,False
Unsafe → Unsafe,n02112350_keeshond,0.0001,50176.0,n02112350_keeshond_global,n02112350_keeshond_seg0_fixnonmask,n02112350_keeshond_seg0_fixmask,,,,Unsafe,Unsafe,Unsafe,False,False,False
Unsafe → Unsafe,n02113023_Pembroke,0.0001,50176.0,n02113023_Pembroke_global,n02113023_Pembroke_seg0_fixnonmask,n02113023_Pembroke_seg0_fixmask,,,,Unsafe,Unsafe,Unsafe,False,False,False
Unsafe → Unsafe,n02115913_dhole,0.0001,50176.0,n02115913_dhole_global,n02115913_dhole_seg0_fixnonmask,n02115913_dhole_seg0_fixmask,,,,Unsafe,Unsafe,Unsafe,False,False,False
Unsafe → Unsafe,n02117135_hyena,0.0001,50176.0,n02117135_hyena_global,n02117135_hyena_seg0_fixnonmask,n02117135_hyena_seg0_fixmask,,,,Unsafe,Unsafe,Unsafe,False,False,False
Unsafe → Unsafe,n02123045_tabby,0.0001,50176.0,n02123045_tabby_global,n02123045_tabby_seg0_fixnonmask,n02123045_tabby_seg0_fixmask,,,,Unsafe,Unsafe,Unsafe,False,False,False
Unsafe → Unsafe,n02125311_cougar,0.0001,50176.0,n02125311_cougar_global,n02125311_cougar_seg0_fixnonmask,n02125311_cougar_seg0_fixmask,,,,Unsafe,Unsafe,Unsafe,False,False,False
Unsafe → Unsafe,n02127052_lynx,0.0001,50176.0,n02127052_lynx_global,n02127052_lynx_seg0_fixnonmask,n02127052_lynx_seg0_fixmask,,,,Unsafe,Unsafe,Unsafe,False,False,False
Unsafe → Unsafe,n02129604_tiger,0.0001,50176.0,n02129604_tiger_global,n02129604_tiger_seg0_fixnonmask,n02129604_tiger_seg0_fixmask,,,,Unsafe,Unsafe,Unsafe,False,False,False
Unsafe → Unsafe,n02137549_mongoose,0.0001,50176.0,n02137549_mongoose_global,n02137549_mongoose_seg0_fixnonmask,n02137549_mongoose_seg0_fixmask,,,,Unsafe,Unsafe,Unsafe,False,False,False
Unsafe → Unsafe,n02190166_fly,0.0001,50176.0,n02190166_fly_global,n02190166_fly_seg0_fixnonmask,n02190166_fly_seg0_fixmask,,,,Unsafe,Unsafe,Unsafe,False,False,False
Unsafe → Unsafe,n02206856_bee,0.0001,50176.0,n02206856_bee_global,n02206856_bee_seg0_fixnonmask,n02206856_bee_seg0_fixmask,,,,Unsafe,Unsafe,Unsafe,False,False,False
Unsafe → Unsafe,n02259212_leafhopper,0.0001,50176.0,n02259212_leafhopper_global,n02259212_leafhopper_seg0_fixnonmask,n02259212_leafhopper_seg0_fixmask,,,-inf,Unsafe,Unsafe,Unsafe,False,False,False
Unsafe → Unsafe,n02268853_damselfly,0.0001,50176.0,n02268853_damselfly_global,n02268853_damselfly_seg0_fixnonmask,n02268853_damselfly_seg0_fixmask,,,,Unsafe,Unsafe,Unsafe,False,False,False
Unsafe → Unsafe,n02276258_admiral,0.0001,50176.0,n02276258_admiral_global,n02276258_admiral_seg0_fixnonmask,n02276258_admiral_seg0_fixmask,,,,Unsafe,Unsafe,Unsafe,False,False,False
Unsafe → Unsafe,n02317335_starfish,0.0001,50176.0,n02317335_starfish_global,n02317335_starfish_seg0_fixnonmask,n02317335_starfish_seg0_fixmask,,,-inf,Unsafe,Unsafe,Unsafe,False,False,False
Unsafe → Unsafe,n02342885_hamster,0.0001,50176.0,n02342885_hamster_global,n02342885_hamster_seg0_fixnonmask,n02342885_hamster_seg0_fixmask,,,,Unsafe,Unsafe,Unsafe,False,False,False
Unsafe → Unsafe,n02346627_porcupine,0.0001,50176.0,n02346627_porcupine_global,n02346627_porcupine_seg0_fixnonmask,n02346627_porcupine_seg0_fixmask,,,-inf,Unsafe,Unsafe,Unsafe,False,False,False
Unsafe → Unsafe,n02361337_marmot,0.0001,50176.0,n02361337_marmot_global,n02361337_marmot_seg0_fixnonmask,n02361337_marmot_seg0_fixmask,,,,Unsafe,Unsafe,Unsafe,False,False,False
Unsafe → Unsafe,n02389026_sorrel,0.0001,50176.0,n02389026_sorrel_global,n02389026_sorrel_seg0_fixnonmask,n02389026_sorrel_seg0_fixmask,,,,Unsafe,Unsafe,Unsafe,False,False,False
Unsafe → Unsafe,n02391049_zebra,0.0001,50176.0,n02391049_zebra_global,n02391049_zebra_seg0_fixnonmask,n02391049_zebra_seg0_fixmask,,,,Unsafe,Unsafe,Unsafe,False,False,False
Unsafe → Unsafe,n02395406_hog,0.0001,50176.0,n02395406_hog_global,n02395406_hog_seg0_fixnonmask,n02395406_hog_seg0_fixmask,,,,Unsafe,Unsafe,Unsafe,False,False,False
Unsafe → Unsafe,n02397096_warthog,0.0001,50176.0,n02397096_warthog_global,n02397096_warthog_seg0_fixnonmask,n02397096_warthog_seg0_fixmask,,,,Unsafe,Unsafe,Unsafe,False,False,False
Unsafe → Unsafe,n02398521_hippopotamus,0.0001,50176.0,n02398521_hippopotamus_global,n02398521_hippopotamus_seg0_fixnonmask,n02398521_hippopotamus_seg0_fixmask,,,,Unsafe,Unsafe,Unsafe,False,False,False
Unsafe → Unsafe,n02412080_ram,0.0001,50176.0,n02412080_ram_global,n02412080_ram_seg0_fixnonmask,n02412080_ram_seg0_fixmask,,,-inf,Unsafe,Unsafe,Unsafe,False,False,False
Unsafe → Unsafe,n02417914_ibex,0.0001,50176.0,n02417914_ibex_global,n02417914_ibex_seg0_fixnonmask,n02417914_ibex_seg0_fixmask,,,,Unsafe,Unsafe,Unsafe,False,False,False
Unsafe → Unsafe,n02422106_hartebeest,0.0001,50176.0,n02422106_hartebeest_global,n02422106_hartebeest_seg0_fixnonmask,n02422106_hartebeest_seg0_fixmask,,,,Unsafe,Unsafe,Unsafe,False,False,False
Unsafe → Unsafe,n02422699_impala,0.0001,50176.0,n02422699_impala_global,n02422699_impala_seg0_fixnonmask,n02422699_impala_seg0_fixmask,,,,Unsafe,Unsafe,Unsafe,False,False,False
Unsafe → Unsafe,n02423022_gazelle,0.0001,50176.0,n02423022_gazelle_global,n02423022_gazelle_seg0_fixnonmask,n02423022_gazelle_seg0_fixmask,,,,Unsafe,Unsafe,Unsafe,False,False,False
Unsafe → Unsafe,n02437616_llama,0.0001,50176.0,n02437616_llama_global,n02437616_llama_seg0_fixnonmask,n02437616_llama_seg0_fixmask,,,,Unsafe,Unsafe,Unsafe,False,False,False
Unsafe → Unsafe,n02442845_mink,0.0001,50176.0,n02442845_mink_global,n02442845_mink_seg0_fixnonmask,n02442845_mink_seg0_fixmask,,,,Unsafe,Unsafe,Unsafe,False,False,False
Unsafe → Unsafe,n02447366_badger,0.0001,50176.0,n02447366_badger_global,n02447366_badger_seg0_fixnonmask,n02447366_badger_seg0_fixmask,,,-inf,Unsafe,Unsafe,Unsafe,False,False,False
Unsafe → Unsafe,n02481823_chimpanzee,0.0001,50176.0,n02481823_chimpanzee_global,n02481823_chimpanzee_seg0_fixnonmask,n02481823_chimpanzee_seg0_fixmask,,,,Unsafe,Unsafe,Unsafe,False,False,False
Unsafe → Unsafe,n02483708_siamang,0.0001,50176.0,n02483708_siamang_global,n02483708_siamang_seg0_fixnonmask,n02483708_siamang_seg0_fixmask,,,,Unsafe,Unsafe,Unsafe,False,False,False
Unsafe → Unsafe,n02486261_patas,0.0001,50176.0,n02486261_patas_global,n02486261_patas_seg0_fixnonmask,n02486261_patas_seg0_fixmask,,,,Unsafe,Unsafe,Unsafe,False,False,False
Unsafe → Unsafe,n02486410_baboon,0.0001,50176.0,n02486410_baboon_global,n02486410_baboon_seg0_fixnonmask,n02486410_baboon_seg0_fixmask,,,,Unsafe,Unsafe,Unsafe,False,False,False
Unsafe → Unsafe,n02487347_macaque,0.0001,50176.0,n02487347_macaque_global,n02487347_macaque_seg0_fixnonmask,n02487347_macaque_seg0_fixmask,,,,Unsafe,Unsafe,Unsafe,False,False,False
Unsafe → Unsafe,n02490219_marmoset,0.0001,50176.0,n02490219_marmoset_global,n02490219_marmoset_seg0_fixnonmask,n02490219_marmoset_seg0_fixmask,,,,Unsafe,Unsafe,Unsafe,False,False,False
Unsafe → Unsafe,n02493509_titi,0.0001,50176.0,n02493509_titi_global,n02493509_titi_seg0_fixnonmask,n02493509_titi_seg0_fixmask,,,,Unsafe,Unsafe,Unsafe,False,False,False
Unsafe → Unsafe,n02514041_barracouta,0.0001,50176.0,n02514041_barracouta_global,n02514041_barracouta_seg0_fixnonmask,n02514041_barracouta_seg0_fixmask,,,,Unsafe,Unsafe,Unsafe,False,False,False
Unsafe → Unsafe,n02526121_eel,0.0001,50176.0,n02526121_eel_global,n02526121_eel_seg0_fixnonmask,n02526121_eel_seg0_fixmask,,,-inf,Unsafe,Unsafe,Unsafe,False,False,False
Unsafe → Unsafe,n02536864_coho,0.0001,50176.0,n02536864_coho_global,n02536864_coho_seg0_fixnonmask,n02536864_coho_seg0_fixmask,,,,Unsafe,Unsafe,Unsafe,False,False,False
Unsafe → Unsafe,n02640242_sturgeon,0.0001,50176.0,n02640242_sturgeon_global,n02640242_sturgeon_seg0_fixnonmask,n02640242_sturgeon_seg0_fixmask,,,,Unsafe,Unsafe,Unsafe,False,False,False
Unsafe → Unsafe,n02643566_lionfish,0.0001,50176.0,n02643566_lionfish_global,n02643566_lionfish_seg0_fixnonmask,n02643566_lionfish_seg0_fixmask,,,,Unsafe,Unsafe,Unsafe,False,False,False
Unsafe → Unsafe,n02655020_puffer,0.0001,50176.0,n02655020_puffer_global,n02655020_puffer_seg0_fixnonmask,n02655020_puffer_seg0_fixmask,,,,Unsafe,Unsafe,Unsafe,False,False,False
Unsafe → Unsafe,n02690373_airliner,0.0001,50176.0,n02690373_airliner_global,n02690373_airliner_seg0_fixnonmask,n02690373_airliner_seg0_fixmask,,,,Unsafe,Unsafe,Unsafe,False,False,False
Unsafe → Unsafe,n02699494_altar,0.0001,50176.0,n02699494_altar_global,n02699494_altar_seg0_fixnonmask,n02699494_altar_seg0_fixmask,,,,Unsafe,Unsafe,Unsafe,False,False,False
Unsafe → Unsafe,n02704792_amphibian,0.0001,50176.0,n02704792_amphibian_global,n02704792_amphibian_seg0_fixnonmask,n02704792_amphibian_seg0_fixmask,,,,Unsafe,Unsafe,Unsafe,False,False,False
Unsafe → Unsafe,n02769748_backpack,0.0001,50176.0,n02769748_backpack_global,n02769748_backpack_seg0_fixnonmask,n02769748_backpack_seg0_fixmask,,,,Unsafe,Unsafe,Unsafe,False,False,False
Unsafe → Unsafe,n02776631_bakery,0.0001,50176.0,n02776631_bakery_global,n02776631_bakery_seg0_fixnonmask,n02776631_bakery_seg0_fixmask,,,,Unsafe,Unsafe,Unsafe,False,False,False
Unsafe → Unsafe,n02790996_barbell,0.0001,50176.0,n02790996_barbell_global,n02790996_barbell_seg0_fixnonmask,n02790996_barbell_seg0_fixmask,,,,Unsafe,Unsafe,Unsafe,False,False,False
Unsafe → Unsafe,n02793495_barn,0.0001,50176.0,n02793495_barn_global,n02793495_barn_seg0_fixnonmask,n02793495_barn_seg0_fixmask,,,,Unsafe,Unsafe,Unsafe,False,False,False
Unsafe → Unsafe,n02794156_barometer,0.0001,50176.0,n02794156_barometer_global,n02794156_barometer_seg0_fixnonmask,n02794156_barometer_seg0_fixmask,,,,Unsafe,Unsafe,Unsafe,False,False,False
Unsafe → Unsafe,n02797295_barrow,0.0001,50176.0,n02797295_barrow_global,n02797295_barrow_seg0_fixnonmask,n02797295_barrow_seg0_fixmask,,,,Unsafe,Unsafe,Unsafe,False,False,False
Unsafe → Unsafe,n02804610_bassoon,0.0001,50176.0,n02804610_bassoon_global,n02804610_bassoon_seg0_fixnonmask,n02804610_bassoon_seg0_fixmask,,,,Unsafe,Unsafe,Unsafe,False,False,False
Unsafe → Unsafe,n02814860_beacon,0.0001,50176.0,n02814860_beacon_global,n02814860_beacon_seg0_fixnonmask,n02814860_beacon_seg0_fixmask,,,-inf,Unsafe,Unsafe,Unsafe,False,False,False
Unsafe → Unsafe,n02834397_bib,0.0001,50176.0,n02834397_bib_global,n02834397_bib_seg0_fixnonmask,n02834397_bib_seg0_fixmask,,,,Unsafe,Unsafe,Unsafe,False,False,False
Unsafe → Unsafe,n02835271_bicycle-built-for-two,0.0001,50176.0,n02835271_bicycle-built-for-two_global,n02835271_bicycle-built-for-two_seg0_fixnonmask,n02835271_bicycle-built-for-two_seg0_fixmask,,,,Unsafe,Unsafe,Unsafe,False,False,False
Unsafe → Unsafe,n02837789_bikini,0.0001,50176.0,n02837789_bikini_global,n02837789_bikini_seg0_fixnonmask,n02837789_bikini_seg0_fixmask,,,,Unsafe,Unsafe,Unsafe,False,False,False
Unsafe → Unsafe,n02841315_binoculars,0.0001,50176.0,n02841315_binoculars_global,n02841315_binoculars_seg0_fixnonmask,n02841315_binoculars_seg0_fixmask,,,,Unsafe,Unsafe,Unsafe,False,False,False
Unsafe → Unsafe,n02860847_bobsled,0.0001,50176.0,n02860847_bobsled_global,n02860847_bobsled_seg0_fixnonmask,n02860847_bobsled_seg0_fixmask,,,,Unsafe,Unsafe,Unsafe,False,False,False
Unsafe → Unsafe,n02871525_bookshop,0.0001,50176.0,n02871525_bookshop_global,n02871525_bookshop_seg0_fixnonmask,n02871525_bookshop_seg0_fixmask,,,,Unsafe,Unsafe,Unsafe,False,False,False
Unsafe → Unsafe,n02877765_bottlecap,0.0001,50176.0,n02877765_bottlecap_global,n02877765_bottlecap_seg0_fixnonmask,n02877765_bottlecap_seg0_fixmask,,,,Unsafe,Unsafe,Unsafe,False,False,False
Unsafe → Unsafe,n02894605_breakwater,0.0001,50176.0,n02894605_breakwater_global,n02894605_breakwater_seg0_fixnonmask,n02894605_breakwater_seg0_fixmask,,,,Unsafe,Unsafe,Unsafe,False,False,False
Unsafe → Unsafe,n02909870_bucket,0.0001,50176.0,n02909870_bucket_global,n02909870_bucket_seg0_fixnonmask,n02909870_bucket_seg0_fixmask,,,,Unsafe,Unsafe,Unsafe,False,False,False
Unsafe → Unsafe,n02939185_caldron,0.0001,50176.0,n02939185_caldron_global,n02939185_caldron_seg0_fixnonmask,n02939185_caldron_seg0_fixmask,,,,Unsafe,Unsafe,Unsafe,False,False,False
Unsafe → Unsafe,n02951358_canoe,0.0001,50176.0,n02951358_canoe_global,n02951358_canoe_seg0_fixnonmask,n02951358_canoe_seg0_fixmask,,,,Unsafe,Unsafe,Unsafe,False,False,False
Unsafe → Unsafe,n02963159_cardigan,0.0001,50176.0,n02963159_cardigan_global,n02963159_cardigan_seg0_fixnonmask,n02963159_cardigan_seg0_fixmask,,,,Unsafe,Unsafe,Unsafe,False,False,False
Unsafe → Unsafe,n02978881_cassette,0.0001,50176.0,n02978881_cassette_global,n02978881_cassette_seg0_fixnonmask,n02978881_cassette_seg0_fixmask,,,,Unsafe,Unsafe,Unsafe,False,False,False
Unsafe → Unsafe,n02981792_catamaran,0.0001,50176.0,n02981792_catamaran_global,n02981792_catamaran_seg0_fixnonmask,n02981792_catamaran_seg0_fixmask,,,,Unsafe,Unsafe,Unsafe,False,False,False
Unsafe → Unsafe,n02999410_chain,0.0001,50176.0,n02999410_chain_global,n02999410_chain_seg0_fixnonmask,n02999410_chain_seg0_fixmask,,,,Unsafe,Unsafe,Unsafe,False,False,False
Unsafe → Unsafe,n03047690_clog,0.0001,50176.0,n03047690_clog_global,n03047690_clog_seg0_fixnonmask,n03047690_clog_seg0_fixmask,,,,Unsafe,Unsafe,Unsafe,False,False,False
Unsafe → Unsafe,n03065424_coil,0.0001,50176.0,n03065424_coil_global,n03065424_coil_seg0_fixnonmask,n03065424_coil_seg0_fixmask,,,,Unsafe,Unsafe,Unsafe,False,False,False
Unsafe → Unsafe,n03100240_convertible,0.0001,50176.0,n03100240_convertible_global,n03100240_convertible_seg0_fixnonmask,n03100240_convertible_seg0_fixmask,,,,Unsafe,Unsafe,Unsafe,False,False,False
Unsafe → Unsafe,n03109150_corkscrew,0.0001,50176.0,n03109150_corkscrew_global,n03109150_corkscrew_seg0_fixnonmask,n03109150_corkscrew_seg0_fixmask,,,-inf,Unsafe,Unsafe,Unsafe,False,False,False
Unsafe → Unsafe,n03110669_cornet,0.0001,50176.0,n03110669_cornet_global,n03110669_cornet_seg0_fixnonmask,n03110669_cornet_seg0_fixmask,,,,Unsafe,Unsafe,Unsafe,False,False,False
Unsafe → Unsafe,n03125729_cradle,0.0001,50176.0,n03125729_cradle_global,n03125729_cradle_seg0_fixnonmask,n03125729_cradle_seg0_fixmask,,,,Unsafe,Unsafe,Unsafe,False,False,False
Unsafe → Unsafe,n03141823_crutch,0.0001,50176.0,n03141823_crutch_global,n03141823_crutch_seg0_fixnonmask,n03141823_crutch_seg0_fixmask,,,,Unsafe,Unsafe,Unsafe,False,False,False
Unsafe → Unsafe,n03146219_cuirass,0.0001,50176.0,n03146219_cuirass_global,n03146219_cuirass_seg0_fixnonmask,n03146219_cuirass_seg0_fixmask,,,,Unsafe,Unsafe,Unsafe,False,False,False
Unsafe → Unsafe,n03160309_dam,0.0001,50176.0,n03160309_dam_global,n03160309_dam_seg0_fixnonmask,n03160309_dam_seg0_fixmask,,,,Unsafe,Unsafe,Unsafe,False,False,False
Unsafe → Unsafe,n03179701_desk,0.0001,50176.0,n03179701_desk_global,n03179701_desk_seg0_fixnonmask,n03179701_desk_seg0_fixmask,,,,Unsafe,Unsafe,Unsafe,False,False,False
Unsafe → Unsafe,n03216828_dock,0.0001,50176.0,n03216828_dock_global,n03216828_dock_seg0_fixnonmask,n03216828_dock_seg0_fixmask,,,,Unsafe,Unsafe,Unsafe,False,False,False
Unsafe → Unsafe,n03218198_dogsled,0.0001,50176.0,n03218198_dogsled_global,n03218198_dogsled_seg0_fixnonmask,n03218198_dogsled_seg0_fixmask,,,,Unsafe,Unsafe,Unsafe,False,False,False
Unsafe → Unsafe,n03249569_drum,0.0001,50176.0,n03249569_drum_global,n03249569_drum_seg0_fixnonmask,n03249569_drum_seg0_fixmask,,,,Unsafe,Unsafe,Unsafe,False,False,False
Unsafe → Unsafe,n03255030_dumbbell,0.0001,50176.0,n03255030_dumbbell_global,n03255030_dumbbell_seg0_fixnonmask,n03255030_dumbbell_seg0_fixmask,,,,Unsafe,Unsafe,Unsafe,False,False,False
Unsafe → Unsafe,n03721384_marimba,0.0001,50176.0,n03721384_marimba_global,n03721384_marimba_seg0_fixnonmask,n03721384_marimba_seg0_fixmask,,,,Unsafe,Unsafe,Unsafe,False,False,False
Unsafe → Unsafe,n03724870_mask,0.0001,50176.0,n03724870_mask_global,n03724870_mask_seg0_fixnonmask,n03724870_mask_seg0_fixmask,,,,Unsafe,Unsafe,Unsafe,False,False,False
Unsafe → Unsafe,n03733131_maypole,0.0001,50176.0,n03733131_maypole_global,n03733131_maypole_seg0_fixnonmask,n03733131_maypole_seg0_fixmask,,,,Unsafe,Unsafe,Unsafe,False,False,False
Unsafe → Unsafe,n04019541_puck,0.0001,50176.0,n04019541_puck_global,n04019541_puck_seg0_fixnonmask,n04019541_puck_seg0_fixmask,,,,Unsafe,Unsafe,Unsafe,False,False,False
Unsafe → Unsafe,n04033995_quilt,0.0001,50176.0,n04033995_quilt_global,n04033995_quilt_seg0_fixnonmask,n04033995_quilt_seg0_fixmask,,,,Unsafe,Unsafe,Unsafe,False,False,False
Unsafe → Unsafe,n04371774_swing,0.0001,50176.0,n04371774_swing_global,n04371774_swing_seg0_fixnonmask,n04371774_swing_seg0_fixmask,,,,Unsafe,Unsafe,Unsafe,False,False,False
Unsafe → Unsafe,n04398044_teapot,0.0001,50176.0,n04398044_teapot_global,n04398044_teapot_seg0_fixnonmask,n04398044_teapot_seg0_fixmask,,,-inf,Unsafe,Unsafe,Unsafe,False,False,False
Unsafe → Unsafe,n04399382_teddy,0.0001,50176.0,n04399382_teddy_global,n04399382_teddy_seg0_fixnonmask,n04399382_teddy_seg0_fixmask,,,,Unsafe,Unsafe,Unsafe,False,False,False
Unsafe → Unsafe,n04417672_thatch,0.0001,50176.0,n04417672_thatch_global,n04417672_thatch_seg0_fixnonmask,n04417672_thatch_seg0_fixmask,,,,Unsafe,Unsafe,Unsafe,False,False,False
Unsafe → Unsafe,n07718472_cucumber,0.0001,50176.0,n07718472_cucumber_global,n07718472_cucumber_seg0_fixnonmask,n07718472_cucumber_seg0_fixmask,,,,Unsafe,Unsafe,Unsafe,False,False,False
Unsafe → Unsafe,n07718747_artichoke,0.0001,50176.0,n07718747_artichoke_global,n07718747_artichoke_seg0_fixnonmask,n07718747_artichoke_seg0_fixmask,,,,Unsafe,Unsafe,Unsafe,False,False,False
