instance_id,onnx,vnnlib,timeout,result,lb_minus_rhs,domains_visited,bab_time,all_time,init_unstable,image,segment_index,pattern,k,eps_res,tag,is_global,eps,score,bbox,num_changed,num_fixed,total,percent_changed
42,onnx/vgg16-7.onnx,vnnlib/n01531178_goldfinch_global_k12544_eps_0.0004.vnnlib,1200.0,sat True,,,,108.08104634284972,0.0,n01531178_goldfinch,-1.0,global,12544.0,0.0004,n01531178_goldfinch_global,True,0.0004,,,37632.0,112896.0,150528.0,25.0
86,onnx/vgg16-7.onnx,vnnlib/n01531178_goldfinch_seg0_fixmask_k12544_eps_0.0004.vnnlib,1200.0,timeout False,-0.1730912327766418,3.0,2127.280117750168,2136.399850845337,0.0,n01531178_goldfinch,0.0,fix_mask,12544.0,0.0004,n01531178_goldfinch_seg0_fixmask,False,0.0004,0.889735996723175,"[0, 0, 223, 223]",8463.0,142065.0,150528.0,5.622209821428571
130,onnx/vgg16-7.onnx,vnnlib/n01531178_goldfinch_seg0_fixnonmask_k12544_eps_0.0004.vnnlib,1200.0,sat True,,,,110.96481704711914,0.0,n01531178_goldfinch,0.0,fix_nonmask,12544.0,0.0004,n01531178_goldfinch_seg0_fixnonmask,False,0.0004,0.889735996723175,"[0, 0, 223, 223]",29169.0,121359.0,150528.0,19.377790178571427
306,onnx/vgg16-7.onnx,vnnlib/n01534433_junco_global_k12544_eps_0.0004.vnnlib,1200.0,timeout False,-1.608667016029358,3.0,2376.7577064037323,2503.631925344467,0.0,n01534433_junco,-1.0,global,12544.0,0.0004,n01534433_junco_global,True,0.0004,,,37632.0,112896.0,150528.0,25.0
350,onnx/vgg16-7.onnx,vnnlib/n01534433_junco_seg0_fixmask_k12544_eps_0.0004.vnnlib,1200.0,unsat False,0.0893161594867706,0.0,726.7036230564117,875.2691071033478,0.0,n01534433_junco,0.0,fix_mask,12544.0,0.0004,n01534433_junco_seg0_fixmask,False,0.0004,0.6341152787208557,"[0, 0, 223, 223]",17910.0,132618.0,150528.0,11.89811862244898
394,onnx/vgg16-7.onnx,vnnlib/n01534433_junco_seg0_fixnonmask_k12544_eps_0.0004.vnnlib,1200.0,unsat False,0.0825430452823638,0.0,741.3734619617462,865.446536064148,0.0,n01534433_junco,0.0,fix_nonmask,12544.0,0.0004,n01534433_junco_seg0_fixnonmask,False,0.0004,0.6341152787208557,"[0, 0, 223, 223]",19722.0,130806.0,150528.0,13.10188137755102
570,onnx/vgg16-7.onnx,vnnlib/n01558993_robin_global_k12544_eps_0.0004.vnnlib,1200.0,sat True,,,,120.7627022266388,0.0,n01558993_robin,-1.0,global,12544.0,0.0004,n01558993_robin_global,True,0.0004,,,37632.0,112896.0,150528.0,25.0
614,onnx/vgg16-7.onnx,vnnlib/n01558993_robin_seg0_fixmask_k12544_eps_0.0004.vnnlib,1200.0,timeout False,-0.0297233462333679,3.0,2138.4808444976807,2224.656595468521,0.0,n01558993_robin,0.0,fix_mask,12544.0,0.0004,n01558993_robin_seg0_fixmask,False,0.0004,0.5386311411857605,"[0, 0, 223, 223]",16614.0,133914.0,150528.0,11.037149234693878
658,onnx/vgg16-7.onnx,vnnlib/n01558993_robin_seg0_fixnonmask_k12544_eps_0.0004.vnnlib,1200.0,timeout False,-0.1570555567741394,3.0,2153.243392467499,2268.1043450832367,0.0,n01558993_robin,0.0,fix_nonmask,12544.0,0.0004,n01558993_robin_seg0_fixnonmask,False,0.0004,0.5386311411857605,"[0, 0, 223, 223]",21018.0,129510.0,150528.0,13.962850765306122
702,onnx/vgg16-7.onnx,vnnlib/n01560419_bulbul_global_k12544_eps_0.0004.vnnlib,1200.0,unsat False,0.7945723533630371,0.0,725.4169881343842,845.8544671535492,0.0,n01560419_bulbul,-1.0,global,12544.0,0.0004,n01560419_bulbul_global,True,0.0004,,,37632.0,112896.0,150528.0,25.0
746,onnx/vgg16-7.onnx,vnnlib/n01560419_bulbul_seg0_fixmask_k12544_eps_0.0004.vnnlib,1200.0,unsat False,1.0414199829101562,0.0,652.449583530426,798.0696752071381,0.0,n01560419_bulbul,0.0,fix_mask,12544.0,0.0004,n01560419_bulbul_seg0_fixmask,False,0.0004,0.7939819097518921,"[0, 0, 223, 223]",13185.0,137343.0,150528.0,8.759167729591837
790,onnx/vgg16-7.onnx,vnnlib/n01560419_bulbul_seg0_fixnonmask_k12544_eps_0.0004.vnnlib,1200.0,unsat False,1.0199700593948364,0.0,676.2917959690094,817.6908349990845,0.0,n01560419_bulbul,0.0,fix_nonmask,12544.0,0.0004,n01560419_bulbul_seg0_fixnonmask,False,0.0004,0.7939819097518921,"[0, 0, 223, 223]",24447.0,126081.0,150528.0,16.240832270408163
834,onnx/vgg16-7.onnx,vnnlib/n01580077_jay_global_k12544_eps_0.0004.vnnlib,1200.0,sat True,,,,139.44125986099243,0.0,n01580077_jay,-1.0,global,12544.0,0.0004,n01580077_jay_global,True,0.0004,,,37632.0,112896.0,150528.0,25.0
878,onnx/vgg16-7.onnx,vnnlib/n01580077_jay_seg0_fixmask_k12544_eps_0.0004.vnnlib,1200.0,timeout False,-0.548354983329773,3.0,1989.039066553116,2104.249394416809,0.0,n01580077_jay,0.0,fix_mask,12544.0,0.0004,n01580077_jay_seg0_fixmask,False,0.0004,0.8828012347221375,"[0, 0, 223, 222]",8352.0,142176.0,150528.0,5.548469387755102
922,onnx/vgg16-7.onnx,vnnlib/n01580077_jay_seg0_fixnonmask_k12544_eps_0.0004.vnnlib,1200.0,sat True,,,,99.07421970367432,0.0,n01580077_jay,0.0,fix_nonmask,12544.0,0.0004,n01580077_jay_seg0_fixnonmask,False,0.0004,0.8828012347221375,"[0, 0, 223, 222]",29280.0,121248.0,150528.0,19.4515306122449
1758,onnx/vgg16-7.onnx,vnnlib/n01631663_eft_global_k12544_eps_0.0004.vnnlib,1200.0,sat True,,,,14.016443967819214,0.0,n01631663_eft,-1.0,global,12544.0,0.0004,n01631663_eft_global,True,0.0004,,,37632.0,112896.0,150528.0,25.0
1802,onnx/vgg16-7.onnx,vnnlib/n01631663_eft_seg0_fixmask_k12544_eps_0.0004.vnnlib,1200.0,sat True,,,,13.256142616271973,0.0,n01631663_eft,0.0,fix_mask,12544.0,0.0004,n01631663_eft_seg0_fixmask,False,0.0004,0.8432294130325317,"[0, 0, 223, 223]",10830.0,139698.0,150528.0,7.194674744897959
1846,onnx/vgg16-7.onnx,vnnlib/n01631663_eft_seg0_fixnonmask_k12544_eps_0.0004.vnnlib,1200.0,sat True,,,,7.8822855949401855,0.0,n01631663_eft,0.0,fix_nonmask,12544.0,0.0004,n01631663_eft_seg0_fixnonmask,False,0.0004,0.8432294130325317,"[0, 0, 223, 223]",26802.0,123726.0,150528.0,17.80532525510204
2022,onnx/vgg16-7.onnx,vnnlib/n01641577_bullfrog_global_k12544_eps_0.0004.vnnlib,1200.0,sat True,,,,12.290930271148682,0.0,n01641577_bullfrog,-1.0,global,12544.0,0.0004,n01641577_bullfrog_global,True,0.0004,,,37632.0,112896.0,150528.0,25.0
2066,onnx/vgg16-7.onnx,vnnlib/n01641577_bullfrog_seg0_fixmask_k12544_eps_0.0004.vnnlib,1200.0,timeout False,-1.0375797748565674,3.0,1823.2414767742157,1831.749716758728,0.0,n01641577_bullfrog,0.0,fix_mask,12544.0,0.0004,n01641577_bullfrog_seg0_fixmask,False,0.0004,0.7734994888305664,"[0, 0, 223, 223]",5448.0,145080.0,150528.0,3.6192602040816326
2110,onnx/vgg16-7.onnx,vnnlib/n01641577_bullfrog_seg0_fixnonmask_k12544_eps_0.0004.vnnlib,1200.0,sat True,,,,10.428099155426024,0.0,n01641577_bullfrog,0.0,fix_nonmask,12544.0,0.0004,n01641577_bullfrog_seg0_fixnonmask,False,0.0004,0.7734994888305664,"[0, 0, 223, 223]",32184.0,118344.0,150528.0,21.38073979591837
3342,onnx/vgg16-7.onnx,vnnlib/n01685808_whiptail_global_k12544_eps_0.0004.vnnlib,1200.0,sat True,,,,73.72584915161133,0.0,n01685808_whiptail,-1.0,global,12544.0,0.0004,n01685808_whiptail_global,True,0.0004,,,37632.0,112896.0,150528.0,25.0
3386,onnx/vgg16-7.onnx,vnnlib/n01685808_whiptail_seg0_fixmask_k12544_eps_0.0004.vnnlib,1200.0,sat True,,,,64.37711715698242,0.0,n01685808_whiptail,0.0,fix_mask,12544.0,0.0004,n01685808_whiptail_seg0_fixmask,False,0.0004,0.5920053720474243,"[0, 0, 223, 223]",22893.0,127635.0,150528.0,15.208466198979592
3430,onnx/vgg16-7.onnx,vnnlib/n01685808_whiptail_seg0_fixnonmask_k12544_eps_0.0004.vnnlib,1200.0,sat True,,,,76.54357123374939,0.0,n01685808_whiptail,0.0,fix_nonmask,12544.0,0.0004,n01685808_whiptail_seg0_fixnonmask,False,0.0004,0.5920053720474243,"[0, 0, 223, 223]",14739.0,135789.0,150528.0,9.791533801020408
5586,onnx/vgg16-7.onnx,vnnlib/n01768244_trilobite_global_k12544_eps_0.0004.vnnlib,1200.0,sat True,,,,68.20762014389038,0.0,n01768244_trilobite,-1.0,global,12544.0,0.0004,n01768244_trilobite_global,True,0.0004,,,37632.0,112896.0,150528.0,25.0
5630,onnx/vgg16-7.onnx,vnnlib/n01768244_trilobite_seg0_fixmask_k12544_eps_0.0004.vnnlib,1200.0,timeout False,-0.3113868534564972,3.0,1752.9821102619171,1769.94908618927,0.0,n01768244_trilobite,0.0,fix_mask,12544.0,0.0004,n01768244_trilobite_seg0_fixmask,False,0.0004,0.8933567404747009,"[0, 0, 223, 223]",1596.0,148932.0,150528.0,1.0602678571428572
5674,onnx/vgg16-7.onnx,vnnlib/n01768244_trilobite_seg0_fixnonmask_k12544_eps_0.0004.vnnlib,1200.0,sat True,,,,9.479406118392944,0.0,n01768244_trilobite,0.0,fix_nonmask,12544.0,0.0004,n01768244_trilobite_seg0_fixnonmask,False,0.0004,0.8933567404747009,"[0, 0, 223, 223]",36036.0,114492.0,150528.0,23.939732142857142
6378,onnx/vgg16-7.onnx,vnnlib/n01774750_tarantula_global_k12544_eps_0.0004.vnnlib,1200.0,sat True,,,,10.051708221435549,0.0,n01774750_tarantula,-1.0,global,12544.0,0.0004,n01774750_tarantula_global,True,0.0004,,,37632.0,112896.0,150528.0,25.0
6422,onnx/vgg16-7.onnx,vnnlib/n01774750_tarantula_seg0_fixmask_k12544_eps_0.0004.vnnlib,1200.0,sat True,,,,9.346839427947998,0.0,n01774750_tarantula,0.0,fix_mask,12544.0,0.0004,n01774750_tarantula_seg0_fixmask,False,0.0004,0.6544687747955322,"[0, 0, 223, 223]",19434.0,131094.0,150528.0,12.910554846938776
6466,onnx/vgg16-7.onnx,vnnlib/n01774750_tarantula_seg0_fixnonmask_k12544_eps_0.0004.vnnlib,1200.0,sat True,,,,11.724621295928957,0.0,n01774750_tarantula,0.0,fix_nonmask,12544.0,0.0004,n01774750_tarantula_seg0_fixnonmask,False,0.0004,0.6544687747955322,"[0, 0, 223, 223]",18198.0,132330.0,150528.0,12.089445153061224
7830,onnx/vgg16-7.onnx,vnnlib/n01818515_macaw_global_k12544_eps_0.0004.vnnlib,1200.0,sat True,,,,10.246013641357422,0.0,n01818515_macaw,-1.0,global,12544.0,0.0004,n01818515_macaw_global,True,0.0004,,,37632.0,112896.0,150528.0,25.0
7874,onnx/vgg16-7.onnx,vnnlib/n01818515_macaw_seg0_fixmask_k12544_eps_0.0004.vnnlib,1200.0,sat True,,,,12.85423493385315,0.0,n01818515_macaw,0.0,fix_mask,12544.0,0.0004,n01818515_macaw_seg0_fixmask,False,0.0004,0.6218736171722412,"[0, 0, 223, 223]",23109.0,127419.0,150528.0,15.351961096938776
7918,onnx/vgg16-7.onnx,vnnlib/n01818515_macaw_seg0_fixnonmask_k12544_eps_0.0004.vnnlib,1200.0,sat True,,,,7.9444053173065186,0.0,n01818515_macaw,0.0,fix_nonmask,12544.0,0.0004,n01818515_macaw_seg0_fixnonmask,False,0.0004,0.6218736171722412,"[0, 0, 223, 223]",14523.0,136005.0,150528.0,9.648038903061224
8094,onnx/vgg16-7.onnx,vnnlib/n01820546_lorikeet_global_k12544_eps_0.0004.vnnlib,1200.0,sat True,,,,9.973404169082642,0.0,n01820546_lorikeet,-1.0,global,12544.0,0.0004,n01820546_lorikeet_global,True,0.0004,,,37632.0,112896.0,150528.0,25.0
8138,onnx/vgg16-7.onnx,vnnlib/n01820546_lorikeet_seg0_fixmask_k12544_eps_0.0004.vnnlib,1200.0,sat True,,,,11.064628839492798,0.0,n01820546_lorikeet,0.0,fix_mask,12544.0,0.0004,n01820546_lorikeet_seg0_fixmask,False,0.0004,0.8902311325073242,"[0, 0, 223, 222]",11607.0,138921.0,150528.0,7.710857780612245
8182,onnx/vgg16-7.onnx,vnnlib/n01820546_lorikeet_seg0_fixnonmask_k12544_eps_0.0004.vnnlib,1200.0,sat True,,,,10.388476848602297,0.0,n01820546_lorikeet,0.0,fix_nonmask,12544.0,0.0004,n01820546_lorikeet_seg0_fixnonmask,False,0.0004,0.8902311325073242,"[0, 0, 223, 222]",26025.0,124503.0,150528.0,17.289142219387756
8226,onnx/vgg16-7.onnx,vnnlib/n01824575_coucal_global_k12544_eps_0.0004.vnnlib,1200.0,sat True,,,,11.18424677848816,0.0,n01824575_coucal,-1.0,global,12544.0,0.0004,n01824575_coucal_global,True,0.0004,,,37632.0,112896.0,150528.0,25.0
8270,onnx/vgg16-7.onnx,vnnlib/n01824575_coucal_seg0_fixmask_k12544_eps_0.0004.vnnlib,1200.0,sat True,,,,8.098235368728638,0.0,n01824575_coucal,0.0,fix_mask,12544.0,0.0004,n01824575_coucal_seg0_fixmask,False,0.0004,0.4630872011184692,"[0, 0, 223, 223]",28797.0,121731.0,150528.0,19.130660076530617
8314,onnx/vgg16-7.onnx,vnnlib/n01824575_coucal_seg0_fixnonmask_k12544_eps_0.0004.vnnlib,1200.0,timeout False,-0.3549357056617737,3.0,1949.503457546234,1959.3780913352969,0.0,n01824575_coucal,0.0,fix_nonmask,12544.0,0.0004,n01824575_coucal_seg0_fixnonmask,False,0.0004,0.4630872011184692,"[0, 0, 223, 223]",8835.0,141693.0,150528.0,5.869339923469388
8490,onnx/vgg16-7.onnx,vnnlib/n01829413_hornbill_global_k12544_eps_0.0004.vnnlib,1200.0,sat True,,,,11.43838596343994,0.0,n01829413_hornbill,-1.0,global,12544.0,0.0004,n01829413_hornbill_global,True,0.0004,,,37632.0,112896.0,150528.0,25.0
8534,onnx/vgg16-7.onnx,vnnlib/n01829413_hornbill_seg0_fixmask_k12544_eps_0.0004.vnnlib,1200.0,timeout False,-1.032177448272705,3.0,1872.2465081214905,1881.860835313797,0.0,n01829413_hornbill,0.0,fix_mask,12544.0,0.0004,n01829413_hornbill_seg0_fixmask,False,0.0004,0.8663662672042847,"[0, 0, 223, 223]",9273.0,141255.0,150528.0,6.16031568877551
8578,onnx/vgg16-7.onnx,vnnlib/n01829413_hornbill_seg0_fixnonmask_k12544_eps_0.0004.vnnlib,1200.0,sat True,,,,11.858543395996094,0.0,n01829413_hornbill,0.0,fix_nonmask,12544.0,0.0004,n01829413_hornbill_seg0_fixnonmask,False,0.0004,0.8663662672042847,"[0, 0, 223, 223]",28359.0,122169.0,150528.0,18.839684311224488
8754,onnx/vgg16-7.onnx,vnnlib/n01843065_jacamar_global_k12544_eps_0.0004.vnnlib,1200.0,sat True,,,,12.233567476272585,0.0,n01843065_jacamar,-1.0,global,12544.0,0.0004,n01843065_jacamar_global,True,0.0004,,,37632.0,112896.0,150528.0,25.0
8798,onnx/vgg16-7.onnx,vnnlib/n01843065_jacamar_seg0_fixmask_k12544_eps_0.0004.vnnlib,1200.0,sat True,,,,9.576244115829468,0.0,n01843065_jacamar,0.0,fix_mask,12544.0,0.0004,n01843065_jacamar_seg0_fixmask,False,0.0004,0.6688428521156311,"[0, 0, 223, 223]",11124.0,139404.0,150528.0,7.389987244897959
8842,onnx/vgg16-7.onnx,vnnlib/n01843065_jacamar_seg0_fixnonmask_k12544_eps_0.0004.vnnlib,1200.0,sat True,,,,9.479220151901243,0.0,n01843065_jacamar,0.0,fix_nonmask,12544.0,0.0004,n01843065_jacamar_seg0_fixnonmask,False,0.0004,0.6688428521156311,"[0, 0, 223, 223]",26508.0,124020.0,150528.0,17.61001275510204
