instance_id,onnx,vnnlib,timeout,result,domains_visited,bab_time,all_time,init_unstable,lb_len,lb_num_finite,lb_min_finite,lb_argmin_finite,lb_any_neg_finite,image,tag,segment_index,k,eps,model,is_global,score,bbox,num_changed,num_fixed,total,percent_changed,pattern
3,onnx/CIFAR100_resnet_large.onnx,vnnlib/resnet_large__label_10__idx_7516_fix_nonmask_seg0_k1024_eps_0.0039.vnnlib,100,timeout False,0.0,0.1747028827667236,103.72677755355836,2860,98,0,,,False,resnet_large__label_10__idx_7516,fix_nonmask,0,1024,0.0039,CIFAR100_resnet_large,False,0.9276004433631896,"[0, 0, 30, 31]",2025,1047,3072,65.91796875,random
6,onnx/CIFAR100_resnet_large.onnx,vnnlib/resnet_large__label_10__idx_8477_fix_nonmask_seg0_k1024_eps_0.0039.vnnlib,100,unsat False,0.0,0.3258180618286133,36.84162187576294,2871,98,0,,,False,resnet_large__label_10__idx_8477,fix_nonmask,0,1024,0.0039,CIFAR100_resnet_large,False,0.9435863494873048,"[1, 0, 29, 30]",2124,948,3072,69.140625,random
9,onnx/CIFAR100_resnet_large.onnx,vnnlib/resnet_large__label_11__idx_3469_fix_nonmask_seg0_k1024_eps_0.0039.vnnlib,100,unsat False,0.0,0.2514615058898926,20.66419243812561,2155,96,0,,,False,resnet_large__label_11__idx_3469,fix_nonmask,0,1024,0.0039,CIFAR100_resnet_large,False,0.7863366603851318,"[0, 0, 31, 31]",1884,1188,3072,61.328125,random
12,onnx/CIFAR100_resnet_large.onnx,vnnlib/resnet_large__label_12__idx_6868_fix_nonmask_seg0_k1024_eps_0.0039.vnnlib,100,sat True,,,4.76019287109375,0,0,0,,,False,resnet_large__label_12__idx_6868,fix_nonmask,0,1024,0.0039,CIFAR100_resnet_large,False,0.3810205161571502,"[0, 0, 31, 31]",2751,321,3072,89.55078125,random
15,onnx/CIFAR100_resnet_large.onnx,vnnlib/resnet_large__label_12__idx_8525_fix_nonmask_seg0_k1024_eps_0.0039.vnnlib,100,unsat False,0.0,0.1522057056427002,14.957812786102297,1941,98,0,,,False,resnet_large__label_12__idx_8525,fix_nonmask,0,1024,0.0039,CIFAR100_resnet_large,False,0.7199544906616211,"[0, 0, 31, 31]",2511,561,3072,81.73828125,random
18,onnx/CIFAR100_resnet_large.onnx,vnnlib/resnet_large__label_13__idx_803_fix_nonmask_seg0_k1024_eps_0.0039.vnnlib,100,unsat True,,,2.939840078353882,0,0,0,,,False,resnet_large__label_13__idx_803,fix_nonmask,0,1024,0.0039,CIFAR100_resnet_large,False,0.5976900458335876,"[0, 0, 30, 30]",2391,681,3072,77.83203125,random
21,onnx/CIFAR100_resnet_large.onnx,vnnlib/resnet_large__label_17__idx_8201_fix_nonmask_seg0_k1024_eps_0.0039.vnnlib,100,unsat True,,,2.7124440670013428,0,0,0,,,False,resnet_large__label_17__idx_8201,fix_nonmask,0,1024,0.0039,CIFAR100_resnet_large,False,0.6053103804588318,"[0, 0, 31, 31]",2451,621,3072,79.78515625,random
24,onnx/CIFAR100_resnet_large.onnx,vnnlib/resnet_large__label_18__idx_1992_fix_nonmask_seg0_k1024_eps_0.0039.vnnlib,100,timeout False,0.0,0.1676955223083496,105.6512415409088,4039,98,0,,,False,resnet_large__label_18__idx_1992,fix_nonmask,0,1024,0.0039,CIFAR100_resnet_large,False,0.4473128318786621,"[0, 0, 31, 31]",3039,33,3072,98.92578125,random
27,onnx/CIFAR100_resnet_large.onnx,vnnlib/resnet_large__label_18__idx_5863_fix_nonmask_seg0_k1024_eps_0.0039.vnnlib,100,timeout False,0.0,0.1523597240447998,101.06558656692503,2472,98,0,,,False,resnet_large__label_18__idx_5863,fix_nonmask,0,1024,0.0039,CIFAR100_resnet_large,False,0.8389680981636047,"[0, 0, 31, 31]",2697,375,3072,87.79296875,random
30,onnx/CIFAR100_resnet_large.onnx,vnnlib/resnet_large__label_18__idx_75_fix_nonmask_seg0_k1024_eps_0.0039.vnnlib,100,timeout False,0.0,0.3102226257324219,107.18111157417296,3147,98,0,,,False,resnet_large__label_18__idx_75,fix_nonmask,0,1024,0.0039,CIFAR100_resnet_large,False,0.9115676879882812,"[0, 0, 31, 31]",3027,45,3072,98.53515625,random
33,onnx/CIFAR100_resnet_large.onnx,vnnlib/resnet_large__label_18__idx_917_fix_nonmask_seg0_k1024_eps_0.0039.vnnlib,100,timeout False,0.0,0.2289810180664062,105.3259789943695,3009,98,0,,,False,resnet_large__label_18__idx_917,fix_nonmask,0,1024,0.0039,CIFAR100_resnet_large,False,0.5755890607833862,"[0, 0, 31, 31]",2982,90,3072,97.0703125,random
36,onnx/CIFAR100_resnet_large.onnx,vnnlib/resnet_large__label_19__idx_1885_fix_nonmask_seg0_k1024_eps_0.0039.vnnlib,100,unsat True,,,2.977653980255127,0,0,0,,,False,resnet_large__label_19__idx_1885,fix_nonmask,0,1024,0.0039,CIFAR100_resnet_large,False,0.6433595418930054,"[0, 0, 31, 30]",2274,798,3072,74.0234375,random
39,onnx/CIFAR100_resnet_large.onnx,vnnlib/resnet_large__label_19__idx_9413_fix_nonmask_seg0_k1024_eps_0.0039.vnnlib,100,unsat True,,,5.514868974685669,0,0,0,,,False,resnet_large__label_19__idx_9413,fix_nonmask,0,1024,0.0039,CIFAR100_resnet_large,False,0.7553374767303467,"[1, 1, 30, 30]",2610,462,3072,84.9609375,random
42,onnx/CIFAR100_resnet_large.onnx,vnnlib/resnet_large__label_1__idx_8126_fix_nonmask_seg0_k1024_eps_0.0039.vnnlib,100,timeout False,0.0,0.1534042358398437,104.21570920944214,2259,98,1,0.0044143199920654,90.0,False,resnet_large__label_1__idx_8126,fix_nonmask,0,1024,0.0039,CIFAR100_resnet_large,False,0.8960250616073608,"[0, 0, 31, 31]",3051,21,3072,99.31640625,random
45,onnx/CIFAR100_resnet_large.onnx,vnnlib/resnet_large__label_21__idx_2858_fix_nonmask_seg0_k1024_eps_0.0039.vnnlib,100,unsat False,0.0,0.1550045013427734,12.852480173110962,3699,98,0,,,False,resnet_large__label_21__idx_2858,fix_nonmask,0,1024,0.0039,CIFAR100_resnet_large,False,0.8061870336532593,"[0, 0, 30, 31]",2628,444,3072,85.546875,random
48,onnx/CIFAR100_resnet_large.onnx,vnnlib/resnet_large__label_21__idx_9995_fix_nonmask_seg0_k1024_eps_0.0039.vnnlib,100,timeout False,0.0,0.2440540790557861,101.69669890403748,1873,98,0,,,False,resnet_large__label_21__idx_9995,fix_nonmask,0,1024,0.0039,CIFAR100_resnet_large,False,0.7802025079727173,"[0, 0, 31, 31]",2148,924,3072,69.921875,random
51,onnx/CIFAR100_resnet_large.onnx,vnnlib/resnet_large__label_22__idx_700_fix_nonmask_seg0_k1024_eps_0.0039.vnnlib,100,unsat True,,,3.6408073902130127,0,0,0,,,False,resnet_large__label_22__idx_700,fix_nonmask,0,1024,0.0039,CIFAR100_resnet_large,False,0.8589620590209961,"[1, 0, 29, 31]",2172,900,3072,70.703125,random
54,onnx/CIFAR100_resnet_large.onnx,vnnlib/resnet_large__label_25__idx_2209_fix_nonmask_seg0_k1024_eps_0.0039.vnnlib,100,unsat True,,,7.534985065460205,0,0,0,,,False,resnet_large__label_25__idx_2209,fix_nonmask,0,1024,0.0039,CIFAR100_resnet_large,False,0.8550143241882324,"[0, 0, 30, 31]",2586,486,3072,84.1796875,random
57,onnx/CIFAR100_resnet_large.onnx,vnnlib/resnet_large__label_25__idx_2893_fix_nonmask_seg0_k1024_eps_0.0039.vnnlib,100,unsat False,0.0,0.1579711437225341,51.446908950805664,2391,98,0,,,False,resnet_large__label_25__idx_2893,fix_nonmask,0,1024,0.0039,CIFAR100_resnet_large,False,0.4794625639915466,"[0, 0, 31, 30]",2442,630,3072,79.4921875,random
60,onnx/CIFAR100_resnet_large.onnx,vnnlib/resnet_large__label_26__idx_212_fix_nonmask_seg0_k1024_eps_0.0039.vnnlib,100,unsat False,0.0,0.1599323749542236,11.8235445022583,3327,98,0,,,False,resnet_large__label_26__idx_212,fix_nonmask,0,1024,0.0039,CIFAR100_resnet_large,False,0.7894948124885559,"[0, 0, 31, 31]",2424,648,3072,78.90625,random
63,onnx/CIFAR100_resnet_large.onnx,vnnlib/resnet_large__label_26__idx_8903_fix_nonmask_seg0_k1024_eps_0.0039.vnnlib,100,timeout False,0.0,0.1620736122131347,102.08165836334229,3688,97,0,,,False,resnet_large__label_26__idx_8903,fix_nonmask,0,1024,0.0039,CIFAR100_resnet_large,False,0.81463223695755,"[0, 1, 31, 31]",2580,492,3072,83.984375,random
66,onnx/CIFAR100_resnet_large.onnx,vnnlib/resnet_large__label_27__idx_7106_fix_nonmask_seg0_k1024_eps_0.0039.vnnlib,100,unsat False,0.0,0.2762320041656494,51.501303911209106,4192,97,0,,,False,resnet_large__label_27__idx_7106,fix_nonmask,0,1024,0.0039,CIFAR100_resnet_large,False,0.8351608514785767,"[0, 0, 31, 31]",3060,12,3072,99.609375,random
69,onnx/CIFAR100_resnet_large.onnx,vnnlib/resnet_large__label_29__idx_242_fix_nonmask_seg0_k1024_eps_0.0039.vnnlib,100,unsat True,,,4.441359043121338,0,0,0,,,False,resnet_large__label_29__idx_242,fix_nonmask,0,1024,0.0039,CIFAR100_resnet_large,False,0.6771914958953857,"[0, 0, 30, 31]",2055,1017,3072,66.89453125,random
72,onnx/CIFAR100_resnet_large.onnx,vnnlib/resnet_large__label_2__idx_3801_fix_nonmask_seg0_k1024_eps_0.0039.vnnlib,100,sat True,,,5.617494106292725,0,0,0,,,False,resnet_large__label_2__idx_3801,fix_nonmask,0,1024,0.0039,CIFAR100_resnet_large,False,0.8425894379615784,"[0, 0, 31, 31]",2664,408,3072,86.71875,random
75,onnx/CIFAR100_resnet_large.onnx,vnnlib/resnet_large__label_2__idx_972_fix_nonmask_seg0_k1024_eps_0.0039.vnnlib,100,unsat False,0.0,0.2383172512054443,14.582796335220335,3433,98,0,,,False,resnet_large__label_2__idx_972,fix_nonmask,0,1024,0.0039,CIFAR100_resnet_large,False,0.8435295820236206,"[0, 1, 31, 27]",2136,936,3072,69.53125,random
78,onnx/CIFAR100_resnet_large.onnx,vnnlib/resnet_large__label_31__idx_3906_fix_nonmask_seg0_k1024_eps_0.0039.vnnlib,100,timeout False,0.0,0.3298530578613281,103.46459817886353,2774,98,0,,,False,resnet_large__label_31__idx_3906,fix_nonmask,0,1024,0.0039,CIFAR100_resnet_large,False,0.2832119762897491,"[0, 0, 31, 31]",2364,708,3072,76.953125,random
81,onnx/CIFAR100_resnet_large.onnx,vnnlib/resnet_large__label_31__idx_476_fix_nonmask_seg0_k1024_eps_0.0039.vnnlib,100,unsat False,0.0,0.155287504196167,15.08183455467224,3233,98,0,,,False,resnet_large__label_31__idx_476,fix_nonmask,0,1024,0.0039,CIFAR100_resnet_large,False,0.9072512984275818,"[0, 0, 31, 31]",2889,183,3072,94.04296875,random
84,onnx/CIFAR100_resnet_large.onnx,vnnlib/resnet_large__label_31__idx_4804_fix_nonmask_seg0_k1024_eps_0.0039.vnnlib,100,unsat True,,,7.936649799346924,0,0,0,,,False,resnet_large__label_31__idx_4804,fix_nonmask,0,1024,0.0039,CIFAR100_resnet_large,False,0.6725872755050659,"[0, 0, 31, 31]",2310,762,3072,75.1953125,random
87,onnx/CIFAR100_resnet_large.onnx,vnnlib/resnet_large__label_32__idx_4987_fix_nonmask_seg0_k1024_eps_0.0039.vnnlib,100,unsat False,0.0,0.236976146697998,15.102634191513062,2480,98,0,,,False,resnet_large__label_32__idx_4987,fix_nonmask,0,1024,0.0039,CIFAR100_resnet_large,False,0.9276733994483948,"[0, 0, 31, 31]",2991,81,3072,97.36328125,random
90,onnx/CIFAR100_resnet_large.onnx,vnnlib/resnet_large__label_33__idx_313_fix_nonmask_seg0_k1024_eps_0.0039.vnnlib,100,unsat True,,,5.793411493301392,0,0,0,,,False,resnet_large__label_33__idx_313,fix_nonmask,0,1024,0.0039,CIFAR100_resnet_large,False,0.2922782003879547,"[0, 0, 31, 31]",2787,285,3072,90.72265625,random
93,onnx/CIFAR100_resnet_large.onnx,vnnlib/resnet_large__label_33__idx_4318_fix_nonmask_seg0_k1024_eps_0.0039.vnnlib,100,unsat False,0.0,1.4261183738708496,85.93046832084656,3138,96,1,0.1745283603668213,8.0,False,resnet_large__label_33__idx_4318,fix_nonmask,0,1024,0.0039,CIFAR100_resnet_large,False,0.2463557124137878,"[0, 0, 31, 31]",2397,675,3072,78.02734375,random
96,onnx/CIFAR100_resnet_large.onnx,vnnlib/resnet_large__label_34__idx_4347_fix_nonmask_seg0_k1024_eps_0.0039.vnnlib,100,unsat True,,,4.410463094711304,0,0,0,,,False,resnet_large__label_34__idx_4347,fix_nonmask,0,1024,0.0039,CIFAR100_resnet_large,False,0.775812029838562,"[0, 0, 31, 31]",2178,894,3072,70.8984375,random
99,onnx/CIFAR100_resnet_large.onnx,vnnlib/resnet_large__label_34__idx_589_fix_nonmask_seg0_k1024_eps_0.0039.vnnlib,100,unsat True,,,5.1057446002960205,0,0,0,,,False,resnet_large__label_34__idx_589,fix_nonmask,0,1024,0.0039,CIFAR100_resnet_large,False,0.9014166593551636,"[0, 0, 31, 31]",2103,969,3072,68.45703125,random
102,onnx/CIFAR100_resnet_large.onnx,vnnlib/resnet_large__label_34__idx_6873_fix_nonmask_seg0_k1024_eps_0.0039.vnnlib,100,unsat True,,,7.0057454109191895,0,0,0,,,False,resnet_large__label_34__idx_6873,fix_nonmask,0,1024,0.0039,CIFAR100_resnet_large,False,0.7704413533210754,"[0, 0, 31, 31]",2688,384,3072,87.5,random
105,onnx/CIFAR100_resnet_large.onnx,vnnlib/resnet_large__label_36__idx_2400_fix_nonmask_seg0_k1024_eps_0.0039.vnnlib,100,sat True,,,5.1764538288116455,0,0,0,,,False,resnet_large__label_36__idx_2400,fix_nonmask,0,1024,0.0039,CIFAR100_resnet_large,False,0.8504455089569092,"[0, 0, 31, 31]",2595,477,3072,84.47265625,random
108,onnx/CIFAR100_resnet_large.onnx,vnnlib/resnet_large__label_37__idx_2903_fix_nonmask_seg0_k1024_eps_0.0039.vnnlib,100,unsat True,,,7.098283290863037,0,0,0,,,False,resnet_large__label_37__idx_2903,fix_nonmask,0,1024,0.0039,CIFAR100_resnet_large,False,0.7983068823814392,"[0, 0, 31, 31]",2013,1059,3072,65.52734375,random
111,onnx/CIFAR100_resnet_large.onnx,vnnlib/resnet_large__label_37__idx_7273_fix_nonmask_seg0_k1024_eps_0.0039.vnnlib,100,unsat True,,,5.080315828323364,0,0,0,,,False,resnet_large__label_37__idx_7273,fix_nonmask,0,1024,0.0039,CIFAR100_resnet_large,False,0.6779263615608215,"[0, 0, 31, 31]",1788,1284,3072,58.203125,random
114,onnx/CIFAR100_resnet_large.onnx,vnnlib/resnet_large__label_40__idx_3718_fix_nonmask_seg0_k1024_eps_0.0039.vnnlib,100,sat True,,,6.175099849700928,0,0,0,,,False,resnet_large__label_40__idx_3718,fix_nonmask,0,1024,0.0039,CIFAR100_resnet_large,False,0.7767146229743958,"[0, 0, 30, 31]",2952,120,3072,96.09375,random
117,onnx/CIFAR100_resnet_large.onnx,vnnlib/resnet_large__label_40__idx_4421_fix_nonmask_seg0_k1024_eps_0.0039.vnnlib,100,sat True,,,5.438366413116455,0,0,0,,,False,resnet_large__label_40__idx_4421,fix_nonmask,0,1024,0.0039,CIFAR100_resnet_large,False,0.8894238471984863,"[1, 1, 30, 31]",1887,1185,3072,61.42578125,random
120,onnx/CIFAR100_resnet_large.onnx,vnnlib/resnet_large__label_41__idx_3593_fix_nonmask_seg0_k1024_eps_0.0039.vnnlib,100,unsat True,,,7.915723562240601,0,0,0,,,False,resnet_large__label_41__idx_3593,fix_nonmask,0,1024,0.0039,CIFAR100_resnet_large,False,0.869603157043457,"[1, 0, 30, 31]",1896,1176,3072,61.71875,random
123,onnx/CIFAR100_resnet_large.onnx,vnnlib/resnet_large__label_42__idx_1753_fix_nonmask_seg0_k1024_eps_0.0039.vnnlib,100,sat True,,,6.117844581604004,0,0,0,,,False,resnet_large__label_42__idx_1753,fix_nonmask,0,1024,0.0039,CIFAR100_resnet_large,False,0.8487135171890259,"[0, 0, 30, 31]",2229,843,3072,72.55859375,random
126,onnx/CIFAR100_resnet_large.onnx,vnnlib/resnet_large__label_43__idx_6556_fix_nonmask_seg0_k1024_eps_0.0039.vnnlib,100,unsat True,,,6.966653347015381,0,0,0,,,False,resnet_large__label_43__idx_6556,fix_nonmask,0,1024,0.0039,CIFAR100_resnet_large,False,0.8861611485481262,"[0, 0, 31, 31]",2943,129,3072,95.80078125,random
129,onnx/CIFAR100_resnet_large.onnx,vnnlib/resnet_large__label_44__idx_2912_fix_nonmask_seg0_k1024_eps_0.0039.vnnlib,100,unsat True,,,4.4681456089019775,0,0,0,,,False,resnet_large__label_44__idx_2912,fix_nonmask,0,1024,0.0039,CIFAR100_resnet_large,False,0.8108253479003906,"[0, 0, 31, 31]",2490,582,3072,81.0546875,random
132,onnx/CIFAR100_resnet_large.onnx,vnnlib/resnet_large__label_47__idx_6926_fix_nonmask_seg0_k1024_eps_0.0039.vnnlib,100,unsat True,,,4.388471364974976,0,0,0,,,False,resnet_large__label_47__idx_6926,fix_nonmask,0,1024,0.0039,CIFAR100_resnet_large,False,0.8310635089874268,"[0, 0, 28, 30]",1683,1389,3072,54.78515625,random
135,onnx/CIFAR100_resnet_large.onnx,vnnlib/resnet_large__label_48__idx_5797_fix_nonmask_seg0_k1024_eps_0.0039.vnnlib,100,unsat False,0.0,0.2307455539703369,13.54268717765808,2330,98,0,,,False,resnet_large__label_48__idx_5797,fix_nonmask,0,1024,0.0039,CIFAR100_resnet_large,False,0.7580376267433167,"[0, 0, 31, 31]",2487,585,3072,80.95703125,random
138,onnx/CIFAR100_resnet_large.onnx,vnnlib/resnet_large__label_48__idx_6431_fix_nonmask_seg0_k1024_eps_0.0039.vnnlib,100,unsat False,0.0,0.2383944988250732,24.526805877685547,1607,98,0,,,False,resnet_large__label_48__idx_6431,fix_nonmask,0,1024,0.0039,CIFAR100_resnet_large,False,0.7119349837303162,"[0, 0, 31, 31]",2652,420,3072,86.328125,random
141,onnx/CIFAR100_resnet_large.onnx,vnnlib/resnet_large__label_48__idx_8860_fix_nonmask_seg0_k1024_eps_0.0039.vnnlib,100,sat True,,,7.066282033920288,0,0,0,,,False,resnet_large__label_48__idx_8860,fix_nonmask,0,1024,0.0039,CIFAR100_resnet_large,False,0.8002830147743225,"[0, 0, 31, 26]",2031,1041,3072,66.11328125,random
144,onnx/CIFAR100_resnet_large.onnx,vnnlib/resnet_large__label_49__idx_6596_fix_nonmask_seg0_k1024_eps_0.0039.vnnlib,100,timeout False,0.0,0.2448370456695556,102.4068534374237,2988,98,1,0.0603754520416259,71.0,False,resnet_large__label_49__idx_6596,fix_nonmask,0,1024,0.0039,CIFAR100_resnet_large,False,0.4544540345668793,"[0, 0, 31, 31]",3066,6,3072,99.8046875,random
147,onnx/CIFAR100_resnet_large.onnx,vnnlib/resnet_large__label_4__idx_3855_fix_nonmask_seg0_k1024_eps_0.0039.vnnlib,100,unsat True,,,5.736374378204346,0,0,0,,,False,resnet_large__label_4__idx_3855,fix_nonmask,0,1024,0.0039,CIFAR100_resnet_large,False,0.8277390599250793,"[0, 0, 31, 31]",2004,1068,3072,65.234375,random
150,onnx/CIFAR100_resnet_large.onnx,vnnlib/resnet_large__label_50__idx_2762_fix_nonmask_seg0_k1024_eps_0.0039.vnnlib,100,unsat True,,,7.070870399475098,0,0,0,,,False,resnet_large__label_50__idx_2762,fix_nonmask,0,1024,0.0039,CIFAR100_resnet_large,False,0.867766261100769,"[0, 4, 31, 31]",2559,513,3072,83.30078125,random
153,onnx/CIFAR100_resnet_large.onnx,vnnlib/resnet_large__label_51__idx_2582_fix_nonmask_seg0_k1024_eps_0.0039.vnnlib,100,unsat True,,,4.112319231033325,0,0,0,,,False,resnet_large__label_51__idx_2582,fix_nonmask,0,1024,0.0039,CIFAR100_resnet_large,False,0.7325524091720581,"[0, 0, 30, 31]",1851,1221,3072,60.25390625,random
156,onnx/CIFAR100_resnet_large.onnx,vnnlib/resnet_large__label_51__idx_3515_fix_nonmask_seg0_k1024_eps_0.0039.vnnlib,100,unsat True,,,2.9765570163726807,0,0,0,,,False,resnet_large__label_51__idx_3515,fix_nonmask,0,1024,0.0039,CIFAR100_resnet_large,False,0.3856033384799957,"[0, 0, 31, 31]",2139,933,3072,69.62890625,random
159,onnx/CIFAR100_resnet_large.onnx,vnnlib/resnet_large__label_52__idx_161_fix_nonmask_seg0_k1024_eps_0.0039.vnnlib,100,unsat True,,,2.868937730789185,0,0,0,,,False,resnet_large__label_52__idx_161,fix_nonmask,0,1024,0.0039,CIFAR100_resnet_large,False,0.5571290850639343,"[0, 0, 31, 31]",2514,558,3072,81.8359375,random
162,onnx/CIFAR100_resnet_large.onnx,vnnlib/resnet_large__label_52__idx_2381_fix_nonmask_seg0_k1024_eps_0.0039.vnnlib,100,unsat True,,,3.0802340507507324,0,0,0,,,False,resnet_large__label_52__idx_2381,fix_nonmask,0,1024,0.0039,CIFAR100_resnet_large,False,0.5336294770240784,"[0, 0, 31, 31]",2061,1011,3072,67.08984375,random
165,onnx/CIFAR100_resnet_large.onnx,vnnlib/resnet_large__label_53__idx_7605_fix_nonmask_seg0_k1024_eps_0.0039.vnnlib,100,unsat True,,,3.3310179710388184,0,0,0,,,False,resnet_large__label_53__idx_7605,fix_nonmask,0,1024,0.0039,CIFAR100_resnet_large,False,0.2669866979122162,"[0, 1, 31, 31]",1689,1383,3072,54.98046875,random
168,onnx/CIFAR100_resnet_large.onnx,vnnlib/resnet_large__label_55__idx_1524_fix_nonmask_seg0_k1024_eps_0.0039.vnnlib,100,unsat False,0.0,0.1550033092498779,11.863782167434692,2612,98,0,,,False,resnet_large__label_55__idx_1524,fix_nonmask,0,1024,0.0039,CIFAR100_resnet_large,False,0.7418927550315857,"[0, 0, 31, 31]",2598,474,3072,84.5703125,random
171,onnx/CIFAR100_resnet_large.onnx,vnnlib/resnet_large__label_58__idx_7923_fix_nonmask_seg0_k1024_eps_0.0039.vnnlib,100,unsat False,0.0,0.1544070243835449,12.592041492462158,1797,98,0,,,False,resnet_large__label_58__idx_7923,fix_nonmask,0,1024,0.0039,CIFAR100_resnet_large,False,0.7815497517585754,"[0, 0, 31, 31]",1836,1236,3072,59.765625,random
174,onnx/CIFAR100_resnet_large.onnx,vnnlib/resnet_large__label_58__idx_9116_fix_nonmask_seg0_k1024_eps_0.0039.vnnlib,100,unsat True,,,4.01598048210144,0,0,0,,,False,resnet_large__label_58__idx_9116,fix_nonmask,0,1024,0.0039,CIFAR100_resnet_large,False,0.8205607533454895,"[0, 0, 30, 29]",2301,771,3072,74.90234375,random
177,onnx/CIFAR100_resnet_large.onnx,vnnlib/resnet_large__label_59__idx_5602_fix_nonmask_seg0_k1024_eps_0.0039.vnnlib,100,unsat False,0.0,0.1523668766021728,12.203224420547484,3109,98,0,,,False,resnet_large__label_59__idx_5602,fix_nonmask,0,1024,0.0039,CIFAR100_resnet_large,False,0.5761265158653259,"[0, 0, 31, 31]",2643,429,3072,86.03515625,random
180,onnx/CIFAR100_resnet_large.onnx,vnnlib/resnet_large__label_5__idx_3142_fix_nonmask_seg0_k1024_eps_0.0039.vnnlib,100,unsat False,0.0,0.1534397602081298,12.532098293304443,2755,98,0,,,False,resnet_large__label_5__idx_3142,fix_nonmask,0,1024,0.0039,CIFAR100_resnet_large,False,0.3754416704177856,"[0, 0, 30, 31]",2385,687,3072,77.63671875,random
183,onnx/CIFAR100_resnet_large.onnx,vnnlib/resnet_large__label_60__idx_3105_fix_nonmask_seg0_k1024_eps_0.0039.vnnlib,100,unsat False,0.0,0.251551866531372,15.921287298202516,2559,98,0,,,False,resnet_large__label_60__idx_3105,fix_nonmask,0,1024,0.0039,CIFAR100_resnet_large,False,0.3827548325061798,"[0, 0, 31, 31]",3072,0,3072,100.0,random
186,onnx/CIFAR100_resnet_large.onnx,vnnlib/resnet_large__label_62__idx_7064_fix_nonmask_seg0_k1024_eps_0.0039.vnnlib,100,unsat False,0.0,0.1551697254180908,11.611445665359495,2348,98,1,0.023263931274414,53.0,False,resnet_large__label_62__idx_7064,fix_nonmask,0,1024,0.0039,CIFAR100_resnet_large,False,0.6703127026557922,"[0, 0, 30, 30]",2673,399,3072,87.01171875,random
189,onnx/CIFAR100_resnet_large.onnx,vnnlib/resnet_large__label_63__idx_2652_fix_nonmask_seg0_k1024_eps_0.0039.vnnlib,100,unsat True,,,2.811373472213745,0,0,0,,,False,resnet_large__label_63__idx_2652,fix_nonmask,0,1024,0.0039,CIFAR100_resnet_large,False,0.7538955211639404,"[0, 3, 30, 31]",2241,831,3072,72.94921875,random
192,onnx/CIFAR100_resnet_large.onnx,vnnlib/resnet_large__label_63__idx_6947_fix_nonmask_seg0_k1024_eps_0.0039.vnnlib,100,unsat False,0.0,0.1953527927398681,13.033292770385742,2936,97,0,,,False,resnet_large__label_63__idx_6947,fix_nonmask,0,1024,0.0039,CIFAR100_resnet_large,False,0.8703984022140503,"[0, 0, 31, 31]",2250,822,3072,73.2421875,random
195,onnx/CIFAR100_resnet_large.onnx,vnnlib/resnet_large__label_64__idx_2767_fix_nonmask_seg0_k1024_eps_0.0039.vnnlib,100,unsat False,0.0,0.2902901172637939,58.291539669036865,2193,98,2,0.0366091728210449,42.0,False,resnet_large__label_64__idx_2767,fix_nonmask,0,1024,0.0039,CIFAR100_resnet_large,False,0.8763487935066223,"[0, 0, 31, 31]",2205,867,3072,71.77734375,random
198,onnx/CIFAR100_resnet_large.onnx,vnnlib/resnet_large__label_66__idx_5883_fix_nonmask_seg0_k1024_eps_0.0039.vnnlib,100,unsat False,0.0,0.1571037769317627,55.8311915397644,3572,94,0,,,False,resnet_large__label_66__idx_5883,fix_nonmask,0,1024,0.0039,CIFAR100_resnet_large,False,0.8705346584320068,"[0, 0, 31, 31]",2334,738,3072,75.9765625,random
201,onnx/CIFAR100_resnet_large.onnx,vnnlib/resnet_large__label_66__idx_9469_fix_nonmask_seg0_k1024_eps_0.0039.vnnlib,100,unsat False,0.0,0.2874107360839844,11.91306471824646,2784,98,0,,,False,resnet_large__label_66__idx_9469,fix_nonmask,0,1024,0.0039,CIFAR100_resnet_large,False,0.5787888765335083,"[0, 1, 30, 31]",2553,519,3072,83.10546875,random
204,onnx/CIFAR100_resnet_large.onnx,vnnlib/resnet_large__label_68__idx_2485_fix_nonmask_seg0_k1024_eps_0.0039.vnnlib,100,unsat True,,,3.707141637802124,0,0,0,,,False,resnet_large__label_68__idx_2485,fix_nonmask,0,1024,0.0039,CIFAR100_resnet_large,False,0.7410414218902588,"[0, 0, 31, 31]",2352,720,3072,76.5625,random
207,onnx/CIFAR100_resnet_large.onnx,vnnlib/resnet_large__label_68__idx_918_fix_nonmask_seg0_k1024_eps_0.0039.vnnlib,100,unsat False,0.0,0.2314522266387939,13.87500262260437,3490,97,1,0.006967544555664,66.0,False,resnet_large__label_68__idx_918,fix_nonmask,0,1024,0.0039,CIFAR100_resnet_large,False,0.1241539567708969,"[0, 0, 31, 31]",2865,207,3072,93.26171875,random
210,onnx/CIFAR100_resnet_large.onnx,vnnlib/resnet_large__label_71__idx_4338_fix_nonmask_seg0_k1024_eps_0.0039.vnnlib,100,timeout False,0.0,0.1559212207794189,104.95618748664856,2343,98,0,,,False,resnet_large__label_71__idx_4338,fix_nonmask,0,1024,0.0039,CIFAR100_resnet_large,False,0.2374380677938461,"[0, 0, 31, 31]",3072,0,3072,100.0,random
213,onnx/CIFAR100_resnet_large.onnx,vnnlib/resnet_large__label_76__idx_33_fix_nonmask_seg0_k1024_eps_0.0039.vnnlib,100,unsat True,,,7.654798030853272,0,0,0,,,False,resnet_large__label_76__idx_33,fix_nonmask,0,1024,0.0039,CIFAR100_resnet_large,False,0.7681190967559814,"[0, 0, 31, 31]",2604,468,3072,84.765625,random
216,onnx/CIFAR100_resnet_large.onnx,vnnlib/resnet_large__label_76__idx_3657_fix_nonmask_seg0_k1024_eps_0.0039.vnnlib,100,unsat True,,,4.701460123062134,0,0,0,,,False,resnet_large__label_76__idx_3657,fix_nonmask,0,1024,0.0039,CIFAR100_resnet_large,False,0.7715976238250732,"[0, 0, 31, 31]",2205,867,3072,71.77734375,random
219,onnx/CIFAR100_resnet_large.onnx,vnnlib/resnet_large__label_77__idx_8915_fix_nonmask_seg0_k1024_eps_0.0039.vnnlib,100,unsat False,0.0,0.1602604389190673,15.141802310943604,4239,96,1,0.2410140037536621,72.0,False,resnet_large__label_77__idx_8915,fix_nonmask,0,1024,0.0039,CIFAR100_resnet_large,False,0.79766845703125,"[0, 0, 31, 31]",2982,90,3072,97.0703125,random
222,onnx/CIFAR100_resnet_large.onnx,vnnlib/resnet_large__label_78__idx_5742_fix_nonmask_seg0_k1024_eps_0.0039.vnnlib,100,unsat False,0.0,0.1575431823730468,12.410340070724487,2744,98,0,,,False,resnet_large__label_78__idx_5742,fix_nonmask,0,1024,0.0039,CIFAR100_resnet_large,False,0.8279815912246704,"[0, 0, 31, 31]",2265,807,3072,73.73046875,random
225,onnx/CIFAR100_resnet_large.onnx,vnnlib/resnet_large__label_78__idx_7980_fix_nonmask_seg0_k1024_eps_0.0039.vnnlib,100,unsat False,0.0,0.1581740379333496,12.20064115524292,3516,98,0,,,False,resnet_large__label_78__idx_7980,fix_nonmask,0,1024,0.0039,CIFAR100_resnet_large,False,0.8875492811203003,"[0, 0, 31, 31]",2454,618,3072,79.8828125,random
228,onnx/CIFAR100_resnet_large.onnx,vnnlib/resnet_large__label_80__idx_3620_fix_nonmask_seg0_k1024_eps_0.0039.vnnlib,100,unsat False,0.0,0.1542632579803466,66.76251602172852,2896,97,4,0.0189366340637207,8.0,False,resnet_large__label_80__idx_3620,fix_nonmask,0,1024,0.0039,CIFAR100_resnet_large,False,0.7725546956062317,"[0, 0, 31, 31]",2487,585,3072,80.95703125,random
231,onnx/CIFAR100_resnet_large.onnx,vnnlib/resnet_large__label_81__idx_134_fix_nonmask_seg0_k1024_eps_0.0039.vnnlib,100,unsat False,0.0,0.1548192501068115,11.942280530929564,2686,98,0,,,False,resnet_large__label_81__idx_134,fix_nonmask,0,1024,0.0039,CIFAR100_resnet_large,False,0.6881028413772583,"[0, 0, 31, 28]",1962,1110,3072,63.8671875,random
234,onnx/CIFAR100_resnet_large.onnx,vnnlib/resnet_large__label_81__idx_3388_fix_nonmask_seg0_k1024_eps_0.0039.vnnlib,100,timeout False,0.0,0.1552269458770752,103.8106243610382,2805,98,0,,,False,resnet_large__label_81__idx_3388,fix_nonmask,0,1024,0.0039,CIFAR100_resnet_large,False,0.5870026350021362,"[0, 0, 31, 31]",2184,888,3072,71.09375,random
237,onnx/CIFAR100_resnet_large.onnx,vnnlib/resnet_large__label_81__idx_5803_fix_nonmask_seg0_k1024_eps_0.0039.vnnlib,100,unsat True,,,6.140233278274536,0,0,0,,,False,resnet_large__label_81__idx_5803,fix_nonmask,0,1024,0.0039,CIFAR100_resnet_large,False,0.7525660395622253,"[0, 0, 31, 31]",1995,1077,3072,64.94140625,random
240,onnx/CIFAR100_resnet_large.onnx,vnnlib/resnet_large__label_81__idx_9853_fix_nonmask_seg0_k1024_eps_0.0039.vnnlib,100,timeout False,0.0,0.1543076038360595,101.62481021881104,3216,96,0,,,False,resnet_large__label_81__idx_9853,fix_nonmask,0,1024,0.0039,CIFAR100_resnet_large,False,0.3400405943393707,"[0, 0, 31, 31]",2745,327,3072,89.35546875,random
243,onnx/CIFAR100_resnet_large.onnx,vnnlib/resnet_large__label_82__idx_8354_fix_nonmask_seg0_k1024_eps_0.0039.vnnlib,100,unsat True,,,3.825707912445069,0,0,0,,,False,resnet_large__label_82__idx_8354,fix_nonmask,0,1024,0.0039,CIFAR100_resnet_large,False,0.7905218005180359,"[0, 0, 31, 31]",2490,582,3072,81.0546875,random
246,onnx/CIFAR100_resnet_large.onnx,vnnlib/resnet_large__label_83__idx_7948_fix_nonmask_seg0_k1024_eps_0.0039.vnnlib,100,unsat True,,,3.157250165939331,0,0,0,,,False,resnet_large__label_83__idx_7948,fix_nonmask,0,1024,0.0039,CIFAR100_resnet_large,False,0.8909376263618469,"[0, 3, 31, 31]",1902,1170,3072,61.9140625,random
249,onnx/CIFAR100_resnet_large.onnx,vnnlib/resnet_large__label_84__idx_1886_fix_nonmask_seg0_k1024_eps_0.0039.vnnlib,100,unsat False,0.0,0.1561288833618164,14.068994522094728,3829,97,2,0.1627568006515503,35.0,False,resnet_large__label_84__idx_1886,fix_nonmask,0,1024,0.0039,CIFAR100_resnet_large,False,0.6088634729385376,"[0, 0, 31, 31]",2898,174,3072,94.3359375,random
252,onnx/CIFAR100_resnet_large.onnx,vnnlib/resnet_large__label_85__idx_1650_fix_nonmask_seg0_k1024_eps_0.0039.vnnlib,100,unsat True,,,2.7307119369506836,0,0,0,,,False,resnet_large__label_85__idx_1650,fix_nonmask,0,1024,0.0039,CIFAR100_resnet_large,False,0.4662776887416839,"[0, 0, 31, 31]",2796,276,3072,91.015625,random
255,onnx/CIFAR100_resnet_large.onnx,vnnlib/resnet_large__label_85__idx_4482_fix_nonmask_seg0_k1024_eps_0.0039.vnnlib,100,sat True,,,4.726130247116089,0,0,0,,,False,resnet_large__label_85__idx_4482,fix_nonmask,0,1024,0.0039,CIFAR100_resnet_large,False,0.3279209733009338,"[0, 0, 31, 31]",3003,69,3072,97.75390625,random
258,onnx/CIFAR100_resnet_large.onnx,vnnlib/resnet_large__label_86__idx_5679_fix_nonmask_seg0_k1024_eps_0.0039.vnnlib,100,sat True,,,5.04312539100647,0,0,0,,,False,resnet_large__label_86__idx_5679,fix_nonmask,0,1024,0.0039,CIFAR100_resnet_large,False,0.8519783020019531,"[0, 0, 31, 31]",2103,969,3072,68.45703125,random
261,onnx/CIFAR100_resnet_large.onnx,vnnlib/resnet_large__label_86__idx_6459_fix_nonmask_seg0_k1024_eps_0.0039.vnnlib,100,unsat True,,,2.9883337020874023,0,0,0,,,False,resnet_large__label_86__idx_6459,fix_nonmask,0,1024,0.0039,CIFAR100_resnet_large,False,0.6151756644248962,"[0, 0, 31, 30]",2268,804,3072,73.828125,random
264,onnx/CIFAR100_resnet_large.onnx,vnnlib/resnet_large__label_88__idx_4474_fix_nonmask_seg0_k1024_eps_0.0039.vnnlib,100,unsat True,,,2.9473822116851807,0,0,0,,,False,resnet_large__label_88__idx_4474,fix_nonmask,0,1024,0.0039,CIFAR100_resnet_large,False,0.8712788224220276,"[0, 0, 31, 31]",2463,609,3072,80.17578125,random
267,onnx/CIFAR100_resnet_large.onnx,vnnlib/resnet_large__label_88__idx_5910_fix_nonmask_seg0_k1024_eps_0.0039.vnnlib,100,unsat True,,,6.350449323654175,0,0,0,,,False,resnet_large__label_88__idx_5910,fix_nonmask,0,1024,0.0039,CIFAR100_resnet_large,False,0.7933570146560669,"[0, 0, 31, 31]",2481,591,3072,80.76171875,random
270,onnx/CIFAR100_resnet_large.onnx,vnnlib/resnet_large__label_89__idx_5310_fix_nonmask_seg0_k1024_eps_0.0039.vnnlib,100,unsat True,,,3.0927188396453857,0,0,0,,,False,resnet_large__label_89__idx_5310,fix_nonmask,0,1024,0.0039,CIFAR100_resnet_large,False,0.7773982882499695,"[0, 0, 31, 31]",2025,1047,3072,65.91796875,random
273,onnx/CIFAR100_resnet_large.onnx,vnnlib/resnet_large__label_89__idx_9025_fix_nonmask_seg0_k1024_eps_0.0039.vnnlib,100,unsat False,0.0,0.2857625484466553,12.062147617340088,2307,98,0,,,False,resnet_large__label_89__idx_9025,fix_nonmask,0,1024,0.0039,CIFAR100_resnet_large,False,0.7800787687301636,"[0, 0, 30, 31]",2091,981,3072,68.06640625,random
276,onnx/CIFAR100_resnet_large.onnx,vnnlib/resnet_large__label_90__idx_4217_fix_nonmask_seg0_k1024_eps_0.0039.vnnlib,100,unsat True,,,4.35186243057251,0,0,0,,,False,resnet_large__label_90__idx_4217,fix_nonmask,0,1024,0.0039,CIFAR100_resnet_large,False,0.6826774477958679,"[0, 0, 31, 31]",2025,1047,3072,65.91796875,random
279,onnx/CIFAR100_resnet_large.onnx,vnnlib/resnet_large__label_91__idx_1194_fix_nonmask_seg0_k1024_eps_0.0039.vnnlib,100,unsat True,,,4.508435010910034,0,0,0,,,False,resnet_large__label_91__idx_1194,fix_nonmask,0,1024,0.0039,CIFAR100_resnet_large,False,0.7218872308731079,"[0, 0, 31, 31]",2220,852,3072,72.265625,random
282,onnx/CIFAR100_resnet_large.onnx,vnnlib/resnet_large__label_91__idx_200_fix_nonmask_seg0_k1024_eps_0.0039.vnnlib,100,sat True,,,3.978681087493897,0,0,0,,,False,resnet_large__label_91__idx_200,fix_nonmask,0,1024,0.0039,CIFAR100_resnet_large,False,0.8095718622207642,"[0, 0, 31, 31]",2691,381,3072,87.59765625,random
285,onnx/CIFAR100_resnet_large.onnx,vnnlib/resnet_large__label_93__idx_7162_fix_nonmask_seg0_k1024_eps_0.0039.vnnlib,100,unsat True,,,3.1990153789520264,0,0,0,,,False,resnet_large__label_93__idx_7162,fix_nonmask,0,1024,0.0039,CIFAR100_resnet_large,False,0.8776435852050781,"[0, 0, 30, 31]",1614,1458,3072,52.5390625,random
288,onnx/CIFAR100_resnet_large.onnx,vnnlib/resnet_large__label_93__idx_8828_fix_nonmask_seg0_k1024_eps_0.0039.vnnlib,100,unsat False,0.0,0.2340185642242431,16.146997928619385,2014,98,0,,,False,resnet_large__label_93__idx_8828,fix_nonmask,0,1024,0.0039,CIFAR100_resnet_large,False,0.9195056557655334,"[0, 0, 31, 31]",2169,903,3072,70.60546875,random
291,onnx/CIFAR100_resnet_large.onnx,vnnlib/resnet_large__label_94__idx_3842_fix_nonmask_seg0_k1024_eps_0.0039.vnnlib,100,unsat False,0.0,0.2659621238708496,21.77152371406555,3484,98,0,,,False,resnet_large__label_94__idx_3842,fix_nonmask,0,1024,0.0039,CIFAR100_resnet_large,False,0.5297280550003052,"[0, 0, 31, 31]",2403,669,3072,78.22265625,random
294,onnx/CIFAR100_resnet_large.onnx,vnnlib/resnet_large__label_94__idx_7371_fix_nonmask_seg0_k1024_eps_0.0039.vnnlib,100,unsat True,,,4.45436429977417,0,0,0,,,False,resnet_large__label_94__idx_7371,fix_nonmask,0,1024,0.0039,CIFAR100_resnet_large,False,0.8258616328239441,"[1, 0, 31, 31]",2292,780,3072,74.609375,random
297,onnx/CIFAR100_resnet_large.onnx,vnnlib/resnet_large__label_94__idx_9000_fix_nonmask_seg0_k1024_eps_0.0039.vnnlib,100,unsat False,0.0,0.2313995361328125,21.565792560577393,2799,97,0,,,False,resnet_large__label_94__idx_9000,fix_nonmask,0,1024,0.0039,CIFAR100_resnet_large,False,0.6394272446632385,"[0, 0, 31, 31]",2760,312,3072,89.84375,random
300,onnx/CIFAR100_resnet_large.onnx,vnnlib/resnet_large__label_95__idx_1371_fix_nonmask_seg0_k1024_eps_0.0039.vnnlib,100,unsat False,0.0,0.1545033454895019,12.107817888259888,1392,97,0,,,False,resnet_large__label_95__idx_1371,fix_nonmask,0,1024,0.0039,CIFAR100_resnet_large,False,0.8776878714561462,"[0, 0, 30, 31]",2610,462,3072,84.9609375,random
303,onnx/CIFAR100_resnet_medium.onnx,vnnlib/resnet_medium__label_0__idx_2404_fix_nonmask_seg0_k1024_eps_0.0039.vnnlib,100,unsat True,,,3.19291090965271,0,0,0,,,False,resnet_medium__label_0__idx_2404,fix_nonmask,0,1024,0.0039,CIFAR100_resnet_medium,False,0.5252135396003723,"[0, 0, 31, 31]",2673,399,3072,87.01171875,random
306,onnx/CIFAR100_resnet_medium.onnx,vnnlib/resnet_medium__label_0__idx_5369_fix_nonmask_seg0_k1024_eps_0.0039.vnnlib,100,timeout False,0.0,0.1504549980163574,103.75054931640624,1029,98,0,,,False,resnet_medium__label_0__idx_5369,fix_nonmask,0,1024,0.0039,CIFAR100_resnet_medium,False,0.719943642616272,"[1, 1, 30, 30]",2580,492,3072,83.984375,random
309,onnx/CIFAR100_resnet_medium.onnx,vnnlib/resnet_medium__label_11__idx_7329_fix_nonmask_seg0_k1024_eps_0.0039.vnnlib,100,sat True,,,2.8881607055664062,0,0,0,,,False,resnet_medium__label_11__idx_7329,fix_nonmask,0,1024,0.0039,CIFAR100_resnet_medium,False,0.8587400317192078,"[1, 1, 31, 31]",1800,1272,3072,58.59375,random
312,onnx/CIFAR100_resnet_medium.onnx,vnnlib/resnet_medium__label_12__idx_6868_fix_nonmask_seg0_k1024_eps_0.0039.vnnlib,100,unsat False,0.0,0.1540677547454834,11.66112995147705,946,98,0,,,False,resnet_medium__label_12__idx_6868,fix_nonmask,0,1024,0.0039,CIFAR100_resnet_medium,False,0.3810205161571502,"[0, 0, 31, 31]",2751,321,3072,89.55078125,random
315,onnx/CIFAR100_resnet_medium.onnx,vnnlib/resnet_medium__label_14__idx_1406_fix_nonmask_seg0_k1024_eps_0.0039.vnnlib,100,unsat False,0.0,0.1608495712280273,12.35390019416809,705,98,0,,,False,resnet_medium__label_14__idx_1406,fix_nonmask,0,1024,0.0039,CIFAR100_resnet_medium,False,0.8732609152793884,"[0, 0, 31, 31]",3072,0,3072,100.0,random
318,onnx/CIFAR100_resnet_medium.onnx,vnnlib/resnet_medium__label_15__idx_4836_fix_nonmask_seg0_k1024_eps_0.0039.vnnlib,100,sat True,,,4.552342414855957,0,0,0,,,False,resnet_medium__label_15__idx_4836,fix_nonmask,0,1024,0.0039,CIFAR100_resnet_medium,False,0.7793569564819336,"[0, 0, 31, 31]",2376,696,3072,77.34375,random
321,onnx/CIFAR100_resnet_medium.onnx,vnnlib/resnet_medium__label_15__idx_6893_fix_nonmask_seg0_k1024_eps_0.0039.vnnlib,100,unsat False,0.0,0.1505792140960693,11.126094341278076,619,98,0,,,False,resnet_medium__label_15__idx_6893,fix_nonmask,0,1024,0.0039,CIFAR100_resnet_medium,False,0.8287190794944763,"[0, 0, 29, 29]",1686,1386,3072,54.8828125,random
324,onnx/CIFAR100_resnet_medium.onnx,vnnlib/resnet_medium__label_16__idx_9074_fix_nonmask_seg0_k1024_eps_0.0039.vnnlib,100,unsat False,0.0,0.1536252498626709,10.381392478942873,1047,98,1,0.0232982635498046,11.0,False,resnet_medium__label_16__idx_9074,fix_nonmask,0,1024,0.0039,CIFAR100_resnet_medium,False,0.2607670128345489,"[0, 0, 31, 31]",2655,417,3072,86.42578125,random
327,onnx/CIFAR100_resnet_medium.onnx,vnnlib/resnet_medium__label_17__idx_388_fix_nonmask_seg0_k1024_eps_0.0039.vnnlib,100,unsat True,,,6.482198715209961,0,0,0,,,False,resnet_medium__label_17__idx_388,fix_nonmask,0,1024,0.0039,CIFAR100_resnet_medium,False,0.8010435104370117,"[0, 0, 29, 30]",1785,1287,3072,58.10546875,random
330,onnx/CIFAR100_resnet_medium.onnx,vnnlib/resnet_medium__label_17__idx_9758_fix_nonmask_seg0_k1024_eps_0.0039.vnnlib,100,unsat False,0.0,0.1575336456298828,9.41356110572815,858,98,0,,,False,resnet_medium__label_17__idx_9758,fix_nonmask,0,1024,0.0039,CIFAR100_resnet_medium,False,0.8345929384231567,"[0, 0, 31, 31]",2175,897,3072,70.80078125,random
333,onnx/CIFAR100_resnet_medium.onnx,vnnlib/resnet_medium__label_17__idx_9941_fix_nonmask_seg0_k1024_eps_0.0039.vnnlib,100,unsat True,,,3.4641950130462646,0,0,0,,,False,resnet_medium__label_17__idx_9941,fix_nonmask,0,1024,0.0039,CIFAR100_resnet_medium,False,0.8406089544296265,"[0, 0, 31, 31]",2748,324,3072,89.453125,random
336,onnx/CIFAR100_resnet_medium.onnx,vnnlib/resnet_medium__label_18__idx_4586_fix_nonmask_seg0_k1024_eps_0.0039.vnnlib,100,unsat False,0.0,0.1922943592071533,41.77868032455444,1083,98,0,,,False,resnet_medium__label_18__idx_4586,fix_nonmask,0,1024,0.0039,CIFAR100_resnet_medium,False,0.5946445465087891,"[0, 0, 31, 31]",2718,354,3072,88.4765625,random
339,onnx/CIFAR100_resnet_medium.onnx,vnnlib/resnet_medium__label_18__idx_9124_fix_nonmask_seg0_k1024_eps_0.0039.vnnlib,100,timeout False,0.0,0.237098217010498,104.57114934921265,1040,98,0,,,False,resnet_medium__label_18__idx_9124,fix_nonmask,0,1024,0.0039,CIFAR100_resnet_medium,False,0.5947930812835693,"[0, 0, 31, 31]",2976,96,3072,96.875,random
342,onnx/CIFAR100_resnet_medium.onnx,vnnlib/resnet_medium__label_20__idx_3539_fix_nonmask_seg0_k1024_eps_0.0039.vnnlib,100,unsat False,0.0,0.3582847118377685,10.54604458808899,964,98,0,,,False,resnet_medium__label_20__idx_3539,fix_nonmask,0,1024,0.0039,CIFAR100_resnet_medium,False,0.838116466999054,"[0, 0, 31, 31]",2724,348,3072,88.671875,random
345,onnx/CIFAR100_resnet_medium.onnx,vnnlib/resnet_medium__label_20__idx_5266_fix_nonmask_seg0_k1024_eps_0.0039.vnnlib,100,unsat False,0.0,0.2181329727172851,10.2149498462677,593,98,0,,,False,resnet_medium__label_20__idx_5266,fix_nonmask,0,1024,0.0039,CIFAR100_resnet_medium,False,0.7047456502914429,"[0, 0, 30, 31]",2082,990,3072,67.7734375,random
348,onnx/CIFAR100_resnet_medium.onnx,vnnlib/resnet_medium__label_20__idx_9332_fix_nonmask_seg0_k1024_eps_0.0039.vnnlib,100,unsat True,,,3.8579041957855225,0,0,0,,,False,resnet_medium__label_20__idx_9332,fix_nonmask,0,1024,0.0039,CIFAR100_resnet_medium,False,0.8472917675971985,"[0, 0, 31, 31]",2592,480,3072,84.375,random
351,onnx/CIFAR100_resnet_medium.onnx,vnnlib/resnet_medium__label_21__idx_4555_fix_nonmask_seg0_k1024_eps_0.0039.vnnlib,100,unsat False,0.0,0.1466360092163086,70.14085364341736,884,98,0,,,False,resnet_medium__label_21__idx_4555,fix_nonmask,0,1024,0.0039,CIFAR100_resnet_medium,False,0.8113899230957031,"[0, 0, 31, 31]",2595,477,3072,84.47265625,random
354,onnx/CIFAR100_resnet_medium.onnx,vnnlib/resnet_medium__label_25__idx_1061_fix_nonmask_seg0_k1024_eps_0.0039.vnnlib,100,unsat False,0.0,0.208338975906372,10.46340012550354,821,98,0,,,False,resnet_medium__label_25__idx_1061,fix_nonmask,0,1024,0.0039,CIFAR100_resnet_medium,False,0.664789617061615,"[0, 0, 30, 31]",2616,456,3072,85.15625,random
357,onnx/CIFAR100_resnet_medium.onnx,vnnlib/resnet_medium__label_25__idx_2893_fix_nonmask_seg0_k1024_eps_0.0039.vnnlib,100,unsat False,0.0,0.3057320117950439,9.260675191879272,782,98,1,0.0637226104736328,5.0,False,resnet_medium__label_25__idx_2893,fix_nonmask,0,1024,0.0039,CIFAR100_resnet_medium,False,0.4794625639915466,"[0, 0, 31, 30]",2442,630,3072,79.4921875,random
360,onnx/CIFAR100_resnet_medium.onnx,vnnlib/resnet_medium__label_25__idx_2906_fix_nonmask_seg0_k1024_eps_0.0039.vnnlib,100,unsat False,0.0,0.2360730171203613,37.06217551231384,694,98,0,,,False,resnet_medium__label_25__idx_2906,fix_nonmask,0,1024,0.0039,CIFAR100_resnet_medium,False,0.8015202879905701,"[1, 0, 31, 28]",2241,831,3072,72.94921875,random
363,onnx/CIFAR100_resnet_medium.onnx,vnnlib/resnet_medium__label_26__idx_9099_fix_nonmask_seg0_k1024_eps_0.0039.vnnlib,100,timeout False,0.0,0.1504161357879638,102.02715539932252,979,95,0,,,False,resnet_medium__label_26__idx_9099,fix_nonmask,0,1024,0.0039,CIFAR100_resnet_medium,False,0.8918240666389465,"[0, 0, 31, 31]",2697,375,3072,87.79296875,random
366,onnx/CIFAR100_resnet_medium.onnx,vnnlib/resnet_medium__label_27__idx_1968_fix_nonmask_seg0_k1024_eps_0.0039.vnnlib,100,unsat False,0.0,0.1493897438049316,9.41853141784668,921,98,1,0.0095148086547851,43.0,False,resnet_medium__label_27__idx_1968,fix_nonmask,0,1024,0.0039,CIFAR100_resnet_medium,False,0.707528293132782,"[0, 0, 31, 31]",2340,732,3072,76.171875,random
369,onnx/CIFAR100_resnet_medium.onnx,vnnlib/resnet_medium__label_27__idx_3020_fix_nonmask_seg0_k1024_eps_0.0039.vnnlib,100,timeout False,0.0,0.1577711105346679,101.61869525909424,981,97,1,0.0615288019180297,36.0,False,resnet_medium__label_27__idx_3020,fix_nonmask,0,1024,0.0039,CIFAR100_resnet_medium,False,0.5753961205482483,"[0, 0, 31, 31]",2181,891,3072,70.99609375,random
372,onnx/CIFAR100_resnet_medium.onnx,vnnlib/resnet_medium__label_29__idx_5525_fix_nonmask_seg0_k1024_eps_0.0039.vnnlib,100,sat True,,,3.478748321533203,0,0,0,,,False,resnet_medium__label_29__idx_5525,fix_nonmask,0,1024,0.0039,CIFAR100_resnet_medium,False,0.6942578554153442,"[0, 0, 31, 30]",1680,1392,3072,54.6875,random
375,onnx/CIFAR100_resnet_medium.onnx,vnnlib/resnet_medium__label_2__idx_8228_fix_nonmask_seg0_k1024_eps_0.0039.vnnlib,100,unsat True,,,6.704602003097534,0,0,0,,,False,resnet_medium__label_2__idx_8228,fix_nonmask,0,1024,0.0039,CIFAR100_resnet_medium,False,0.8416376709938049,"[0, 0, 31, 31]",2028,1044,3072,66.015625,random
378,onnx/CIFAR100_resnet_medium.onnx,vnnlib/resnet_medium__label_2__idx_8815_fix_nonmask_seg0_k1024_eps_0.0039.vnnlib,100,unsat False,0.0,0.2337431907653808,10.40181827545166,753,98,0,,,False,resnet_medium__label_2__idx_8815,fix_nonmask,0,1024,0.0039,CIFAR100_resnet_medium,False,0.8352068662643433,"[3, 0, 30, 31]",1845,1227,3072,60.05859375,random
381,onnx/CIFAR100_resnet_medium.onnx,vnnlib/resnet_medium__label_30__idx_282_fix_nonmask_seg0_k1024_eps_0.0039.vnnlib,100,timeout False,0.0,0.1703362464904785,101.23815393447876,949,98,0,,,False,resnet_medium__label_30__idx_282,fix_nonmask,0,1024,0.0039,CIFAR100_resnet_medium,False,0.4808329641819,"[0, 0, 31, 31]",3072,0,3072,100.0,random
384,onnx/CIFAR100_resnet_medium.onnx,vnnlib/resnet_medium__label_31__idx_2848_fix_nonmask_seg0_k1024_eps_0.0039.vnnlib,100,unsat False,0.0,0.1524081230163574,9.316386938095093,932,98,0,,,False,resnet_medium__label_31__idx_2848,fix_nonmask,0,1024,0.0039,CIFAR100_resnet_medium,False,0.8709005117416382,"[0, 1, 31, 31]",2508,564,3072,81.640625,random
387,onnx/CIFAR100_resnet_medium.onnx,vnnlib/resnet_medium__label_31__idx_4651_fix_nonmask_seg0_k1024_eps_0.0039.vnnlib,100,unsat True,,,3.549232244491577,0,0,0,,,False,resnet_medium__label_31__idx_4651,fix_nonmask,0,1024,0.0039,CIFAR100_resnet_medium,False,0.7613496780395508,"[0, 0, 31, 31]",1728,1344,3072,56.25,random
390,onnx/CIFAR100_resnet_medium.onnx,vnnlib/resnet_medium__label_33__idx_1208_fix_nonmask_seg0_k1024_eps_0.0039.vnnlib,100,unsat True,,,4.1043150424957275,0,0,0,,,False,resnet_medium__label_33__idx_1208,fix_nonmask,0,1024,0.0039,CIFAR100_resnet_medium,False,0.7003890872001648,"[0, 0, 31, 31]",2379,693,3072,77.44140625,random
393,onnx/CIFAR100_resnet_medium.onnx,vnnlib/resnet_medium__label_33__idx_2330_fix_nonmask_seg0_k1024_eps_0.0039.vnnlib,100,unsat True,,,5.650444984436035,0,0,0,,,False,resnet_medium__label_33__idx_2330,fix_nonmask,0,1024,0.0039,CIFAR100_resnet_medium,False,0.1519430577754974,"[3, 0, 31, 31]",1812,1260,3072,58.984375,random
396,onnx/CIFAR100_resnet_medium.onnx,vnnlib/resnet_medium__label_33__idx_3933_fix_nonmask_seg0_k1024_eps_0.0039.vnnlib,100,unsat False,0.0,0.2304520606994629,24.255406379699707,1086,98,0,,,False,resnet_medium__label_33__idx_3933,fix_nonmask,0,1024,0.0039,CIFAR100_resnet_medium,False,0.2785860896110534,"[0, 0, 31, 31]",3072,0,3072,100.0,random
399,onnx/CIFAR100_resnet_medium.onnx,vnnlib/resnet_medium__label_33__idx_5659_fix_nonmask_seg0_k1024_eps_0.0039.vnnlib,100,unsat False,0.0,0.2770047187805176,12.704710721969604,1088,98,0,,,False,resnet_medium__label_33__idx_5659,fix_nonmask,0,1024,0.0039,CIFAR100_resnet_medium,False,0.4322182834148407,"[0, 0, 31, 31]",2577,495,3072,83.88671875,random
402,onnx/CIFAR100_resnet_medium.onnx,vnnlib/resnet_medium__label_34__idx_3617_fix_nonmask_seg0_k1024_eps_0.0039.vnnlib,100,unsat True,,,6.399487495422363,0,0,0,,,False,resnet_medium__label_34__idx_3617,fix_nonmask,0,1024,0.0039,CIFAR100_resnet_medium,False,0.7529499530792236,"[0, 0, 31, 31]",2475,597,3072,80.56640625,random
405,onnx/CIFAR100_resnet_medium.onnx,vnnlib/resnet_medium__label_37__idx_6343_fix_nonmask_seg0_k1024_eps_0.0039.vnnlib,100,unsat False,0.0,0.2891614437103271,10.560147047042848,831,98,0,,,False,resnet_medium__label_37__idx_6343,fix_nonmask,0,1024,0.0039,CIFAR100_resnet_medium,False,0.7623924016952515,"[0, 0, 31, 30]",2196,876,3072,71.484375,random
408,onnx/CIFAR100_resnet_medium.onnx,vnnlib/resnet_medium__label_37__idx_7644_fix_nonmask_seg0_k1024_eps_0.0039.vnnlib,100,unsat False,0.0,0.2361795902252197,11.167560577392578,739,98,0,,,False,resnet_medium__label_37__idx_7644,fix_nonmask,0,1024,0.0039,CIFAR100_resnet_medium,False,0.519399881362915,"[0, 1, 30, 29]",2481,591,3072,80.76171875,random
411,onnx/CIFAR100_resnet_medium.onnx,vnnlib/resnet_medium__label_42__idx_2704_fix_nonmask_seg0_k1024_eps_0.0039.vnnlib,100,timeout False,0.0,0.299422025680542,101.7067551612854,1270,97,0,,,False,resnet_medium__label_42__idx_2704,fix_nonmask,0,1024,0.0039,CIFAR100_resnet_medium,False,0.7459326386451721,"[0, 0, 31, 31]",2706,366,3072,88.0859375,random
414,onnx/CIFAR100_resnet_medium.onnx,vnnlib/resnet_medium__label_42__idx_6462_fix_nonmask_seg0_k1024_eps_0.0039.vnnlib,100,unsat False,0.0,0.2426445484161377,22.181360483169556,966,93,2,0.0165095329284667,57.0,False,resnet_medium__label_42__idx_6462,fix_nonmask,0,1024,0.0039,CIFAR100_resnet_medium,False,0.7918936610221863,"[0, 0, 31, 31]",2121,951,3072,69.04296875,random
417,onnx/CIFAR100_resnet_medium.onnx,vnnlib/resnet_medium__label_43__idx_5506_fix_nonmask_seg0_k1024_eps_0.0039.vnnlib,100,unsat False,0.0,0.2303383350372314,11.734989404678345,1393,97,0,,,False,resnet_medium__label_43__idx_5506,fix_nonmask,0,1024,0.0039,CIFAR100_resnet_medium,False,0.9165578484535216,"[0, 0, 31, 31]",2955,117,3072,96.19140625,random
420,onnx/CIFAR100_resnet_medium.onnx,vnnlib/resnet_medium__label_43__idx_7494_fix_nonmask_seg0_k1024_eps_0.0039.vnnlib,100,unsat True,,,3.9175808429718018,0,0,0,,,False,resnet_medium__label_43__idx_7494,fix_nonmask,0,1024,0.0039,CIFAR100_resnet_medium,False,0.784762978553772,"[0, 0, 31, 31]",2301,771,3072,74.90234375,random
423,onnx/CIFAR100_resnet_medium.onnx,vnnlib/resnet_medium__label_43__idx_8824_fix_nonmask_seg0_k1024_eps_0.0039.vnnlib,100,unsat True,,,6.811906337738037,0,0,0,,,False,resnet_medium__label_43__idx_8824,fix_nonmask,0,1024,0.0039,CIFAR100_resnet_medium,False,0.935649037361145,"[0, 0, 31, 31]",1989,1083,3072,64.74609375,random
426,onnx/CIFAR100_resnet_medium.onnx,vnnlib/resnet_medium__label_44__idx_7654_fix_nonmask_seg0_k1024_eps_0.0039.vnnlib,100,timeout False,0.0,0.3046295642852783,104.0625512599945,1104,98,0,,,False,resnet_medium__label_44__idx_7654,fix_nonmask,0,1024,0.0039,CIFAR100_resnet_medium,False,0.9163038730621338,"[0, 0, 31, 31]",3066,6,3072,99.8046875,random
429,onnx/CIFAR100_resnet_medium.onnx,vnnlib/resnet_medium__label_45__idx_1537_fix_nonmask_seg0_k1024_eps_0.0039.vnnlib,100,timeout False,0.0,0.3650712966918945,103.16356778144836,1254,92,1,0.0333855152130126,85.0,False,resnet_medium__label_45__idx_1537,fix_nonmask,0,1024,0.0039,CIFAR100_resnet_medium,False,0.4276310503482818,"[0, 0, 30, 31]",2694,378,3072,87.6953125,random
432,onnx/CIFAR100_resnet_medium.onnx,vnnlib/resnet_medium__label_46__idx_993_fix_nonmask_seg0_k1024_eps_0.0039.vnnlib,100,unsat False,0.0,0.2360930442810058,10.041709184646606,769,98,0,,,False,resnet_medium__label_46__idx_993,fix_nonmask,0,1024,0.0039,CIFAR100_resnet_medium,False,0.917492151260376,"[0, 0, 31, 31]",2673,399,3072,87.01171875,random
435,onnx/CIFAR100_resnet_medium.onnx,vnnlib/resnet_medium__label_48__idx_8860_fix_nonmask_seg0_k1024_eps_0.0039.vnnlib,100,unsat False,0.0,0.2322633266448974,9.74981927871704,837,98,0,,,False,resnet_medium__label_48__idx_8860,fix_nonmask,0,1024,0.0039,CIFAR100_resnet_medium,False,0.8002830147743225,"[0, 0, 31, 26]",2031,1041,3072,66.11328125,random
438,onnx/CIFAR100_resnet_medium.onnx,vnnlib/resnet_medium__label_49__idx_3864_fix_nonmask_seg0_k1024_eps_0.0039.vnnlib,100,unsat False,0.0,0.1456527709960937,77.55642127990723,913,97,2,0.0208802223205566,47.0,False,resnet_medium__label_49__idx_3864,fix_nonmask,0,1024,0.0039,CIFAR100_resnet_medium,False,0.7864955067634583,"[0, 0, 30, 31]",2367,705,3072,77.05078125,random
441,onnx/CIFAR100_resnet_medium.onnx,vnnlib/resnet_medium__label_4__idx_6593_fix_nonmask_seg0_k1024_eps_0.0039.vnnlib,100,timeout False,0.0,0.2346754074096679,106.73217678070068,1234,90,0,,,False,resnet_medium__label_4__idx_6593,fix_nonmask,0,1024,0.0039,CIFAR100_resnet_medium,False,0.747227132320404,"[0, 0, 31, 31]",2832,240,3072,92.1875,random
444,onnx/CIFAR100_resnet_medium.onnx,vnnlib/resnet_medium__label_4__idx_9441_fix_nonmask_seg0_k1024_eps_0.0039.vnnlib,100,sat True,,,3.687559366226196,0,0,0,,,False,resnet_medium__label_4__idx_9441,fix_nonmask,0,1024,0.0039,CIFAR100_resnet_medium,False,0.864529550075531,"[0, 0, 31, 31]",2916,156,3072,94.921875,random
447,onnx/CIFAR100_resnet_medium.onnx,vnnlib/resnet_medium__label_50__idx_4337_fix_nonmask_seg0_k1024_eps_0.0039.vnnlib,100,unsat False,0.0,0.2313606739044189,14.73684811592102,757,97,0,,,False,resnet_medium__label_50__idx_4337,fix_nonmask,0,1024,0.0039,CIFAR100_resnet_medium,False,0.9119433164596558,"[0, 0, 30, 31]",2403,669,3072,78.22265625,random
450,onnx/CIFAR100_resnet_medium.onnx,vnnlib/resnet_medium__label_51__idx_1154_fix_nonmask_seg0_k1024_eps_0.0039.vnnlib,100,sat True,,,3.82473349571228,0,0,0,,,False,resnet_medium__label_51__idx_1154,fix_nonmask,0,1024,0.0039,CIFAR100_resnet_medium,False,0.8649606704711914,"[0, 0, 29, 31]",2091,981,3072,68.06640625,random
453,onnx/CIFAR100_resnet_medium.onnx,vnnlib/resnet_medium__label_52__idx_9095_fix_nonmask_seg0_k1024_eps_0.0039.vnnlib,100,unsat False,0.0,0.2396974563598632,11.655524492263794,731,98,0,,,False,resnet_medium__label_52__idx_9095,fix_nonmask,0,1024,0.0039,CIFAR100_resnet_medium,False,0.5859666466712952,"[0, 0, 31, 31]",2553,519,3072,83.10546875,random
456,onnx/CIFAR100_resnet_medium.onnx,vnnlib/resnet_medium__label_54__idx_9735_fix_nonmask_seg0_k1024_eps_0.0039.vnnlib,100,unsat True,,,3.16333532333374,0,0,0,,,False,resnet_medium__label_54__idx_9735,fix_nonmask,0,1024,0.0039,CIFAR100_resnet_medium,False,0.8223623037338257,"[0, 0, 31, 31]",3021,51,3072,98.33984375,random
459,onnx/CIFAR100_resnet_medium.onnx,vnnlib/resnet_medium__label_57__idx_7197_fix_nonmask_seg0_k1024_eps_0.0039.vnnlib,100,unsat False,0.0,0.2103464603424072,10.38432765007019,980,98,0,,,False,resnet_medium__label_57__idx_7197,fix_nonmask,0,1024,0.0039,CIFAR100_resnet_medium,False,0.7888512015342712,"[0, 0, 30, 31]",2826,246,3072,91.9921875,random
462,onnx/CIFAR100_resnet_medium.onnx,vnnlib/resnet_medium__label_59__idx_1660_fix_nonmask_seg0_k1024_eps_0.0039.vnnlib,100,timeout False,0.0,0.1460237503051757,104.96286845207214,1316,95,1,0.1316580772399902,84.0,False,resnet_medium__label_59__idx_1660,fix_nonmask,0,1024,0.0039,CIFAR100_resnet_medium,False,0.2583540678024292,"[0, 0, 31, 31]",2505,567,3072,81.54296875,random
465,onnx/CIFAR100_resnet_medium.onnx,vnnlib/resnet_medium__label_5__idx_4543_fix_nonmask_seg0_k1024_eps_0.0039.vnnlib,100,unsat False,0.0,0.2456386089324951,10.696866750717165,880,98,0,,,False,resnet_medium__label_5__idx_4543,fix_nonmask,0,1024,0.0039,CIFAR100_resnet_medium,False,0.7755032777786255,"[0, 0, 31, 31]",2079,993,3072,67.67578125,random
468,onnx/CIFAR100_resnet_medium.onnx,vnnlib/resnet_medium__label_5__idx_928_fix_nonmask_seg0_k1024_eps_0.0039.vnnlib,100,unsat True,,,3.611592292785645,0,0,0,,,False,resnet_medium__label_5__idx_928,fix_nonmask,0,1024,0.0039,CIFAR100_resnet_medium,False,0.6786890625953674,"[0, 1, 30, 31]",1902,1170,3072,61.9140625,random
471,onnx/CIFAR100_resnet_medium.onnx,vnnlib/resnet_medium__label_60__idx_4583_fix_nonmask_seg0_k1024_eps_0.0039.vnnlib,100,unsat False,0.0,0.2329447269439697,11.008241891860962,1225,98,0,,,False,resnet_medium__label_60__idx_4583,fix_nonmask,0,1024,0.0039,CIFAR100_resnet_medium,False,0.1938290446996688,"[0, 0, 31, 31]",3072,0,3072,100.0,random
474,onnx/CIFAR100_resnet_medium.onnx,vnnlib/resnet_medium__label_63__idx_3374_fix_nonmask_seg0_k1024_eps_0.0039.vnnlib,100,unsat True,,,3.5341906547546387,0,0,0,,,False,resnet_medium__label_63__idx_3374,fix_nonmask,0,1024,0.0039,CIFAR100_resnet_medium,False,0.8457530736923218,"[0, 0, 31, 31]",2331,741,3072,75.87890625,random
477,onnx/CIFAR100_resnet_medium.onnx,vnnlib/resnet_medium__label_66__idx_1902_fix_nonmask_seg0_k1024_eps_0.0039.vnnlib,100,unsat True,,,6.5782012939453125,0,0,0,,,False,resnet_medium__label_66__idx_1902,fix_nonmask,0,1024,0.0039,CIFAR100_resnet_medium,False,0.5686045289039612,"[0, 0, 31, 31]",2685,387,3072,87.40234375,random
480,onnx/CIFAR100_resnet_medium.onnx,vnnlib/resnet_medium__label_68__idx_1522_fix_nonmask_seg0_k1024_eps_0.0039.vnnlib,100,unsat True,,,4.4210898876190186,0,0,0,,,False,resnet_medium__label_68__idx_1522,fix_nonmask,0,1024,0.0039,CIFAR100_resnet_medium,False,0.1900757551193237,"[0, 0, 31, 31]",2862,210,3072,93.1640625,random
483,onnx/CIFAR100_resnet_medium.onnx,vnnlib/resnet_medium__label_6__idx_4129_fix_nonmask_seg0_k1024_eps_0.0039.vnnlib,100,unsat False,0.0,0.2410254478454589,12.513208627700806,1209,98,0,,,False,resnet_medium__label_6__idx_4129,fix_nonmask,0,1024,0.0039,CIFAR100_resnet_medium,False,0.8481631875038147,"[0, 0, 31, 31]",3003,69,3072,97.75390625,random
486,onnx/CIFAR100_resnet_medium.onnx,vnnlib/resnet_medium__label_6__idx_4225_fix_nonmask_seg0_k1024_eps_0.0039.vnnlib,100,unsat True,,,6.709493637084961,0,0,0,,,False,resnet_medium__label_6__idx_4225,fix_nonmask,0,1024,0.0039,CIFAR100_resnet_medium,False,0.7588542103767395,"[0, 0, 31, 31]",2763,309,3072,89.94140625,random
489,onnx/CIFAR100_resnet_medium.onnx,vnnlib/resnet_medium__label_70__idx_3285_fix_nonmask_seg0_k1024_eps_0.0039.vnnlib,100,unsat False,0.0,0.2383100986480713,20.146008491516113,961,98,0,,,False,resnet_medium__label_70__idx_3285,fix_nonmask,0,1024,0.0039,CIFAR100_resnet_medium,False,0.8102312088012695,"[0, 0, 31, 31]",2583,489,3072,84.08203125,random
492,onnx/CIFAR100_resnet_medium.onnx,vnnlib/resnet_medium__label_71__idx_752_fix_nonmask_seg0_k1024_eps_0.0039.vnnlib,100,timeout False,0.0,0.3847932815551758,103.25158190727234,716,98,0,,,False,resnet_medium__label_71__idx_752,fix_nonmask,0,1024,0.0039,CIFAR100_resnet_medium,False,0.4788504838943481,"[0, 0, 31, 31]",3072,0,3072,100.0,random
495,onnx/CIFAR100_resnet_medium.onnx,vnnlib/resnet_medium__label_72__idx_792_fix_nonmask_seg0_k1024_eps_0.0039.vnnlib,100,unsat True,,,3.5259602069854736,0,0,0,,,False,resnet_medium__label_72__idx_792,fix_nonmask,0,1024,0.0039,CIFAR100_resnet_medium,False,0.8892498016357422,"[0, 0, 29, 31]",2235,837,3072,72.75390625,random
498,onnx/CIFAR100_resnet_medium.onnx,vnnlib/resnet_medium__label_73__idx_1800_fix_nonmask_seg0_k1024_eps_0.0039.vnnlib,100,timeout False,0.0,0.1449823379516601,101.24245142936708,796,98,0,,,False,resnet_medium__label_73__idx_1800,fix_nonmask,0,1024,0.0039,CIFAR100_resnet_medium,False,0.6954794526100159,"[0, 0, 31, 31]",3048,24,3072,99.21875,random
501,onnx/CIFAR100_resnet_medium.onnx,vnnlib/resnet_medium__label_74__idx_9092_fix_nonmask_seg0_k1024_eps_0.0039.vnnlib,100,timeout False,0.0,0.145632266998291,100.52095603942873,1206,97,1,0.0105524063110351,63.0,False,resnet_medium__label_74__idx_9092,fix_nonmask,0,1024,0.0039,CIFAR100_resnet_medium,False,0.7732677459716797,"[2, 0, 31, 31]",2691,381,3072,87.59765625,random
504,onnx/CIFAR100_resnet_medium.onnx,vnnlib/resnet_medium__label_75__idx_4400_fix_nonmask_seg0_k1024_eps_0.0039.vnnlib,100,unsat False,0.0,0.1477837562561035,16.42280340194702,988,98,0,,,False,resnet_medium__label_75__idx_4400,fix_nonmask,0,1024,0.0039,CIFAR100_resnet_medium,False,0.6585809588432312,"[0, 0, 31, 31]",2589,483,3072,84.27734375,random
507,onnx/CIFAR100_resnet_medium.onnx,vnnlib/resnet_medium__label_76__idx_1471_fix_nonmask_seg0_k1024_eps_0.0039.vnnlib,100,unsat True,,,3.4244868755340576,0,0,0,,,False,resnet_medium__label_76__idx_1471,fix_nonmask,0,1024,0.0039,CIFAR100_resnet_medium,False,0.5127754807472229,"[0, 0, 31, 31]",2736,336,3072,89.0625,random
510,onnx/CIFAR100_resnet_medium.onnx,vnnlib/resnet_medium__label_79__idx_3741_fix_nonmask_seg0_k1024_eps_0.0039.vnnlib,100,timeout False,0.0,0.3505227565765381,103.97601413726808,710,98,0,,,False,resnet_medium__label_79__idx_3741,fix_nonmask,0,1024,0.0039,CIFAR100_resnet_medium,False,0.8248346447944641,"[0, 0, 29, 31]",2505,567,3072,81.54296875,random
513,onnx/CIFAR100_resnet_medium.onnx,vnnlib/resnet_medium__label_79__idx_5430_fix_nonmask_seg0_k1024_eps_0.0039.vnnlib,100,unsat False,0.0,0.2330937385559082,34.44753861427307,1034,98,0,,,False,resnet_medium__label_79__idx_5430,fix_nonmask,0,1024,0.0039,CIFAR100_resnet_medium,False,0.728898286819458,"[0, 0, 31, 31]",2658,414,3072,86.5234375,random
516,onnx/CIFAR100_resnet_medium.onnx,vnnlib/resnet_medium__label_7__idx_1605_fix_nonmask_seg0_k1024_eps_0.0039.vnnlib,100,unsat False,0.0,0.1490800380706787,14.680126667022703,1198,98,0,,,False,resnet_medium__label_7__idx_1605,fix_nonmask,0,1024,0.0039,CIFAR100_resnet_medium,False,0.5656797289848328,"[0, 0, 31, 31]",2892,180,3072,94.140625,random
519,onnx/CIFAR100_resnet_medium.onnx,vnnlib/resnet_medium__label_80__idx_1690_fix_nonmask_seg0_k1024_eps_0.0039.vnnlib,100,timeout False,0.0,0.2470772266387939,102.20281505584715,1459,92,6,0.0190315246582031,52.0,False,resnet_medium__label_80__idx_1690,fix_nonmask,0,1024,0.0039,CIFAR100_resnet_medium,False,0.7390758395195007,"[0, 0, 31, 31]",3012,60,3072,98.046875,random
522,onnx/CIFAR100_resnet_medium.onnx,vnnlib/resnet_medium__label_80__idx_3620_fix_nonmask_seg0_k1024_eps_0.0039.vnnlib,100,unsat False,0.0,0.3280682563781738,26.70107054710388,950,98,0,,,False,resnet_medium__label_80__idx_3620,fix_nonmask,0,1024,0.0039,CIFAR100_resnet_medium,False,0.7725546956062317,"[0, 0, 31, 31]",2487,585,3072,80.95703125,random
525,onnx/CIFAR100_resnet_medium.onnx,vnnlib/resnet_medium__label_80__idx_9109_fix_nonmask_seg0_k1024_eps_0.0039.vnnlib,100,unsat False,0.0,0.2364084720611572,37.25961637496948,1176,96,0,,,False,resnet_medium__label_80__idx_9109,fix_nonmask,0,1024,0.0039,CIFAR100_resnet_medium,False,0.8558417558670044,"[0, 0, 30, 31]",2220,852,3072,72.265625,random
528,onnx/CIFAR100_resnet_medium.onnx,vnnlib/resnet_medium__label_81__idx_6695_fix_nonmask_seg0_k1024_eps_0.0039.vnnlib,100,unsat False,0.0,0.2334415912628173,12.36189889907837,686,97,0,,,False,resnet_medium__label_81__idx_6695,fix_nonmask,0,1024,0.0039,CIFAR100_resnet_medium,False,0.5336464047431946,"[0, 0, 31, 31]",2439,633,3072,79.39453125,random
531,onnx/CIFAR100_resnet_medium.onnx,vnnlib/resnet_medium__label_83__idx_5815_fix_nonmask_seg0_k1024_eps_0.0039.vnnlib,100,unsat False,0.0,0.1487183570861816,9.754871606826782,663,98,0,,,False,resnet_medium__label_83__idx_5815,fix_nonmask,0,1024,0.0039,CIFAR100_resnet_medium,False,0.5346611738204956,"[0, 0, 30, 31]",2055,1017,3072,66.89453125,random
534,onnx/CIFAR100_resnet_medium.onnx,vnnlib/resnet_medium__label_84__idx_8846_fix_nonmask_seg0_k1024_eps_0.0039.vnnlib,100,unsat False,0.0,0.368030309677124,12.090935945510864,872,98,0,,,False,resnet_medium__label_84__idx_8846,fix_nonmask,0,1024,0.0039,CIFAR100_resnet_medium,False,0.7350082397460938,"[0, 0, 31, 31]",2676,396,3072,87.109375,random
537,onnx/CIFAR100_resnet_medium.onnx,vnnlib/resnet_medium__label_85__idx_2810_fix_nonmask_seg0_k1024_eps_0.0039.vnnlib,100,unsat True,,,3.417288303375244,0,0,0,,,False,resnet_medium__label_85__idx_2810,fix_nonmask,0,1024,0.0039,CIFAR100_resnet_medium,False,0.5551404356956482,"[0, 0, 31, 31]",2208,864,3072,71.875,random
540,onnx/CIFAR100_resnet_medium.onnx,vnnlib/resnet_medium__label_85__idx_9936_fix_nonmask_seg0_k1024_eps_0.0039.vnnlib,100,unsat False,0.0,0.2522702217102051,10.587302207946776,1067,98,1,0.0157737731933593,25.0,False,resnet_medium__label_85__idx_9936,fix_nonmask,0,1024,0.0039,CIFAR100_resnet_medium,False,0.5917251110076904,"[0, 0, 31, 31]",2490,582,3072,81.0546875,random
543,onnx/CIFAR100_resnet_medium.onnx,vnnlib/resnet_medium__label_88__idx_4719_fix_nonmask_seg0_k1024_eps_0.0039.vnnlib,100,sat True,,,4.352196216583252,0,0,0,,,False,resnet_medium__label_88__idx_4719,fix_nonmask,0,1024,0.0039,CIFAR100_resnet_medium,False,0.8555044531822205,"[0, 0, 31, 31]",2916,156,3072,94.921875,random
546,onnx/CIFAR100_resnet_medium.onnx,vnnlib/resnet_medium__label_88__idx_533_fix_nonmask_seg0_k1024_eps_0.0039.vnnlib,100,timeout False,0.0,0.2414121627807617,103.8629641532898,1024,96,2,0.0727829933166503,20.0,False,resnet_medium__label_88__idx_533,fix_nonmask,0,1024,0.0039,CIFAR100_resnet_medium,False,0.8875135779380798,"[0, 0, 31, 31]",2250,822,3072,73.2421875,random
549,onnx/CIFAR100_resnet_medium.onnx,vnnlib/resnet_medium__label_88__idx_6654_fix_nonmask_seg0_k1024_eps_0.0039.vnnlib,100,unsat True,,,3.0360474586486816,0,0,0,,,False,resnet_medium__label_88__idx_6654,fix_nonmask,0,1024,0.0039,CIFAR100_resnet_medium,False,0.8095890283584595,"[0, 0, 31, 31]",2346,726,3072,76.3671875,random
552,onnx/CIFAR100_resnet_medium.onnx,vnnlib/resnet_medium__label_89__idx_3301_fix_nonmask_seg0_k1024_eps_0.0039.vnnlib,100,unsat True,,,6.817682504653931,0,0,0,,,False,resnet_medium__label_89__idx_3301,fix_nonmask,0,1024,0.0039,CIFAR100_resnet_medium,False,0.6719500422477722,"[0, 0, 31, 31]",2334,738,3072,75.9765625,random
555,onnx/CIFAR100_resnet_medium.onnx,vnnlib/resnet_medium__label_89__idx_7265_fix_nonmask_seg0_k1024_eps_0.0039.vnnlib,100,unsat False,0.0,0.2315337657928466,10.91398310661316,1197,98,0,,,False,resnet_medium__label_89__idx_7265,fix_nonmask,0,1024,0.0039,CIFAR100_resnet_medium,False,0.5140171051025391,"[0, 0, 31, 31]",2517,555,3072,81.93359375,random
558,onnx/CIFAR100_resnet_medium.onnx,vnnlib/resnet_medium__label_8__idx_1540_fix_nonmask_seg0_k1024_eps_0.0039.vnnlib,100,unsat True,,,3.4764511585235596,0,0,0,,,False,resnet_medium__label_8__idx_1540,fix_nonmask,0,1024,0.0039,CIFAR100_resnet_medium,False,0.814197301864624,"[0, 0, 31, 31]",1809,1263,3072,58.88671875,random
561,onnx/CIFAR100_resnet_medium.onnx,vnnlib/resnet_medium__label_90__idx_2721_fix_nonmask_seg0_k1024_eps_0.0039.vnnlib,100,unsat True,,,3.559784173965454,0,0,0,,,False,resnet_medium__label_90__idx_2721,fix_nonmask,0,1024,0.0039,CIFAR100_resnet_medium,False,0.7579388618469238,"[0, 0, 31, 31]",2496,576,3072,81.25,random
564,onnx/CIFAR100_resnet_medium.onnx,vnnlib/resnet_medium__label_91__idx_200_fix_nonmask_seg0_k1024_eps_0.0039.vnnlib,100,sat True,,,4.1465301513671875,0,0,0,,,False,resnet_medium__label_91__idx_200,fix_nonmask,0,1024,0.0039,CIFAR100_resnet_medium,False,0.8095718622207642,"[0, 0, 31, 31]",2691,381,3072,87.59765625,random
567,onnx/CIFAR100_resnet_medium.onnx,vnnlib/resnet_medium__label_92__idx_1041_fix_nonmask_seg0_k1024_eps_0.0039.vnnlib,100,unsat False,0.0,0.2383170127868652,14.5760395526886,818,98,0,,,False,resnet_medium__label_92__idx_1041,fix_nonmask,0,1024,0.0039,CIFAR100_resnet_medium,False,0.566465437412262,"[0, 1, 31, 31]",2178,894,3072,70.8984375,random
570,onnx/CIFAR100_resnet_medium.onnx,vnnlib/resnet_medium__label_92__idx_6225_fix_nonmask_seg0_k1024_eps_0.0039.vnnlib,100,unsat True,,,4.2271153926849365,0,0,0,,,False,resnet_medium__label_92__idx_6225,fix_nonmask,0,1024,0.0039,CIFAR100_resnet_medium,False,0.4199052155017853,"[0, 0, 31, 31]",1512,1560,3072,49.21875,random
573,onnx/CIFAR100_resnet_medium.onnx,vnnlib/resnet_medium__label_92__idx_7841_fix_nonmask_seg0_k1024_eps_0.0039.vnnlib,100,unsat True,,,3.9218034744262695,0,0,0,,,False,resnet_medium__label_92__idx_7841,fix_nonmask,0,1024,0.0039,CIFAR100_resnet_medium,False,0.6613798141479492,"[0, 0, 29, 31]",1839,1233,3072,59.86328125,random
576,onnx/CIFAR100_resnet_medium.onnx,vnnlib/resnet_medium__label_93__idx_6196_fix_nonmask_seg0_k1024_eps_0.0039.vnnlib,100,unsat False,0.0,0.2363917827606201,13.239323616027832,1010,97,0,,,False,resnet_medium__label_93__idx_6196,fix_nonmask,0,1024,0.0039,CIFAR100_resnet_medium,False,0.8155840039253235,"[0, 0, 30, 31]",2382,690,3072,77.5390625,random
579,onnx/CIFAR100_resnet_medium.onnx,vnnlib/resnet_medium__label_96__idx_3701_fix_nonmask_seg0_k1024_eps_0.0039.vnnlib,100,unsat True,,,7.912274599075317,0,0,0,,,False,resnet_medium__label_96__idx_3701,fix_nonmask,0,1024,0.0039,CIFAR100_resnet_medium,False,0.8700963854789734,"[0, 0, 30, 31]",2781,291,3072,90.52734375,random
582,onnx/CIFAR100_resnet_medium.onnx,vnnlib/resnet_medium__label_96__idx_5577_fix_nonmask_seg0_k1024_eps_0.0039.vnnlib,100,sat True,,,5.225527048110962,0,0,0,,,False,resnet_medium__label_96__idx_5577,fix_nonmask,0,1024,0.0039,CIFAR100_resnet_medium,False,0.341586023569107,"[0, 0, 31, 30]",2661,411,3072,86.62109375,random
585,onnx/CIFAR100_resnet_medium.onnx,vnnlib/resnet_medium__label_96__idx_9183_fix_nonmask_seg0_k1024_eps_0.0039.vnnlib,100,timeout False,0.0,0.3719441890716553,103.63004803657532,1207,98,0,,,False,resnet_medium__label_96__idx_9183,fix_nonmask,0,1024,0.0039,CIFAR100_resnet_medium,False,0.5355385541915894,"[0, 0, 31, 31]",2403,669,3072,78.22265625,random
588,onnx/CIFAR100_resnet_medium.onnx,vnnlib/resnet_medium__label_98__idx_40_fix_nonmask_seg0_k1024_eps_0.0039.vnnlib,100,unsat False,0.0,0.2561216354370117,12.03649377822876,707,98,0,,,False,resnet_medium__label_98__idx_40,fix_nonmask,0,1024,0.0039,CIFAR100_resnet_medium,False,0.7707391977310181,"[0, 0, 31, 31]",3009,63,3072,97.94921875,random
591,onnx/CIFAR100_resnet_medium.onnx,vnnlib/resnet_medium__label_99__idx_3584_fix_nonmask_seg0_k1024_eps_0.0039.vnnlib,100,timeout False,0.0,0.2354331016540527,102.19342875480652,480,98,0,,,False,resnet_medium__label_99__idx_3584,fix_nonmask,0,1024,0.0039,CIFAR100_resnet_medium,False,0.8602817058563232,"[0, 0, 31, 31]",3072,0,3072,100.0,random
594,onnx/CIFAR100_resnet_medium.onnx,vnnlib/resnet_medium__label_9__idx_4461_fix_nonmask_seg0_k1024_eps_0.0039.vnnlib,100,unsat True,,,6.831267833709717,0,0,0,,,False,resnet_medium__label_9__idx_4461,fix_nonmask,0,1024,0.0039,CIFAR100_resnet_medium,False,0.8504717946052551,"[0, 0, 30, 31]",2412,660,3072,78.515625,random
597,onnx/CIFAR100_resnet_medium.onnx,vnnlib/resnet_medium__label_9__idx_6416_fix_nonmask_seg0_k1024_eps_0.0039.vnnlib,100,unsat False,0.0,0.2273430824279785,27.830090045928955,1238,95,2,0.0265426635742187,54.0,False,resnet_medium__label_9__idx_6416,fix_nonmask,0,1024,0.0039,CIFAR100_resnet_medium,False,0.4968553185462951,"[0, 0, 30, 31]",2823,249,3072,91.89453125,random
600,onnx/CIFAR100_resnet_medium.onnx,vnnlib/resnet_medium__label_9__idx_7593_fix_nonmask_seg0_k1024_eps_0.0039.vnnlib,100,unsat False,0.0,0.1478712558746338,11.385464906692505,911,98,0,,,False,resnet_medium__label_9__idx_7593,fix_nonmask,0,1024,0.0039,CIFAR100_resnet_medium,False,0.8502891063690186,"[0, 0, 31, 31]",3030,42,3072,98.6328125,random
