cifar100_2024,vnncomp2025_benchmarks/benchmarks/cifar100_2024/onnx/CIFAR100_resnet_medium.onnx,vnncomp2025_benchmarks/benchmarks/cifar100_2024/vnnlib/CIFAR100_resnet_medium_prop_idx_7641_sidx_1041_eps_0.0039.vnnlib,25.428187984,unsat False,14.5760395526886
cifar100_2024,vnncomp2025_benchmarks/benchmarks/cifar100_2024/onnx/CIFAR100_resnet_medium.onnx,vnncomp2025_benchmarks/benchmarks/cifar100_2024/vnnlib/CIFAR100_resnet_medium_prop_idx_2132_sidx_6868_eps_0.0039.vnnlib,22.037548295,unsat False,11.66112995147705
cifar100_2024,vnncomp2025_benchmarks/benchmarks/cifar100_2024/onnx/CIFAR100_resnet_medium.onnx,vnncomp2025_benchmarks/benchmarks/cifar100_2024/vnnlib/CIFAR100_resnet_medium_prop_idx_6232_sidx_3020_eps_0.0039.vnnlib,22.075314993,timeout False,101.61869525909424
cifar100_2024,vnncomp2025_benchmarks/benchmarks/cifar100_2024/onnx/CIFAR100_resnet_medium.onnx,vnncomp2025_benchmarks/benchmarks/cifar100_2024/vnnlib/CIFAR100_resnet_medium_prop_idx_9694_sidx_2810_eps_0.0039.vnnlib,21.961382115,unsat True,3.417288303375244
cifar100_2024,vnncomp2025_benchmarks/benchmarks/cifar100_2024/onnx/CIFAR100_resnet_medium.onnx,vnncomp2025_benchmarks/benchmarks/cifar100_2024/vnnlib/CIFAR100_resnet_medium_prop_idx_4760_sidx_4651_eps_0.0039.vnnlib,21.882089561,unsat True,3.549232244491577
cifar100_2024,vnncomp2025_benchmarks/benchmarks/cifar100_2024/onnx/CIFAR100_resnet_medium.onnx,vnncomp2025_benchmarks/benchmarks/cifar100_2024/vnnlib/CIFAR100_resnet_medium_prop_idx_6135_sidx_4586_eps_0.0039.vnnlib,22.030303408,unsat False,41.77868032455444
cifar100_2024,vnncomp2025_benchmarks/benchmarks/cifar100_2024/onnx/CIFAR100_resnet_medium.onnx,vnncomp2025_benchmarks/benchmarks/cifar100_2024/vnnlib/CIFAR100_resnet_medium_prop_idx_4921_sidx_3617_eps_0.0039.vnnlib,22.054306209,unsat True,6.399487495422363
cifar100_2024,vnncomp2025_benchmarks/benchmarks/cifar100_2024/onnx/CIFAR100_resnet_medium.onnx,vnncomp2025_benchmarks/benchmarks/cifar100_2024/vnnlib/CIFAR100_resnet_medium_prop_idx_5242_sidx_1208_eps_0.0039.vnnlib,21.980612956,unsat True,4.1043150424957275
cifar100_2024,vnncomp2025_benchmarks/benchmarks/cifar100_2024/onnx/CIFAR100_resnet_medium.onnx,vnncomp2025_benchmarks/benchmarks/cifar100_2024/vnnlib/CIFAR100_resnet_medium_prop_idx_2176_sidx_3285_eps_0.0039.vnnlib,21.877396985,unsat False,20.146008491516113
cifar100_2024,vnncomp2025_benchmarks/benchmarks/cifar100_2024/onnx/CIFAR100_resnet_medium.onnx,vnncomp2025_benchmarks/benchmarks/cifar100_2024/vnnlib/CIFAR100_resnet_medium_prop_idx_8762_sidx_3374_eps_0.0039.vnnlib,22.023608829,unsat True,3.5341906547546387
cifar100_2024,vnncomp2025_benchmarks/benchmarks/cifar100_2024/onnx/CIFAR100_resnet_medium.onnx,vnncomp2025_benchmarks/benchmarks/cifar100_2024/vnnlib/CIFAR100_resnet_medium_prop_idx_7704_sidx_3701_eps_0.0039.vnnlib,21.878120192,unsat True,7.912274599075317
cifar100_2024,vnncomp2025_benchmarks/benchmarks/cifar100_2024/onnx/CIFAR100_resnet_medium.onnx,vnncomp2025_benchmarks/benchmarks/cifar100_2024/vnnlib/CIFAR100_resnet_medium_prop_idx_4752_sidx_1800_eps_0.0039.vnnlib,21.86366724,timeout False,101.24245142936708
cifar100_2024,vnncomp2025_benchmarks/benchmarks/cifar100_2024/onnx/CIFAR100_resnet_medium.onnx,vnncomp2025_benchmarks/benchmarks/cifar100_2024/vnnlib/CIFAR100_resnet_medium_prop_idx_6415_sidx_4543_eps_0.0039.vnnlib,21.982246883,unsat False,10.696866750717165
cifar100_2024,vnncomp2025_benchmarks/benchmarks/cifar100_2024/onnx/CIFAR100_resnet_medium.onnx,vnncomp2025_benchmarks/benchmarks/cifar100_2024/vnnlib/CIFAR100_resnet_medium_prop_idx_2477_sidx_388_eps_0.0039.vnnlib,21.963429313,unsat True,6.482198715209961
cifar100_2024,vnncomp2025_benchmarks/benchmarks/cifar100_2024/onnx/CIFAR100_resnet_medium.onnx,vnncomp2025_benchmarks/benchmarks/cifar100_2024/vnnlib/CIFAR100_resnet_medium_prop_idx_6553_sidx_7265_eps_0.0039.vnnlib,21.998330116,unsat False,10.91398310661316
cifar100_2024,vnncomp2025_benchmarks/benchmarks/cifar100_2024/onnx/CIFAR100_resnet_medium.onnx,vnncomp2025_benchmarks/benchmarks/cifar100_2024/vnnlib/CIFAR100_resnet_medium_prop_idx_8600_sidx_2721_eps_0.0039.vnnlib,22.046674577,unsat True,3.559784173965454
cifar100_2024,vnncomp2025_benchmarks/benchmarks/cifar100_2024/onnx/CIFAR100_resnet_medium.onnx,vnncomp2025_benchmarks/benchmarks/cifar100_2024/vnnlib/CIFAR100_resnet_medium_prop_idx_7258_sidx_3539_eps_0.0039.vnnlib,21.853851162,unsat False,10.54604458808899
cifar100_2024,vnncomp2025_benchmarks/benchmarks/cifar100_2024/onnx/CIFAR100_resnet_medium.onnx,vnncomp2025_benchmarks/benchmarks/cifar100_2024/vnnlib/CIFAR100_resnet_medium_prop_idx_6659_sidx_4583_eps_0.0039.vnnlib,21.916296002,unsat False,11.008241891860962
cifar100_2024,vnncomp2025_benchmarks/benchmarks/cifar100_2024/onnx/CIFAR100_resnet_medium.onnx,vnncomp2025_benchmarks/benchmarks/cifar100_2024/vnnlib/CIFAR100_resnet_medium_prop_idx_885_sidx_7654_eps_0.0039.vnnlib,21.953295636,timeout False,104.0625512599945
cifar100_2024,vnncomp2025_benchmarks/benchmarks/cifar100_2024/onnx/CIFAR100_resnet_medium.onnx,vnncomp2025_benchmarks/benchmarks/cifar100_2024/vnnlib/CIFAR100_resnet_medium_prop_idx_3006_sidx_928_eps_0.0039.vnnlib,21.973255171,unsat True,3.611592292785645
cifar100_2024,vnncomp2025_benchmarks/benchmarks/cifar100_2024/onnx/CIFAR100_resnet_medium.onnx,vnncomp2025_benchmarks/benchmarks/cifar100_2024/vnnlib/CIFAR100_resnet_medium_prop_idx_1588_sidx_6654_eps_0.0039.vnnlib,22.053402347,unsat True,3.0360474586486816
cifar100_2024,vnncomp2025_benchmarks/benchmarks/cifar100_2024/onnx/CIFAR100_resnet_medium.onnx,vnncomp2025_benchmarks/benchmarks/cifar100_2024/vnnlib/CIFAR100_resnet_medium_prop_idx_8594_sidx_5815_eps_0.0039.vnnlib,21.834660595,unsat False,9.754871606826782
cifar100_2024,vnncomp2025_benchmarks/benchmarks/cifar100_2024/onnx/CIFAR100_resnet_medium.onnx,vnncomp2025_benchmarks/benchmarks/cifar100_2024/vnnlib/CIFAR100_resnet_medium_prop_idx_9658_sidx_1660_eps_0.0039.vnnlib,22.014013866,timeout False,104.96286845207214
cifar100_2024,vnncomp2025_benchmarks/benchmarks/cifar100_2024/onnx/CIFAR100_resnet_medium.onnx,vnncomp2025_benchmarks/benchmarks/cifar100_2024/vnnlib/CIFAR100_resnet_medium_prop_idx_8505_sidx_1690_eps_0.0039.vnnlib,21.952126468,timeout False,102.20281505584715
cifar100_2024,vnncomp2025_benchmarks/benchmarks/cifar100_2024/onnx/CIFAR100_resnet_medium.onnx,vnncomp2025_benchmarks/benchmarks/cifar100_2024/vnnlib/CIFAR100_resnet_medium_prop_idx_8945_sidx_3584_eps_0.0039.vnnlib,22.07047476,timeout False,102.19342875480652
cifar100_2024,vnncomp2025_benchmarks/benchmarks/cifar100_2024/onnx/CIFAR100_resnet_medium.onnx,vnncomp2025_benchmarks/benchmarks/cifar100_2024/vnnlib/CIFAR100_resnet_medium_prop_idx_6585_sidx_533_eps_0.0039.vnnlib,21.987679277,timeout False,103.8629641532898
cifar100_2024,vnncomp2025_benchmarks/benchmarks/cifar100_2024/onnx/CIFAR100_resnet_medium.onnx,vnncomp2025_benchmarks/benchmarks/cifar100_2024/vnnlib/CIFAR100_resnet_medium_prop_idx_6573_sidx_5525_eps_0.0039.vnnlib,22.134174979,sat True,3.478748321533203
cifar100_2024,vnncomp2025_benchmarks/benchmarks/cifar100_2024/onnx/CIFAR100_resnet_medium.onnx,vnncomp2025_benchmarks/benchmarks/cifar100_2024/vnnlib/CIFAR100_resnet_medium_prop_idx_8619_sidx_4461_eps_0.0039.vnnlib,21.953713754,unsat True,6.831267833709717
cifar100_2024,vnncomp2025_benchmarks/benchmarks/cifar100_2024/onnx/CIFAR100_resnet_medium.onnx,vnncomp2025_benchmarks/benchmarks/cifar100_2024/vnnlib/CIFAR100_resnet_medium_prop_idx_54_sidx_9735_eps_0.0039.vnnlib,21.924726786,unsat True,3.16333532333374
cifar100_2024,vnncomp2025_benchmarks/benchmarks/cifar100_2024/onnx/CIFAR100_resnet_medium.onnx,vnncomp2025_benchmarks/benchmarks/cifar100_2024/vnnlib/CIFAR100_resnet_medium_prop_idx_4429_sidx_1471_eps_0.0039.vnnlib,21.928385505,unsat True,3.4244868755340576
cifar100_2024,vnncomp2025_benchmarks/benchmarks/cifar100_2024/onnx/CIFAR100_resnet_medium.onnx,vnncomp2025_benchmarks/benchmarks/cifar100_2024/vnnlib/CIFAR100_resnet_medium_prop_idx_1190_sidx_8846_eps_0.0039.vnnlib,21.903404988,unsat False,12.090935945510864
cifar100_2024,vnncomp2025_benchmarks/benchmarks/cifar100_2024/onnx/CIFAR100_resnet_medium.onnx,vnncomp2025_benchmarks/benchmarks/cifar100_2024/vnnlib/CIFAR100_resnet_medium_prop_idx_7569_sidx_2906_eps_0.0039.vnnlib,22.030737267,unsat False,37.06217551231384
cifar100_2024,vnncomp2025_benchmarks/benchmarks/cifar100_2024/onnx/CIFAR100_resnet_medium.onnx,vnncomp2025_benchmarks/benchmarks/cifar100_2024/vnnlib/CIFAR100_resnet_medium_prop_idx_9897_sidx_9124_eps_0.0039.vnnlib,21.986231605,timeout False,104.57114934921265
cifar100_2024,vnncomp2025_benchmarks/benchmarks/cifar100_2024/onnx/CIFAR100_resnet_medium.onnx,vnncomp2025_benchmarks/benchmarks/cifar100_2024/vnnlib/CIFAR100_resnet_medium_prop_idx_5831_sidx_5506_eps_0.0039.vnnlib,21.945080752,unsat False,11.734989404678345
cifar100_2024,vnncomp2025_benchmarks/benchmarks/cifar100_2024/onnx/CIFAR100_resnet_medium.onnx,vnncomp2025_benchmarks/benchmarks/cifar100_2024/vnnlib/CIFAR100_resnet_medium_prop_idx_4169_sidx_9758_eps_0.0039.vnnlib,21.876205414,unsat False,9.41356110572815
cifar100_2024,vnncomp2025_benchmarks/benchmarks/cifar100_2024/onnx/CIFAR100_resnet_medium.onnx,vnncomp2025_benchmarks/benchmarks/cifar100_2024/vnnlib/CIFAR100_resnet_medium_prop_idx_8196_sidx_3864_eps_0.0039.vnnlib,21.939242075,unsat False,77.55642127990723
cifar100_2024,vnncomp2025_benchmarks/benchmarks/cifar100_2024/onnx/CIFAR100_resnet_medium.onnx,vnncomp2025_benchmarks/benchmarks/cifar100_2024/vnnlib/CIFAR100_resnet_medium_prop_idx_6583_sidx_8860_eps_0.0039.vnnlib,21.995139601,unsat False,9.74981927871704
cifar100_2024,vnncomp2025_benchmarks/benchmarks/cifar100_2024/onnx/CIFAR100_resnet_medium.onnx,vnncomp2025_benchmarks/benchmarks/cifar100_2024/vnnlib/CIFAR100_resnet_medium_prop_idx_8523_sidx_9936_eps_0.0039.vnnlib,22.017166784,unsat False,10.587302207946776
cifar100_2024,vnncomp2025_benchmarks/benchmarks/cifar100_2024/onnx/CIFAR100_resnet_medium.onnx,vnncomp2025_benchmarks/benchmarks/cifar100_2024/vnnlib/CIFAR100_resnet_medium_prop_idx_3418_sidx_4225_eps_0.0039.vnnlib,22.016620517,unsat True,6.709493637084961
cifar100_2024,vnncomp2025_benchmarks/benchmarks/cifar100_2024/onnx/CIFAR100_resnet_medium.onnx,vnncomp2025_benchmarks/benchmarks/cifar100_2024/vnnlib/CIFAR100_resnet_medium_prop_idx_7431_sidx_7329_eps_0.0039.vnnlib,21.878701584,sat True,2.8881607055664062
cifar100_2024,vnncomp2025_benchmarks/benchmarks/cifar100_2024/onnx/CIFAR100_resnet_medium.onnx,vnncomp2025_benchmarks/benchmarks/cifar100_2024/vnnlib/CIFAR100_resnet_medium_prop_idx_6010_sidx_5369_eps_0.0039.vnnlib,21.948025287,timeout False,103.75054931640624
cifar100_2024,vnncomp2025_benchmarks/benchmarks/cifar100_2024/onnx/CIFAR100_resnet_medium.onnx,vnncomp2025_benchmarks/benchmarks/cifar100_2024/vnnlib/CIFAR100_resnet_medium_prop_idx_5127_sidx_993_eps_0.0039.vnnlib,21.964809393,unsat False,10.041709184646606
cifar100_2024,vnncomp2025_benchmarks/benchmarks/cifar100_2024/onnx/CIFAR100_resnet_medium.onnx,vnncomp2025_benchmarks/benchmarks/cifar100_2024/vnnlib/CIFAR100_resnet_medium_prop_idx_6263_sidx_7644_eps_0.0039.vnnlib,22.082718673,unsat False,11.167560577392578
cifar100_2024,vnncomp2025_benchmarks/benchmarks/cifar100_2024/onnx/CIFAR100_resnet_medium.onnx,vnncomp2025_benchmarks/benchmarks/cifar100_2024/vnnlib/CIFAR100_resnet_medium_prop_idx_5001_sidx_1154_eps_0.0039.vnnlib,21.983841569,sat True,3.82473349571228
cifar100_2024,vnncomp2025_benchmarks/benchmarks/cifar100_2024/onnx/CIFAR100_resnet_medium.onnx,vnncomp2025_benchmarks/benchmarks/cifar100_2024/vnnlib/CIFAR100_resnet_medium_prop_idx_4597_sidx_282_eps_0.0039.vnnlib,21.937185164,timeout False,101.23815393447876
cifar100_2024,vnncomp2025_benchmarks/benchmarks/cifar100_2024/onnx/CIFAR100_resnet_medium.onnx,vnncomp2025_benchmarks/benchmarks/cifar100_2024/vnnlib/CIFAR100_resnet_medium_prop_idx_3184_sidx_9092_eps_0.0039.vnnlib,21.97745456,timeout False,100.52095603942873
cifar100_2024,vnncomp2025_benchmarks/benchmarks/cifar100_2024/onnx/CIFAR100_resnet_medium.onnx,vnncomp2025_benchmarks/benchmarks/cifar100_2024/vnnlib/CIFAR100_resnet_medium_prop_idx_3343_sidx_1406_eps_0.0039.vnnlib,21.904296681,unsat False,12.35390019416809
cifar100_2024,vnncomp2025_benchmarks/benchmarks/cifar100_2024/onnx/CIFAR100_resnet_medium.onnx,vnncomp2025_benchmarks/benchmarks/cifar100_2024/vnnlib/CIFAR100_resnet_medium_prop_idx_8330_sidx_7593_eps_0.0039.vnnlib,21.912360158,unsat False,11.385464906692505
cifar100_2024,vnncomp2025_benchmarks/benchmarks/cifar100_2024/onnx/CIFAR100_resnet_medium.onnx,vnncomp2025_benchmarks/benchmarks/cifar100_2024/vnnlib/CIFAR100_resnet_medium_prop_idx_5634_sidx_9441_eps_0.0039.vnnlib,22.110485248,sat True,3.687559366226196
cifar100_2024,vnncomp2025_benchmarks/benchmarks/cifar100_2024/onnx/CIFAR100_resnet_medium.onnx,vnncomp2025_benchmarks/benchmarks/cifar100_2024/vnnlib/CIFAR100_resnet_medium_prop_idx_7478_sidx_6593_eps_0.0039.vnnlib,21.900658096,timeout False,106.73217678070068
cifar100_2024,vnncomp2025_benchmarks/benchmarks/cifar100_2024/onnx/CIFAR100_resnet_medium.onnx,vnncomp2025_benchmarks/benchmarks/cifar100_2024/vnnlib/CIFAR100_resnet_medium_prop_idx_913_sidx_2404_eps_0.0039.vnnlib,22.005170286,unsat True,3.19291090965271
cifar100_2024,vnncomp2025_benchmarks/benchmarks/cifar100_2024/onnx/CIFAR100_resnet_medium.onnx,vnncomp2025_benchmarks/benchmarks/cifar100_2024/vnnlib/CIFAR100_resnet_medium_prop_idx_1761_sidx_3933_eps_0.0039.vnnlib,21.902145457,unsat False,24.255406379699707
cifar100_2024,vnncomp2025_benchmarks/benchmarks/cifar100_2024/onnx/CIFAR100_resnet_medium.onnx,vnncomp2025_benchmarks/benchmarks/cifar100_2024/vnnlib/CIFAR100_resnet_medium_prop_idx_1798_sidx_1061_eps_0.0039.vnnlib,22.107054325,unsat False,10.46340012550354
cifar100_2024,vnncomp2025_benchmarks/benchmarks/cifar100_2024/onnx/CIFAR100_resnet_medium.onnx,vnncomp2025_benchmarks/benchmarks/cifar100_2024/vnnlib/CIFAR100_resnet_medium_prop_idx_8450_sidx_9332_eps_0.0039.vnnlib,21.977212409,unsat True,3.8579041957855225
cifar100_2024,vnncomp2025_benchmarks/benchmarks/cifar100_2024/onnx/CIFAR100_resnet_medium.onnx,vnncomp2025_benchmarks/benchmarks/cifar100_2024/vnnlib/CIFAR100_resnet_medium_prop_idx_1592_sidx_3741_eps_0.0039.vnnlib,21.895663104,timeout False,103.97601413726808
cifar100_2024,vnncomp2025_benchmarks/benchmarks/cifar100_2024/onnx/CIFAR100_resnet_medium.onnx,vnncomp2025_benchmarks/benchmarks/cifar100_2024/vnnlib/CIFAR100_resnet_medium_prop_idx_230_sidx_1968_eps_0.0039.vnnlib,21.914771193,unsat False,9.41853141784668
cifar100_2024,vnncomp2025_benchmarks/benchmarks/cifar100_2024/onnx/CIFAR100_resnet_medium.onnx,vnncomp2025_benchmarks/benchmarks/cifar100_2024/vnnlib/CIFAR100_resnet_medium_prop_idx_5791_sidx_5659_eps_0.0039.vnnlib,21.984591649,unsat False,12.704710721969604
cifar100_2024,vnncomp2025_benchmarks/benchmarks/cifar100_2024/onnx/CIFAR100_resnet_medium.onnx,vnncomp2025_benchmarks/benchmarks/cifar100_2024/vnnlib/CIFAR100_resnet_medium_prop_idx_4475_sidx_752_eps_0.0039.vnnlib,22.001598725,timeout False,103.25158190727234
cifar100_2024,vnncomp2025_benchmarks/benchmarks/cifar100_2024/onnx/CIFAR100_resnet_medium.onnx,vnncomp2025_benchmarks/benchmarks/cifar100_2024/vnnlib/CIFAR100_resnet_medium_prop_idx_3247_sidx_1605_eps_0.0039.vnnlib,21.989188733,unsat False,14.680126667022703
cifar100_2024,vnncomp2025_benchmarks/benchmarks/cifar100_2024/onnx/CIFAR100_resnet_medium.onnx,vnncomp2025_benchmarks/benchmarks/cifar100_2024/vnnlib/CIFAR100_resnet_medium_prop_idx_2557_sidx_6196_eps_0.0039.vnnlib,22.032921507,unsat False,13.239323616027832
cifar100_2024,vnncomp2025_benchmarks/benchmarks/cifar100_2024/onnx/CIFAR100_resnet_medium.onnx,vnncomp2025_benchmarks/benchmarks/cifar100_2024/vnnlib/CIFAR100_resnet_medium_prop_idx_4191_sidx_3301_eps_0.0039.vnnlib,21.993261352,unsat True,6.817682504653931
cifar100_2024,vnncomp2025_benchmarks/benchmarks/cifar100_2024/onnx/CIFAR100_resnet_medium.onnx,vnncomp2025_benchmarks/benchmarks/cifar100_2024/vnnlib/CIFAR100_resnet_medium_prop_idx_2697_sidx_4836_eps_0.0039.vnnlib,22.048366126,sat True,4.552342414855957
cifar100_2024,vnncomp2025_benchmarks/benchmarks/cifar100_2024/onnx/CIFAR100_resnet_medium.onnx,vnncomp2025_benchmarks/benchmarks/cifar100_2024/vnnlib/CIFAR100_resnet_medium_prop_idx_9665_sidx_9074_eps_0.0039.vnnlib,21.96293707,unsat False,10.381392478942873
cifar100_2024,vnncomp2025_benchmarks/benchmarks/cifar100_2024/onnx/CIFAR100_resnet_medium.onnx,vnncomp2025_benchmarks/benchmarks/cifar100_2024/vnnlib/CIFAR100_resnet_medium_prop_idx_9518_sidx_9183_eps_0.0039.vnnlib,21.985011295,timeout False,103.63004803657532
cifar100_2024,vnncomp2025_benchmarks/benchmarks/cifar100_2024/onnx/CIFAR100_resnet_medium.onnx,vnncomp2025_benchmarks/benchmarks/cifar100_2024/vnnlib/CIFAR100_resnet_medium_prop_idx_5973_sidx_7841_eps_0.0039.vnnlib,22.0383722,unsat True,3.9218034744262695
cifar100_2024,vnncomp2025_benchmarks/benchmarks/cifar100_2024/onnx/CIFAR100_resnet_medium.onnx,vnncomp2025_benchmarks/benchmarks/cifar100_2024/vnnlib/CIFAR100_resnet_medium_prop_idx_9845_sidx_200_eps_0.0039.vnnlib,21.858753709,sat True,4.1465301513671875
cifar100_2024,vnncomp2025_benchmarks/benchmarks/cifar100_2024/onnx/CIFAR100_resnet_medium.onnx,vnncomp2025_benchmarks/benchmarks/cifar100_2024/vnnlib/CIFAR100_resnet_medium_prop_idx_2779_sidx_6416_eps_0.0039.vnnlib,21.88139089,unsat False,27.830090045928955
cifar100_2024,vnncomp2025_benchmarks/benchmarks/cifar100_2024/onnx/CIFAR100_resnet_medium.onnx,vnncomp2025_benchmarks/benchmarks/cifar100_2024/vnnlib/CIFAR100_resnet_medium_prop_idx_6292_sidx_5430_eps_0.0039.vnnlib,22.023177125,unsat False,34.44753861427307
cifar100_2024,vnncomp2025_benchmarks/benchmarks/cifar100_2024/onnx/CIFAR100_resnet_medium.onnx,vnncomp2025_benchmarks/benchmarks/cifar100_2024/vnnlib/CIFAR100_resnet_medium_prop_idx_8642_sidx_9095_eps_0.0039.vnnlib,21.958483281,unsat False,11.655524492263794
cifar100_2024,vnncomp2025_benchmarks/benchmarks/cifar100_2024/onnx/CIFAR100_resnet_medium.onnx,vnncomp2025_benchmarks/benchmarks/cifar100_2024/vnnlib/CIFAR100_resnet_medium_prop_idx_6049_sidx_4719_eps_0.0039.vnnlib,22.000813638,sat True,4.352196216583252
cifar100_2024,vnncomp2025_benchmarks/benchmarks/cifar100_2024/onnx/CIFAR100_resnet_medium.onnx,vnncomp2025_benchmarks/benchmarks/cifar100_2024/vnnlib/CIFAR100_resnet_medium_prop_idx_8739_sidx_1540_eps_0.0039.vnnlib,21.924487083,unsat True,3.4764511585235596
cifar100_2024,vnncomp2025_benchmarks/benchmarks/cifar100_2024/onnx/CIFAR100_resnet_medium.onnx,vnncomp2025_benchmarks/benchmarks/cifar100_2024/vnnlib/CIFAR100_resnet_medium_prop_idx_7034_sidx_4129_eps_0.0039.vnnlib,21.908745477,unsat False,12.513208627700806
cifar100_2024,vnncomp2025_benchmarks/benchmarks/cifar100_2024/onnx/CIFAR100_resnet_medium.onnx,vnncomp2025_benchmarks/benchmarks/cifar100_2024/vnnlib/CIFAR100_resnet_medium_prop_idx_1498_sidx_792_eps_0.0039.vnnlib,21.923373963,unsat True,3.5259602069854736
cifar100_2024,vnncomp2025_benchmarks/benchmarks/cifar100_2024/onnx/CIFAR100_resnet_medium.onnx,vnncomp2025_benchmarks/benchmarks/cifar100_2024/vnnlib/CIFAR100_resnet_medium_prop_idx_3898_sidx_9109_eps_0.0039.vnnlib,21.901100855,unsat False,37.25961637496948
cifar100_2024,vnncomp2025_benchmarks/benchmarks/cifar100_2024/onnx/CIFAR100_resnet_medium.onnx,vnncomp2025_benchmarks/benchmarks/cifar100_2024/vnnlib/CIFAR100_resnet_medium_prop_idx_854_sidx_6893_eps_0.0039.vnnlib,22.032853429,unsat False,11.126094341278076
cifar100_2024,vnncomp2025_benchmarks/benchmarks/cifar100_2024/onnx/CIFAR100_resnet_medium.onnx,vnncomp2025_benchmarks/benchmarks/cifar100_2024/vnnlib/CIFAR100_resnet_medium_prop_idx_9502_sidx_7197_eps_0.0039.vnnlib,21.989982792,unsat False,10.38432765007019
cifar100_2024,vnncomp2025_benchmarks/benchmarks/cifar100_2024/onnx/CIFAR100_resnet_medium.onnx,vnncomp2025_benchmarks/benchmarks/cifar100_2024/vnnlib/CIFAR100_resnet_medium_prop_idx_2551_sidx_9941_eps_0.0039.vnnlib,21.88131692,unsat True,3.4641950130462646
cifar100_2024,vnncomp2025_benchmarks/benchmarks/cifar100_2024/onnx/CIFAR100_resnet_medium.onnx,vnncomp2025_benchmarks/benchmarks/cifar100_2024/vnnlib/CIFAR100_resnet_medium_prop_idx_7658_sidx_1537_eps_0.0039.vnnlib,21.895339452,timeout False,103.16356778144836
cifar100_2024,vnncomp2025_benchmarks/benchmarks/cifar100_2024/onnx/CIFAR100_resnet_medium.onnx,vnncomp2025_benchmarks/benchmarks/cifar100_2024/vnnlib/CIFAR100_resnet_medium_prop_idx_9726_sidx_4400_eps_0.0039.vnnlib,22.055237251,unsat False,16.42280340194702
cifar100_2024,vnncomp2025_benchmarks/benchmarks/cifar100_2024/onnx/CIFAR100_resnet_medium.onnx,vnncomp2025_benchmarks/benchmarks/cifar100_2024/vnnlib/CIFAR100_resnet_medium_prop_idx_9313_sidx_6462_eps_0.0039.vnnlib,22.0124357,unsat False,22.181360483169556
cifar100_2024,vnncomp2025_benchmarks/benchmarks/cifar100_2024/onnx/CIFAR100_resnet_medium.onnx,vnncomp2025_benchmarks/benchmarks/cifar100_2024/vnnlib/CIFAR100_resnet_medium_prop_idx_815_sidx_1902_eps_0.0039.vnnlib,21.95531377,unsat True,6.5782012939453125
cifar100_2024,vnncomp2025_benchmarks/benchmarks/cifar100_2024/onnx/CIFAR100_resnet_medium.onnx,vnncomp2025_benchmarks/benchmarks/cifar100_2024/vnnlib/CIFAR100_resnet_medium_prop_idx_6491_sidx_3620_eps_0.0039.vnnlib,21.866949421,unsat False,26.70107054710388
cifar100_2024,vnncomp2025_benchmarks/benchmarks/cifar100_2024/onnx/CIFAR100_resnet_medium.onnx,vnncomp2025_benchmarks/benchmarks/cifar100_2024/vnnlib/CIFAR100_resnet_medium_prop_idx_4605_sidx_6225_eps_0.0039.vnnlib,22.056170319,unsat True,4.2271153926849365
cifar100_2024,vnncomp2025_benchmarks/benchmarks/cifar100_2024/onnx/CIFAR100_resnet_medium.onnx,vnncomp2025_benchmarks/benchmarks/cifar100_2024/vnnlib/CIFAR100_resnet_medium_prop_idx_2352_sidx_2704_eps_0.0039.vnnlib,21.909977411,timeout False,101.7067551612854
cifar100_2024,vnncomp2025_benchmarks/benchmarks/cifar100_2024/onnx/CIFAR100_resnet_medium.onnx,vnncomp2025_benchmarks/benchmarks/cifar100_2024/vnnlib/CIFAR100_resnet_medium_prop_idx_1642_sidx_7494_eps_0.0039.vnnlib,21.986425767,unsat True,3.9175808429718018
cifar100_2024,vnncomp2025_benchmarks/benchmarks/cifar100_2024/onnx/CIFAR100_resnet_medium.onnx,vnncomp2025_benchmarks/benchmarks/cifar100_2024/vnnlib/CIFAR100_resnet_medium_prop_idx_8502_sidx_2893_eps_0.0039.vnnlib,21.907764569,unsat False,9.260675191879272
cifar100_2024,vnncomp2025_benchmarks/benchmarks/cifar100_2024/onnx/CIFAR100_resnet_medium.onnx,vnncomp2025_benchmarks/benchmarks/cifar100_2024/vnnlib/CIFAR100_resnet_medium_prop_idx_4964_sidx_5266_eps_0.0039.vnnlib,21.992180184,unsat False,10.2149498462677
cifar100_2024,vnncomp2025_benchmarks/benchmarks/cifar100_2024/onnx/CIFAR100_resnet_medium.onnx,vnncomp2025_benchmarks/benchmarks/cifar100_2024/vnnlib/CIFAR100_resnet_medium_prop_idx_6369_sidx_8824_eps_0.0039.vnnlib,21.936690164,unsat True,6.811906337738037
cifar100_2024,vnncomp2025_benchmarks/benchmarks/cifar100_2024/onnx/CIFAR100_resnet_medium.onnx,vnncomp2025_benchmarks/benchmarks/cifar100_2024/vnnlib/CIFAR100_resnet_medium_prop_idx_966_sidx_2330_eps_0.0039.vnnlib,21.9530015,unsat True,5.650444984436035
cifar100_2024,vnncomp2025_benchmarks/benchmarks/cifar100_2024/onnx/CIFAR100_resnet_medium.onnx,vnncomp2025_benchmarks/benchmarks/cifar100_2024/vnnlib/CIFAR100_resnet_medium_prop_idx_9162_sidx_4337_eps_0.0039.vnnlib,21.99979921,unsat False,14.73684811592102
cifar100_2024,vnncomp2025_benchmarks/benchmarks/cifar100_2024/onnx/CIFAR100_resnet_medium.onnx,vnncomp2025_benchmarks/benchmarks/cifar100_2024/vnnlib/CIFAR100_resnet_medium_prop_idx_425_sidx_9099_eps_0.0039.vnnlib,21.975542924,timeout False,102.02715539932252
cifar100_2024,vnncomp2025_benchmarks/benchmarks/cifar100_2024/onnx/CIFAR100_resnet_medium.onnx,vnncomp2025_benchmarks/benchmarks/cifar100_2024/vnnlib/CIFAR100_resnet_medium_prop_idx_4898_sidx_6695_eps_0.0039.vnnlib,21.962876583,unsat False,12.36189889907837
cifar100_2024,vnncomp2025_benchmarks/benchmarks/cifar100_2024/onnx/CIFAR100_resnet_medium.onnx,vnncomp2025_benchmarks/benchmarks/cifar100_2024/vnnlib/CIFAR100_resnet_medium_prop_idx_7500_sidx_40_eps_0.0039.vnnlib,22.023691103,unsat False,12.03649377822876
cifar100_2024,vnncomp2025_benchmarks/benchmarks/cifar100_2024/onnx/CIFAR100_resnet_medium.onnx,vnncomp2025_benchmarks/benchmarks/cifar100_2024/vnnlib/CIFAR100_resnet_medium_prop_idx_7176_sidx_1522_eps_0.0039.vnnlib,21.893160672,unsat True,4.4210898876190186
cifar100_2024,vnncomp2025_benchmarks/benchmarks/cifar100_2024/onnx/CIFAR100_resnet_medium.onnx,vnncomp2025_benchmarks/benchmarks/cifar100_2024/vnnlib/CIFAR100_resnet_medium_prop_idx_2050_sidx_8228_eps_0.0039.vnnlib,21.881891851,unsat True,6.704602003097534
cifar100_2024,vnncomp2025_benchmarks/benchmarks/cifar100_2024/onnx/CIFAR100_resnet_medium.onnx,vnncomp2025_benchmarks/benchmarks/cifar100_2024/vnnlib/CIFAR100_resnet_medium_prop_idx_7470_sidx_4555_eps_0.0039.vnnlib,22.062718543,unsat False,70.14085364341736
cifar100_2024,vnncomp2025_benchmarks/benchmarks/cifar100_2024/onnx/CIFAR100_resnet_medium.onnx,vnncomp2025_benchmarks/benchmarks/cifar100_2024/vnnlib/CIFAR100_resnet_medium_prop_idx_5797_sidx_6343_eps_0.0039.vnnlib,21.949050712,unsat False,10.560147047042848
cifar100_2024,vnncomp2025_benchmarks/benchmarks/cifar100_2024/onnx/CIFAR100_resnet_medium.onnx,vnncomp2025_benchmarks/benchmarks/cifar100_2024/vnnlib/CIFAR100_resnet_medium_prop_idx_5894_sidx_5577_eps_0.0039.vnnlib,22.028877649,sat True,5.225527048110962
cifar100_2024,vnncomp2025_benchmarks/benchmarks/cifar100_2024/onnx/CIFAR100_resnet_medium.onnx,vnncomp2025_benchmarks/benchmarks/cifar100_2024/vnnlib/CIFAR100_resnet_medium_prop_idx_3852_sidx_2848_eps_0.0039.vnnlib,21.921915351,unsat False,9.316386938095093
cifar100_2024,vnncomp2025_benchmarks/benchmarks/cifar100_2024/onnx/CIFAR100_resnet_medium.onnx,vnncomp2025_benchmarks/benchmarks/cifar100_2024/vnnlib/CIFAR100_resnet_medium_prop_idx_2925_sidx_8815_eps_0.0039.vnnlib,22.067842323,unsat False,10.40181827545166
cifar100_2024,vnncomp2025_benchmarks/benchmarks/cifar100_2024/onnx/CIFAR100_resnet_large.onnx,vnncomp2025_benchmarks/benchmarks/cifar100_2024/vnnlib/CIFAR100_resnet_large_prop_idx_496_sidx_1194_eps_0.0039.vnnlib,28.200184309,unsat True,4.508435010910034
cifar100_2024,vnncomp2025_benchmarks/benchmarks/cifar100_2024/onnx/CIFAR100_resnet_large.onnx,vnncomp2025_benchmarks/benchmarks/cifar100_2024/vnnlib/CIFAR100_resnet_large_prop_idx_4385_sidx_9116_eps_0.0039.vnnlib,22.32868172,unsat True,4.01598048210144
cifar100_2024,vnncomp2025_benchmarks/benchmarks/cifar100_2024/onnx/CIFAR100_resnet_large.onnx,vnncomp2025_benchmarks/benchmarks/cifar100_2024/vnnlib/CIFAR100_resnet_large_prop_idx_5308_sidx_1650_eps_0.0039.vnnlib,22.265990785,unsat True,2.7307119369506836
cifar100_2024,vnncomp2025_benchmarks/benchmarks/cifar100_2024/onnx/CIFAR100_resnet_large.onnx,vnncomp2025_benchmarks/benchmarks/cifar100_2024/vnnlib/CIFAR100_resnet_large_prop_idx_4757_sidx_803_eps_0.0039.vnnlib,22.194892754,unsat True,2.939840078353882
cifar100_2024,vnncomp2025_benchmarks/benchmarks/cifar100_2024/onnx/CIFAR100_resnet_large.onnx,vnncomp2025_benchmarks/benchmarks/cifar100_2024/vnnlib/CIFAR100_resnet_large_prop_idx_4227_sidx_5883_eps_0.0039.vnnlib,22.24125872,unsat False,55.8311915397644
cifar100_2024,vnncomp2025_benchmarks/benchmarks/cifar100_2024/onnx/CIFAR100_resnet_large.onnx,vnncomp2025_benchmarks/benchmarks/cifar100_2024/vnnlib/CIFAR100_resnet_large_prop_idx_8589_sidx_3105_eps_0.0039.vnnlib,22.254854511,unsat False,15.921287298202516
cifar100_2024,vnncomp2025_benchmarks/benchmarks/cifar100_2024/onnx/CIFAR100_resnet_large.onnx,vnncomp2025_benchmarks/benchmarks/cifar100_2024/vnnlib/CIFAR100_resnet_large_prop_idx_8476_sidx_3906_eps_0.0039.vnnlib,22.217878073,timeout False,103.46459817886353
cifar100_2024,vnncomp2025_benchmarks/benchmarks/cifar100_2024/onnx/CIFAR100_resnet_large.onnx,vnncomp2025_benchmarks/benchmarks/cifar100_2024/vnnlib/CIFAR100_resnet_large_prop_idx_1456_sidx_5797_eps_0.0039.vnnlib,22.23356749,unsat False,13.54268717765808
cifar100_2024,vnncomp2025_benchmarks/benchmarks/cifar100_2024/onnx/CIFAR100_resnet_large.onnx,vnncomp2025_benchmarks/benchmarks/cifar100_2024/vnnlib/CIFAR100_resnet_large_prop_idx_998_sidx_7605_eps_0.0039.vnnlib,22.176768441,unsat True,3.3310179710388184
cifar100_2024,vnncomp2025_benchmarks/benchmarks/cifar100_2024/onnx/CIFAR100_resnet_large.onnx,vnncomp2025_benchmarks/benchmarks/cifar100_2024/vnnlib/CIFAR100_resnet_large_prop_idx_9778_sidx_7516_eps_0.0039.vnnlib,22.285403574,timeout False,103.72677755355836
cifar100_2024,vnncomp2025_benchmarks/benchmarks/cifar100_2024/onnx/CIFAR100_resnet_large.onnx,vnncomp2025_benchmarks/benchmarks/cifar100_2024/vnnlib/CIFAR100_resnet_large_prop_idx_1063_sidx_7948_eps_0.0039.vnnlib,22.327414754,unsat True,3.157250165939331
cifar100_2024,vnncomp2025_benchmarks/benchmarks/cifar100_2024/onnx/CIFAR100_resnet_large.onnx,vnncomp2025_benchmarks/benchmarks/cifar100_2024/vnnlib/CIFAR100_resnet_large_prop_idx_1426_sidx_3855_eps_0.0039.vnnlib,22.11211119,unsat True,5.736374378204346
cifar100_2024,vnncomp2025_benchmarks/benchmarks/cifar100_2024/onnx/CIFAR100_resnet_large.onnx,vnncomp2025_benchmarks/benchmarks/cifar100_2024/vnnlib/CIFAR100_resnet_large_prop_idx_3355_sidx_212_eps_0.0039.vnnlib,22.217307153,unsat False,11.8235445022583
cifar100_2024,vnncomp2025_benchmarks/benchmarks/cifar100_2024/onnx/CIFAR100_resnet_large.onnx,vnncomp2025_benchmarks/benchmarks/cifar100_2024/vnnlib/CIFAR100_resnet_large_prop_idx_1439_sidx_8354_eps_0.0039.vnnlib,22.247021315,unsat True,3.825707912445069
cifar100_2024,vnncomp2025_benchmarks/benchmarks/cifar100_2024/onnx/CIFAR100_resnet_large.onnx,vnncomp2025_benchmarks/benchmarks/cifar100_2024/vnnlib/CIFAR100_resnet_large_prop_idx_3585_sidx_3469_eps_0.0039.vnnlib,22.086710811,unsat False,20.66419243812561
cifar100_2024,vnncomp2025_benchmarks/benchmarks/cifar100_2024/onnx/CIFAR100_resnet_large.onnx,vnncomp2025_benchmarks/benchmarks/cifar100_2024/vnnlib/CIFAR100_resnet_large_prop_idx_2636_sidx_1992_eps_0.0039.vnnlib,22.199834889,timeout False,105.6512415409088
cifar100_2024,vnncomp2025_benchmarks/benchmarks/cifar100_2024/onnx/CIFAR100_resnet_large.onnx,vnncomp2025_benchmarks/benchmarks/cifar100_2024/vnnlib/CIFAR100_resnet_large_prop_idx_6101_sidx_3593_eps_0.0039.vnnlib,22.211976269,unsat True,7.915723562240601
cifar100_2024,vnncomp2025_benchmarks/benchmarks/cifar100_2024/onnx/CIFAR100_resnet_large.onnx,vnncomp2025_benchmarks/benchmarks/cifar100_2024/vnnlib/CIFAR100_resnet_large_prop_idx_1059_sidx_6596_eps_0.0039.vnnlib,22.236707554,timeout False,102.4068534374237
cifar100_2024,vnncomp2025_benchmarks/benchmarks/cifar100_2024/onnx/CIFAR100_resnet_large.onnx,vnncomp2025_benchmarks/benchmarks/cifar100_2024/vnnlib/CIFAR100_resnet_large_prop_idx_9773_sidx_3718_eps_0.0039.vnnlib,22.281835916,sat True,6.175099849700928
cifar100_2024,vnncomp2025_benchmarks/benchmarks/cifar100_2024/onnx/CIFAR100_resnet_large.onnx,vnncomp2025_benchmarks/benchmarks/cifar100_2024/vnnlib/CIFAR100_resnet_large_prop_idx_7890_sidx_4421_eps_0.0039.vnnlib,22.121170119,sat True,5.438366413116455
cifar100_2024,vnncomp2025_benchmarks/benchmarks/cifar100_2024/onnx/CIFAR100_resnet_large.onnx,vnncomp2025_benchmarks/benchmarks/cifar100_2024/vnnlib/CIFAR100_resnet_large_prop_idx_2993_sidx_2485_eps_0.0039.vnnlib,22.163336086,unsat True,3.707141637802124
cifar100_2024,vnncomp2025_benchmarks/benchmarks/cifar100_2024/onnx/CIFAR100_resnet_large.onnx,vnncomp2025_benchmarks/benchmarks/cifar100_2024/vnnlib/CIFAR100_resnet_large_prop_idx_1105_sidx_9000_eps_0.0039.vnnlib,22.17991703,unsat False,21.565792560577393
cifar100_2024,vnncomp2025_benchmarks/benchmarks/cifar100_2024/onnx/CIFAR100_resnet_large.onnx,vnncomp2025_benchmarks/benchmarks/cifar100_2024/vnnlib/CIFAR100_resnet_large_prop_idx_383_sidx_3388_eps_0.0039.vnnlib,22.220003753,timeout False,103.8106243610382
cifar100_2024,vnncomp2025_benchmarks/benchmarks/cifar100_2024/onnx/CIFAR100_resnet_large.onnx,vnncomp2025_benchmarks/benchmarks/cifar100_2024/vnnlib/CIFAR100_resnet_large_prop_idx_6341_sidx_3142_eps_0.0039.vnnlib,22.214294659,unsat False,12.532098293304443
cifar100_2024,vnncomp2025_benchmarks/benchmarks/cifar100_2024/onnx/CIFAR100_resnet_large.onnx,vnncomp2025_benchmarks/benchmarks/cifar100_2024/vnnlib/CIFAR100_resnet_large_prop_idx_2132_sidx_6868_eps_0.0039.vnnlib,22.209745113,sat True,4.76019287109375
cifar100_2024,vnncomp2025_benchmarks/benchmarks/cifar100_2024/onnx/CIFAR100_resnet_large.onnx,vnncomp2025_benchmarks/benchmarks/cifar100_2024/vnnlib/CIFAR100_resnet_large_prop_idx_3443_sidx_918_eps_0.0039.vnnlib,22.12366501,unsat False,13.87500262260437
cifar100_2024,vnncomp2025_benchmarks/benchmarks/cifar100_2024/onnx/CIFAR100_resnet_large.onnx,vnncomp2025_benchmarks/benchmarks/cifar100_2024/vnnlib/CIFAR100_resnet_large_prop_idx_8119_sidx_972_eps_0.0039.vnnlib,22.246439674,unsat False,14.582796335220335
cifar100_2024,vnncomp2025_benchmarks/benchmarks/cifar100_2024/onnx/CIFAR100_resnet_large.onnx,vnncomp2025_benchmarks/benchmarks/cifar100_2024/vnnlib/CIFAR100_resnet_large_prop_idx_484_sidx_161_eps_0.0039.vnnlib,22.213253346,unsat True,2.868937730789185
cifar100_2024,vnncomp2025_benchmarks/benchmarks/cifar100_2024/onnx/CIFAR100_resnet_large.onnx,vnncomp2025_benchmarks/benchmarks/cifar100_2024/vnnlib/CIFAR100_resnet_large_prop_idx_62_sidx_313_eps_0.0039.vnnlib,22.277855881,unsat True,5.793411493301392
cifar100_2024,vnncomp2025_benchmarks/benchmarks/cifar100_2024/onnx/CIFAR100_resnet_large.onnx,vnncomp2025_benchmarks/benchmarks/cifar100_2024/vnnlib/CIFAR100_resnet_large_prop_idx_6269_sidx_6873_eps_0.0039.vnnlib,22.276910393,unsat True,7.0057454109191895
cifar100_2024,vnncomp2025_benchmarks/benchmarks/cifar100_2024/onnx/CIFAR100_resnet_large.onnx,vnncomp2025_benchmarks/benchmarks/cifar100_2024/vnnlib/CIFAR100_resnet_large_prop_idx_3703_sidx_3842_eps_0.0039.vnnlib,22.235860101,unsat False,21.77152371406555
cifar100_2024,vnncomp2025_benchmarks/benchmarks/cifar100_2024/onnx/CIFAR100_resnet_large.onnx,vnncomp2025_benchmarks/benchmarks/cifar100_2024/vnnlib/CIFAR100_resnet_large_prop_idx_2998_sidx_6947_eps_0.0039.vnnlib,22.242249507,unsat False,13.033292770385742
cifar100_2024,vnncomp2025_benchmarks/benchmarks/cifar100_2024/onnx/CIFAR100_resnet_large.onnx,vnncomp2025_benchmarks/benchmarks/cifar100_2024/vnnlib/CIFAR100_resnet_large_prop_idx_7926_sidx_589_eps_0.0039.vnnlib,22.270736743,unsat True,5.1057446002960205
cifar100_2024,vnncomp2025_benchmarks/benchmarks/cifar100_2024/onnx/CIFAR100_resnet_large.onnx,vnncomp2025_benchmarks/benchmarks/cifar100_2024/vnnlib/CIFAR100_resnet_large_prop_idx_3681_sidx_4987_eps_0.0039.vnnlib,22.208866843,unsat False,15.102634191513062
cifar100_2024,vnncomp2025_benchmarks/benchmarks/cifar100_2024/onnx/CIFAR100_resnet_large.onnx,vnncomp2025_benchmarks/benchmarks/cifar100_2024/vnnlib/CIFAR100_resnet_large_prop_idx_5410_sidx_2762_eps_0.0039.vnnlib,22.227723298,unsat True,7.070870399475098
cifar100_2024,vnncomp2025_benchmarks/benchmarks/cifar100_2024/onnx/CIFAR100_resnet_large.onnx,vnncomp2025_benchmarks/benchmarks/cifar100_2024/vnnlib/CIFAR100_resnet_large_prop_idx_1280_sidx_5310_eps_0.0039.vnnlib,22.225836285,unsat True,3.0927188396453857
cifar100_2024,vnncomp2025_benchmarks/benchmarks/cifar100_2024/onnx/CIFAR100_resnet_large.onnx,vnncomp2025_benchmarks/benchmarks/cifar100_2024/vnnlib/CIFAR100_resnet_large_prop_idx_7233_sidx_4318_eps_0.0039.vnnlib,22.232543049,unsat False,85.93046832084656
cifar100_2024,vnncomp2025_benchmarks/benchmarks/cifar100_2024/onnx/CIFAR100_resnet_large.onnx,vnncomp2025_benchmarks/benchmarks/cifar100_2024/vnnlib/CIFAR100_resnet_large_prop_idx_2724_sidx_6459_eps_0.0039.vnnlib,22.173091355,unsat True,2.9883337020874023
cifar100_2024,vnncomp2025_benchmarks/benchmarks/cifar100_2024/onnx/CIFAR100_resnet_large.onnx,vnncomp2025_benchmarks/benchmarks/cifar100_2024/vnnlib/CIFAR100_resnet_large_prop_idx_3894_sidx_5803_eps_0.0039.vnnlib,22.300827575,unsat True,6.140233278274536
cifar100_2024,vnncomp2025_benchmarks/benchmarks/cifar100_2024/onnx/CIFAR100_resnet_large.onnx,vnncomp2025_benchmarks/benchmarks/cifar100_2024/vnnlib/CIFAR100_resnet_large_prop_idx_3858_sidx_134_eps_0.0039.vnnlib,22.262399129,unsat False,11.942280530929564
cifar100_2024,vnncomp2025_benchmarks/benchmarks/cifar100_2024/onnx/CIFAR100_resnet_large.onnx,vnncomp2025_benchmarks/benchmarks/cifar100_2024/vnnlib/CIFAR100_resnet_large_prop_idx_8005_sidx_2582_eps_0.0039.vnnlib,22.180725,unsat True,4.112319231033325
cifar100_2024,vnncomp2025_benchmarks/benchmarks/cifar100_2024/onnx/CIFAR100_resnet_large.onnx,vnncomp2025_benchmarks/benchmarks/cifar100_2024/vnnlib/CIFAR100_resnet_large_prop_idx_1298_sidx_33_eps_0.0039.vnnlib,22.220444562,unsat True,7.654798030853272
cifar100_2024,vnncomp2025_benchmarks/benchmarks/cifar100_2024/onnx/CIFAR100_resnet_large.onnx,vnncomp2025_benchmarks/benchmarks/cifar100_2024/vnnlib/CIFAR100_resnet_large_prop_idx_9935_sidx_75_eps_0.0039.vnnlib,22.18436557,timeout False,107.18111157417296
cifar100_2024,vnncomp2025_benchmarks/benchmarks/cifar100_2024/onnx/CIFAR100_resnet_large.onnx,vnncomp2025_benchmarks/benchmarks/cifar100_2024/vnnlib/CIFAR100_resnet_large_prop_idx_276_sidx_476_eps_0.0039.vnnlib,22.265529007,unsat False,15.08183455467224
cifar100_2024,vnncomp2025_benchmarks/benchmarks/cifar100_2024/onnx/CIFAR100_resnet_large.onnx,vnncomp2025_benchmarks/benchmarks/cifar100_2024/vnnlib/CIFAR100_resnet_large_prop_idx_1913_sidx_2767_eps_0.0039.vnnlib,22.360649918,unsat False,58.291539669036865
cifar100_2024,vnncomp2025_benchmarks/benchmarks/cifar100_2024/onnx/CIFAR100_resnet_large.onnx,vnncomp2025_benchmarks/benchmarks/cifar100_2024/vnnlib/CIFAR100_resnet_large_prop_idx_1309_sidx_8525_eps_0.0039.vnnlib,22.365272147,unsat False,14.957812786102297
cifar100_2024,vnncomp2025_benchmarks/benchmarks/cifar100_2024/onnx/CIFAR100_resnet_large.onnx,vnncomp2025_benchmarks/benchmarks/cifar100_2024/vnnlib/CIFAR100_resnet_large_prop_idx_4862_sidx_9853_eps_0.0039.vnnlib,22.305765664,timeout False,101.62481021881104
cifar100_2024,vnncomp2025_benchmarks/benchmarks/cifar100_2024/onnx/CIFAR100_resnet_large.onnx,vnncomp2025_benchmarks/benchmarks/cifar100_2024/vnnlib/CIFAR100_resnet_large_prop_idx_7554_sidx_8201_eps_0.0039.vnnlib,22.228921973,unsat True,2.7124440670013428
cifar100_2024,vnncomp2025_benchmarks/benchmarks/cifar100_2024/onnx/CIFAR100_resnet_large.onnx,vnncomp2025_benchmarks/benchmarks/cifar100_2024/vnnlib/CIFAR100_resnet_large_prop_idx_4571_sidx_3801_eps_0.0039.vnnlib,22.178518264,sat True,5.617494106292725
cifar100_2024,vnncomp2025_benchmarks/benchmarks/cifar100_2024/onnx/CIFAR100_resnet_large.onnx,vnncomp2025_benchmarks/benchmarks/cifar100_2024/vnnlib/CIFAR100_resnet_large_prop_idx_5769_sidx_1524_eps_0.0039.vnnlib,22.099045616,unsat False,11.863782167434692
cifar100_2024,vnncomp2025_benchmarks/benchmarks/cifar100_2024/onnx/CIFAR100_resnet_large.onnx,vnncomp2025_benchmarks/benchmarks/cifar100_2024/vnnlib/CIFAR100_resnet_large_prop_idx_8748_sidx_4804_eps_0.0039.vnnlib,22.29460386,unsat True,7.936649799346924
cifar100_2024,vnncomp2025_benchmarks/benchmarks/cifar100_2024/onnx/CIFAR100_resnet_large.onnx,vnncomp2025_benchmarks/benchmarks/cifar100_2024/vnnlib/CIFAR100_resnet_large_prop_idx_3950_sidx_4217_eps_0.0039.vnnlib,22.192233002,unsat True,4.35186243057251
cifar100_2024,vnncomp2025_benchmarks/benchmarks/cifar100_2024/onnx/CIFAR100_resnet_large.onnx,vnncomp2025_benchmarks/benchmarks/cifar100_2024/vnnlib/CIFAR100_resnet_large_prop_idx_7886_sidx_7064_eps_0.0039.vnnlib,22.205507619,unsat False,11.611445665359495
cifar100_2024,vnncomp2025_benchmarks/benchmarks/cifar100_2024/onnx/CIFAR100_resnet_large.onnx,vnncomp2025_benchmarks/benchmarks/cifar100_2024/vnnlib/CIFAR100_resnet_large_prop_idx_4652_sidx_1371_eps_0.0039.vnnlib,22.191204615,unsat False,12.107817888259888
cifar100_2024,vnncomp2025_benchmarks/benchmarks/cifar100_2024/onnx/CIFAR100_resnet_large.onnx,vnncomp2025_benchmarks/benchmarks/cifar100_2024/vnnlib/CIFAR100_resnet_large_prop_idx_1938_sidx_6556_eps_0.0039.vnnlib,22.258383045,unsat True,6.966653347015381
cifar100_2024,vnncomp2025_benchmarks/benchmarks/cifar100_2024/onnx/CIFAR100_resnet_large.onnx,vnncomp2025_benchmarks/benchmarks/cifar100_2024/vnnlib/CIFAR100_resnet_large_prop_idx_8332_sidx_4482_eps_0.0039.vnnlib,22.22179473,sat True,4.726130247116089
cifar100_2024,vnncomp2025_benchmarks/benchmarks/cifar100_2024/onnx/CIFAR100_resnet_large.onnx,vnncomp2025_benchmarks/benchmarks/cifar100_2024/vnnlib/CIFAR100_resnet_large_prop_idx_2302_sidx_3657_eps_0.0039.vnnlib,22.129174536,unsat True,4.701460123062134
cifar100_2024,vnncomp2025_benchmarks/benchmarks/cifar100_2024/onnx/CIFAR100_resnet_large.onnx,vnncomp2025_benchmarks/benchmarks/cifar100_2024/vnnlib/CIFAR100_resnet_large_prop_idx_7104_sidx_9469_eps_0.0039.vnnlib,22.089224447,unsat False,11.91306471824646
cifar100_2024,vnncomp2025_benchmarks/benchmarks/cifar100_2024/onnx/CIFAR100_resnet_large.onnx,vnncomp2025_benchmarks/benchmarks/cifar100_2024/vnnlib/CIFAR100_resnet_large_prop_idx_2783_sidx_8903_eps_0.0039.vnnlib,22.190686749,timeout False,102.08165836334229
cifar100_2024,vnncomp2025_benchmarks/benchmarks/cifar100_2024/onnx/CIFAR100_resnet_large.onnx,vnncomp2025_benchmarks/benchmarks/cifar100_2024/vnnlib/CIFAR100_resnet_large_prop_idx_6491_sidx_3620_eps_0.0039.vnnlib,22.268975212,unsat False,66.76251602172852
cifar100_2024,vnncomp2025_benchmarks/benchmarks/cifar100_2024/onnx/CIFAR100_resnet_large.onnx,vnncomp2025_benchmarks/benchmarks/cifar100_2024/vnnlib/CIFAR100_resnet_large_prop_idx_5162_sidx_8126_eps_0.0039.vnnlib,22.35103004,timeout False,104.21570920944214
cifar100_2024,vnncomp2025_benchmarks/benchmarks/cifar100_2024/onnx/CIFAR100_resnet_large.onnx,vnncomp2025_benchmarks/benchmarks/cifar100_2024/vnnlib/CIFAR100_resnet_large_prop_idx_8502_sidx_2893_eps_0.0039.vnnlib,22.120285481,unsat False,51.446908950805664
cifar100_2024,vnncomp2025_benchmarks/benchmarks/cifar100_2024/onnx/CIFAR100_resnet_large.onnx,vnncomp2025_benchmarks/benchmarks/cifar100_2024/vnnlib/CIFAR100_resnet_large_prop_idx_3143_sidx_9413_eps_0.0039.vnnlib,22.121013548,unsat True,5.514868974685669
cifar100_2024,vnncomp2025_benchmarks/benchmarks/cifar100_2024/onnx/CIFAR100_resnet_large.onnx,vnncomp2025_benchmarks/benchmarks/cifar100_2024/vnnlib/CIFAR100_resnet_large_prop_idx_656_sidx_2209_eps_0.0039.vnnlib,22.127907084,unsat True,7.534985065460205
cifar100_2024,vnncomp2025_benchmarks/benchmarks/cifar100_2024/onnx/CIFAR100_resnet_large.onnx,vnncomp2025_benchmarks/benchmarks/cifar100_2024/vnnlib/CIFAR100_resnet_large_prop_idx_4322_sidx_9995_eps_0.0039.vnnlib,22.33981054,timeout False,101.69669890403748
cifar100_2024,vnncomp2025_benchmarks/benchmarks/cifar100_2024/onnx/CIFAR100_resnet_large.onnx,vnncomp2025_benchmarks/benchmarks/cifar100_2024/vnnlib/CIFAR100_resnet_large_prop_idx_5804_sidx_1885_eps_0.0039.vnnlib,22.107914818,unsat True,2.977653980255127
cifar100_2024,vnncomp2025_benchmarks/benchmarks/cifar100_2024/onnx/CIFAR100_resnet_large.onnx,vnncomp2025_benchmarks/benchmarks/cifar100_2024/vnnlib/CIFAR100_resnet_large_prop_idx_2630_sidx_1753_eps_0.0039.vnnlib,22.275181607,sat True,6.117844581604004
cifar100_2024,vnncomp2025_benchmarks/benchmarks/cifar100_2024/onnx/CIFAR100_resnet_large.onnx,vnncomp2025_benchmarks/benchmarks/cifar100_2024/vnnlib/CIFAR100_resnet_large_prop_idx_2461_sidx_2912_eps_0.0039.vnnlib,22.123220789,unsat True,4.4681456089019775
cifar100_2024,vnncomp2025_benchmarks/benchmarks/cifar100_2024/onnx/CIFAR100_resnet_large.onnx,vnncomp2025_benchmarks/benchmarks/cifar100_2024/vnnlib/CIFAR100_resnet_large_prop_idx_4486_sidx_8828_eps_0.0039.vnnlib,22.091862509,unsat False,16.146997928619385
cifar100_2024,vnncomp2025_benchmarks/benchmarks/cifar100_2024/onnx/CIFAR100_resnet_large.onnx,vnncomp2025_benchmarks/benchmarks/cifar100_2024/vnnlib/CIFAR100_resnet_large_prop_idx_5810_sidx_7106_eps_0.0039.vnnlib,22.183224559,unsat False,51.501303911209106
cifar100_2024,vnncomp2025_benchmarks/benchmarks/cifar100_2024/onnx/CIFAR100_resnet_large.onnx,vnncomp2025_benchmarks/benchmarks/cifar100_2024/vnnlib/CIFAR100_resnet_large_prop_idx_6343_sidx_1886_eps_0.0039.vnnlib,22.249174325,unsat False,14.068994522094728
cifar100_2024,vnncomp2025_benchmarks/benchmarks/cifar100_2024/onnx/CIFAR100_resnet_large.onnx,vnncomp2025_benchmarks/benchmarks/cifar100_2024/vnnlib/CIFAR100_resnet_large_prop_idx_9640_sidx_7273_eps_0.0039.vnnlib,22.21514102,unsat True,5.080315828323364
cifar100_2024,vnncomp2025_benchmarks/benchmarks/cifar100_2024/onnx/CIFAR100_resnet_large.onnx,vnncomp2025_benchmarks/benchmarks/cifar100_2024/vnnlib/CIFAR100_resnet_large_prop_idx_5522_sidx_5863_eps_0.0039.vnnlib,22.208153915,timeout False,101.06558656692503
cifar100_2024,vnncomp2025_benchmarks/benchmarks/cifar100_2024/onnx/CIFAR100_resnet_large.onnx,vnncomp2025_benchmarks/benchmarks/cifar100_2024/vnnlib/CIFAR100_resnet_large_prop_idx_9460_sidx_4347_eps_0.0039.vnnlib,22.244292219,unsat True,4.410463094711304
cifar100_2024,vnncomp2025_benchmarks/benchmarks/cifar100_2024/onnx/CIFAR100_resnet_large.onnx,vnncomp2025_benchmarks/benchmarks/cifar100_2024/vnnlib/CIFAR100_resnet_large_prop_idx_8865_sidx_700_eps_0.0039.vnnlib,22.229660072,unsat True,3.6408073902130127
cifar100_2024,vnncomp2025_benchmarks/benchmarks/cifar100_2024/onnx/CIFAR100_resnet_large.onnx,vnncomp2025_benchmarks/benchmarks/cifar100_2024/vnnlib/CIFAR100_resnet_large_prop_idx_8395_sidx_8915_eps_0.0039.vnnlib,22.203878245,unsat False,15.141802310943604
cifar100_2024,vnncomp2025_benchmarks/benchmarks/cifar100_2024/onnx/CIFAR100_resnet_large.onnx,vnncomp2025_benchmarks/benchmarks/cifar100_2024/vnnlib/CIFAR100_resnet_large_prop_idx_9883_sidx_7162_eps_0.0039.vnnlib,22.207233474,unsat True,3.1990153789520264
cifar100_2024,vnncomp2025_benchmarks/benchmarks/cifar100_2024/onnx/CIFAR100_resnet_large.onnx,vnncomp2025_benchmarks/benchmarks/cifar100_2024/vnnlib/CIFAR100_resnet_large_prop_idx_3573_sidx_2903_eps_0.0039.vnnlib,22.300224115,unsat True,7.098283290863037
cifar100_2024,vnncomp2025_benchmarks/benchmarks/cifar100_2024/onnx/CIFAR100_resnet_large.onnx,vnncomp2025_benchmarks/benchmarks/cifar100_2024/vnnlib/CIFAR100_resnet_large_prop_idx_6418_sidx_7923_eps_0.0039.vnnlib,22.184477565,unsat False,12.592041492462158
cifar100_2024,vnncomp2025_benchmarks/benchmarks/cifar100_2024/onnx/CIFAR100_resnet_large.onnx,vnncomp2025_benchmarks/benchmarks/cifar100_2024/vnnlib/CIFAR100_resnet_large_prop_idx_2668_sidx_2652_eps_0.0039.vnnlib,22.3095021,unsat True,2.811373472213745
cifar100_2024,vnncomp2025_benchmarks/benchmarks/cifar100_2024/onnx/CIFAR100_resnet_large.onnx,vnncomp2025_benchmarks/benchmarks/cifar100_2024/vnnlib/CIFAR100_resnet_large_prop_idx_1216_sidx_6431_eps_0.0039.vnnlib,22.163903898,unsat False,24.526805877685547
cifar100_2024,vnncomp2025_benchmarks/benchmarks/cifar100_2024/onnx/CIFAR100_resnet_large.onnx,vnncomp2025_benchmarks/benchmarks/cifar100_2024/vnnlib/CIFAR100_resnet_large_prop_idx_6583_sidx_8860_eps_0.0039.vnnlib,22.283057081,sat True,7.066282033920288
cifar100_2024,vnncomp2025_benchmarks/benchmarks/cifar100_2024/onnx/CIFAR100_resnet_large.onnx,vnncomp2025_benchmarks/benchmarks/cifar100_2024/vnnlib/CIFAR100_resnet_large_prop_idx_5546_sidx_4338_eps_0.0039.vnnlib,22.131557013,timeout False,104.95618748664856
cifar100_2024,vnncomp2025_benchmarks/benchmarks/cifar100_2024/onnx/CIFAR100_resnet_large.onnx,vnncomp2025_benchmarks/benchmarks/cifar100_2024/vnnlib/CIFAR100_resnet_large_prop_idx_9845_sidx_200_eps_0.0039.vnnlib,22.240044994,sat True,3.978681087493897
cifar100_2024,vnncomp2025_benchmarks/benchmarks/cifar100_2024/onnx/CIFAR100_resnet_large.onnx,vnncomp2025_benchmarks/benchmarks/cifar100_2024/vnnlib/CIFAR100_resnet_large_prop_idx_8012_sidx_5910_eps_0.0039.vnnlib,22.245281347,unsat True,6.350449323654175
cifar100_2024,vnncomp2025_benchmarks/benchmarks/cifar100_2024/onnx/CIFAR100_resnet_large.onnx,vnncomp2025_benchmarks/benchmarks/cifar100_2024/vnnlib/CIFAR100_resnet_large_prop_idx_7884_sidx_6926_eps_0.0039.vnnlib,22.287687525,unsat True,4.388471364974976
cifar100_2024,vnncomp2025_benchmarks/benchmarks/cifar100_2024/onnx/CIFAR100_resnet_large.onnx,vnncomp2025_benchmarks/benchmarks/cifar100_2024/vnnlib/CIFAR100_resnet_large_prop_idx_8381_sidx_4474_eps_0.0039.vnnlib,22.281361763,unsat True,2.9473822116851807
cifar100_2024,vnncomp2025_benchmarks/benchmarks/cifar100_2024/onnx/CIFAR100_resnet_large.onnx,vnncomp2025_benchmarks/benchmarks/cifar100_2024/vnnlib/CIFAR100_resnet_large_prop_idx_483_sidx_7371_eps_0.0039.vnnlib,22.21780498,unsat True,4.45436429977417
cifar100_2024,vnncomp2025_benchmarks/benchmarks/cifar100_2024/onnx/CIFAR100_resnet_large.onnx,vnncomp2025_benchmarks/benchmarks/cifar100_2024/vnnlib/CIFAR100_resnet_large_prop_idx_7640_sidx_9025_eps_0.0039.vnnlib,22.186287125,unsat False,12.062147617340088
cifar100_2024,vnncomp2025_benchmarks/benchmarks/cifar100_2024/onnx/CIFAR100_resnet_large.onnx,vnncomp2025_benchmarks/benchmarks/cifar100_2024/vnnlib/CIFAR100_resnet_large_prop_idx_5230_sidx_242_eps_0.0039.vnnlib,22.170776349,unsat True,4.441359043121338
cifar100_2024,vnncomp2025_benchmarks/benchmarks/cifar100_2024/onnx/CIFAR100_resnet_large.onnx,vnncomp2025_benchmarks/benchmarks/cifar100_2024/vnnlib/CIFAR100_resnet_large_prop_idx_9476_sidx_5602_eps_0.0039.vnnlib,22.190487671,unsat False,12.203224420547484
cifar100_2024,vnncomp2025_benchmarks/benchmarks/cifar100_2024/onnx/CIFAR100_resnet_large.onnx,vnncomp2025_benchmarks/benchmarks/cifar100_2024/vnnlib/CIFAR100_resnet_large_prop_idx_7866_sidx_7980_eps_0.0039.vnnlib,22.364515914,unsat False,12.20064115524292
cifar100_2024,vnncomp2025_benchmarks/benchmarks/cifar100_2024/onnx/CIFAR100_resnet_large.onnx,vnncomp2025_benchmarks/benchmarks/cifar100_2024/vnnlib/CIFAR100_resnet_large_prop_idx_7436_sidx_5742_eps_0.0039.vnnlib,22.184020603,unsat False,12.410340070724487
cifar100_2024,vnncomp2025_benchmarks/benchmarks/cifar100_2024/onnx/CIFAR100_resnet_large.onnx,vnncomp2025_benchmarks/benchmarks/cifar100_2024/vnnlib/CIFAR100_resnet_large_prop_idx_2624_sidx_917_eps_0.0039.vnnlib,22.28126746,timeout False,105.3259789943695
cifar100_2024,vnncomp2025_benchmarks/benchmarks/cifar100_2024/onnx/CIFAR100_resnet_large.onnx,vnncomp2025_benchmarks/benchmarks/cifar100_2024/vnnlib/CIFAR100_resnet_large_prop_idx_1241_sidx_5679_eps_0.0039.vnnlib,22.252934782,sat True,5.04312539100647
cifar100_2024,vnncomp2025_benchmarks/benchmarks/cifar100_2024/onnx/CIFAR100_resnet_large.onnx,vnncomp2025_benchmarks/benchmarks/cifar100_2024/vnnlib/CIFAR100_resnet_large_prop_idx_3812_sidx_8477_eps_0.0039.vnnlib,22.33927188,unsat False,36.84162187576294
cifar100_2024,vnncomp2025_benchmarks/benchmarks/cifar100_2024/onnx/CIFAR100_resnet_large.onnx,vnncomp2025_benchmarks/benchmarks/cifar100_2024/vnnlib/CIFAR100_resnet_large_prop_idx_9372_sidx_3515_eps_0.0039.vnnlib,22.22252337,unsat True,2.9765570163726807
cifar100_2024,vnncomp2025_benchmarks/benchmarks/cifar100_2024/onnx/CIFAR100_resnet_large.onnx,vnncomp2025_benchmarks/benchmarks/cifar100_2024/vnnlib/CIFAR100_resnet_large_prop_idx_1590_sidx_2858_eps_0.0039.vnnlib,22.224164018,unsat False,12.852480173110962
cifar100_2024,vnncomp2025_benchmarks/benchmarks/cifar100_2024/onnx/CIFAR100_resnet_large.onnx,vnncomp2025_benchmarks/benchmarks/cifar100_2024/vnnlib/CIFAR100_resnet_large_prop_idx_6337_sidx_2381_eps_0.0039.vnnlib,22.294332124,unsat True,3.0802340507507324
cifar100_2024,vnncomp2025_benchmarks/benchmarks/cifar100_2024/onnx/CIFAR100_resnet_large.onnx,vnncomp2025_benchmarks/benchmarks/cifar100_2024/vnnlib/CIFAR100_resnet_large_prop_idx_6757_sidx_2400_eps_0.0039.vnnlib,22.236935097,sat True,5.1764538288116455
cifar100_2024,vnncomp2025_benchmarks/benchmarks/test/onnx/test_nano.onnx,vnncomp2025_benchmarks/benchmarks/test/vnnlib/test_nano.vnnlib,20.339637504,unsat,6.241834496
